ingredient_name_normalized,suggested_food_id,suggested_canonical_name,suggested_display_name,suggested_food_group,suggested_role,source_used,source_row_reference,energy_kcal_100,protein_g_100,carbs_g_100,fat_g_100,frequency_in_v1_1,rows_with_grams,total_grams_affected,example_raw_texts,example_recipes,proposed_action,safety,review_notes
beef,food_beef_steak_or_beef_steak_raw,beef_steak_or_beef_steak_raw,"Beef, steak or beef steak, raw",meat_fish_egg_or_legume,protein,current_fooddb_existing,food_id=food_beef_steak_or_beef_steak_raw,223.0,19.2,0.0,16.2,15,15,8164.65,1 ½ pounds ground beef | 1 pound ground beef | 1 pound lean ground beef | 1 ½ pounds lean ground beef | ½ pound ground beef,Alysia's Basic Meat Lasagna | Polish Stuffed Cabbage | Ground Beef Casserole with Rice | Kelsey's Favorite Stuffed Green Peppers | Linda's Lasagna Recipe,alias_to_existing,needs_review,broad_beef_term_uses_generic_current_raw_beef_steak_candidate
onion,food_yellow_onion_raw,yellow_onion_raw,"Yellow onion, raw",vegetable,veg,current_fooddb_existing,food_id=food_yellow_onion_raw,37.8,1.19,6.39,0.3,73,59,6390,"1 small onion, diced | 1 slice onion, diced | 1 onion, chopped | 1 tablespoon minced onion | 1 onion, sliced into thin rings",Alysia's Basic Meat Lasagna | Spicy Sausage and Rice Casserole | White Chili with Ground Turkey | Ground Beef Casserole with Rice | Stir Fried Pasta with Veggies,alias_to_existing,needs_review,generic_onion_defaults_to_yellow_onion_candidate_for_review
chicken breasts,food_chicken_breast_without_skin_raw,chicken_breast_without_skin_raw,"Chicken, breast, without skin, raw",meat_fish_egg_or_legume,protein,current_fooddb_existing,food_id=food_chicken_breast_without_skin_raw,110.0,23.4,0.0,1.5,6,5,4989.5,"2 pounds boneless, skinless chicken breasts, cut into 1-inch pieces | 2 boneless skinless chicken breasts, bite-size pieces | 1 pound skinless, boneless chicken breasts | 1 pound boneless skinless chicken breasts, cut into strips | 2 pounds boneless chicken breasts",Teriyaki Chicken with Mushrooms and Broccoli | Cold Rice Salad | Lemon Chicken Gnocchi | Garlic Chicken Stir Fry | Hot Honey Feta Chicken Skewers,alias_to_existing,safe_auto,plural_chicken_breasts_to_current_raw_chicken_breast
red potatoes,food_potato_peeled_raw,potato_peeled_raw,"Potato, peeled, raw",cereal_starch_or_legume,carb,current_fooddb_existing,food_id=food_potato_peeled_raw,80.5,2.16,16.2,0.18,4,3,3855.53,"8 red potatoes, cut into chunks | 1 pound red potatoes, cut into 1-inch pieces | 2 ½ pounds red potatoes, diced | 5 pounds red potatoes","Sheet Pan Tilapia and Potatoes | Slow Cooker Chicken Thighs, Green Beans, and Potatoes | Instant Pot Potato and Bacon Soup | American Potato Salad",alias_to_existing,needs_review,red_potato_specific_item_missing_generic_raw_potato_candidate_exists
beef chuck,food_beef_chuck_raw,beef_chuck_raw,"Beef, chuck, raw",meat_fish_egg_or_legume,protein,current_fooddb_existing,food_id=food_beef_chuck_raw,144.0,21.2,0.0,6.54,3,3,3628.74,"4 pounds boneless beef chuck, trimmed and cut into 3/4-inch pieces | 3 pounds ground beef chuck | 1 pound beef chuck, cut into 1/2-inch cubes",Dutch Oven Chili Colorado | Sweet and Sour Stuffed Cabbage | Beef and Butternut Squash Chili,alias_to_existing,safe_auto,current_fooddb_has_beef_chuck_raw
turkey,food_turkey_meat_raw,turkey_meat_raw,"Turkey, meat, raw",meat_fish_egg_or_legume,protein,current_fooddb_existing,food_id=food_turkey_meat_raw,110.0,22.4,0.8,1.88,6,6,3401.93,1 ½ pounds ground turkey | 1 pound ground turkey | 2 pounds lean ground turkey | 1 pound lean ground turkey,White Chili with Ground Turkey | Air Fryer Turkey Stuffed Peppers | Ground Turkey Lettuce Wraps | Amy's Delicious Turkey Burgers | Low-Carb Meatloaf,alias_to_existing,needs_review,generic_turkey_maps_to_existing_turkey_meat_raw_candidate
milk,food_milk_semi_skimmed_pasteurised,milk_semi_skimmed_pasteurised,"Milk, semi-skimmed, pasteurised",dairy,dairy,current_fooddb_existing,food_id=food_milk_semi_skimmed_pasteurised,46.4,3.19,4.9,1.54,15,15,3040,2 tablespoons milk | 1/4 cup milk | 2 cups milk | 1 cup milk | ½ cup milk,Slow Cooker Tuscan Chicken Meatballs with Gnocchi | Italian Meatballs on Parmesan Noodles | Simple Cauliflower Soup | Instant Pot Potato and Bacon Soup | Bacon-Flavored Dog Biscuits,alias_to_existing,needs_review,generic_milk_type_unspecified
shrimp,food_shrimp_or_prawn_raw,shrimp_or_prawn_raw,"Shrimp or prawn, raw",meat_fish_egg_or_legume,protein,current_fooddb_existing,food_id=food_shrimp_or_prawn_raw,99.0,19.7,3.21,0.84,7,6,2608.14,"1 pound shrimp, peeled and deveined | 1 pound large shrimp, peeled and deveined | 2 cups fresh shrimp, peeled and deveined | 1 pound cooked shrimp | 1 pound fresh shrimp, peeled and deveined",Seafood Lasagna II | Shrimp Marinara | Filipino Pancit Bihon with Canton | Shrimp Vermicelli Salad | Shrimp Lemon Pepper Linguini,alias_to_existing,safe_auto,current_fooddb_has_raw_shrimp_or_prawn
rice,food_rice_raw,rice_raw,"Rice, raw",cereal_starch_or_legume,carb,current_fooddb_existing,food_id=food_rice_raw,352.0,7.04,78.0,0.91,7,7,2312.5,"1 cup cooked rice | 2 cups cooked rice | 1 cup rice | 3 cups cooked rice | 2 ½ cups cooked rice, or to taste",Polish Stuffed Cabbage | Ground Beef Casserole with Rice | Slow Cooker Chicken and Rice | Black-Eyed Peas and Rice | Chicken Adobo Fried Rice,alias_to_existing,needs_review,generic_rice_may_be_raw_or_cooked
chicken breast,food_chicken_breast_without_skin_raw,chicken_breast_without_skin_raw,"Chicken, breast, without skin, raw",meat_fish_egg_or_legume,protein,current_fooddb_existing,food_id=food_chicken_breast_without_skin_raw,110.0,23.4,0.0,1.5,6,4,2041.16,"2 cups chopped cooked chicken breast | 1 pound boneless skinless chicken breast, cut into 1-inch pieces | 1 1/2 pounds skinless, boneless chicken breast, | 1 skinless, boneless chicken breast | 1 pound skinless, boneless chicken breast, thinly sliced","Angela's Asian-Inspired Chicken Noodle Soup | Copycat McChicken Sandwich | One Pot Turmeric Chicken and Rice | Filipino Chicken Salad | Velveting Chicken Breast, Chinese Restaurant Style",alias_to_existing,safe_auto,current_fooddb_has_chicken_breast_without_skin_raw
onions,food_yellow_onion_raw,yellow_onion_raw,"Yellow onion, raw",vegetable,veg,current_fooddb_existing,food_id=food_yellow_onion_raw,37.8,1.19,6.39,0.3,10,6,1770,"3 large onions, sliced | 2 cups chopped onions | 3 onions, chopped | 2 medium onions, coarsely chopped | ½ cup chopped onions",Portuguese Cod Fish Casserole | Greek Green Beans | Braised Beef Short Ribs | Dutch Oven Chili Colorado | Adas bil Hamod (Lebanese Lentil Lemon Soup),alias_to_existing,needs_review,generic_plural_onions_defaults_to_yellow_onion_candidate_for_review
green onions,food_chive_or_spring_onion_fresh,chive_or_spring_onion_fresh,"Chive or spring onion, fresh",vegetable,veg,current_fooddb_existing,food_id=food_chive_or_spring_onion_fresh,29.7,2.57,2.1,0.52,12,7,1730,"2 green onions, minced | 1/4 cup green onions | 2 tablespoons green onions | 2 green onions | 3 green onions, thinly sliced",Korean Fried Pork With Stir-Fried Celery | Hibachi Chicken and Rice Casserole | Greek Feta and Spinach Potato Casserole | Chicken Adobo Fried Rice | Vegetable Fried Rice,alias_to_existing,needs_review,green_onion_scallion_approximated_by_chive_or_spring_onion_current_item
white rice,food_rice_raw,rice_raw,"Rice, raw",cereal_starch_or_legume,carb,current_fooddb_existing,food_id=food_rice_raw,352.0,7.04,78.0,0.91,4,4,1480,"1 cup white rice | 3 cups cooked white rice | 2 cups cooked white rice | 2 cups cooked white rice, cold",Zucchini Chicken Rice Casserole | Steak Fried Rice | Cabbage Fried Rice | Chicken Fried Rice,alias_to_existing,safe_auto,white_rice_maps_to_current_raw_rice_candidate
jasmine rice,food_rice_raw,rice_raw,"Rice, raw",cereal_starch_or_legume,carb,current_fooddb_existing,food_id=food_rice_raw,352.0,7.04,78.0,0.91,3,3,1202.5,"5 cups cooked jasmine rice, cooled | ½ cup cooked jasmine rice | 1 cup jasmine rice",Thai Fried Rice | Baked Chicken and Vegetable Rice Paper Rolls | One Pot Turmeric Chicken and Rice,alias_to_existing,needs_review,jasmine_rice_specific_item_missing_generic_raw_rice_candidate_exists
potatoes,food_potato_peeled_raw,potato_peeled_raw,"Potato, peeled, raw",cereal_starch_or_legume,carb,current_fooddb_existing,food_id=food_potato_peeled_raw,80.5,2.16,16.2,0.18,7,2,907.18,"5 large potatoes, peeled and sliced | 1 pound potatoes, | 2 large potatoes, cut into chunks | 2 potatoes, peeled and cubed | 6 potatoes, peeled and cubed",Portuguese Cod Fish Casserole | Sheet Pan Garlic Butter Steak Bites with Veggies | Grandma's Chinese Vegetable Soup | Alison's Slow Cooker Vegetable Beef Soup | Braised Beef Short Ribs,alias_to_existing,needs_review,generic_potatoes_use_raw_peeled_potato_candidate
mushrooms,food_button_mushroom_or_cultivated_mushroom_raw,button_mushroom_or_cultivated_mushroom_raw,"Button mushroom or cultivated mushroom, raw",vegetable,veg,current_fooddb_existing,food_id=food_button_mushroom_or_cultivated_mushroom_raw,28.0,2.62,3.15,0.36,10,3,680.4,"½ cup sliced mushrooms | ½ pound sliced fresh mushrooms | 1 cup sliced fresh mushrooms | 1 (8 ounce) package sliced fresh mushrooms | 8 ounces fresh mushrooms, chopped",Garbanzo Stir-Fry | 10-Minute Mushroom Carbonara | Stuffed Eggplant | Prime Rib Soup | Quinoa Chard Pilaf,alias_to_existing,needs_review,generic_mushrooms_mapped_to_button_mushroom_current_candidate
brown sugar,food_sugar_brown,sugar_brown,"Sugar, brown",other,other,current_fooddb_existing,food_id=food_sugar_brown,389.7,0.12,97.3,0.0,10,10,674.6,1 tablespoon brown sugar | 3 tablespoons brown sugar | 2 tablespoons brown sugar | 1 cup brown sugar | 1 cup packed brown sugar,Pork and Pepper Stir Fry | Hibachi Chicken and Rice Casserole | Asian Chicken Salad | BBQ Meatballs | Granny's Easy Chili,alias_to_existing,safe_auto,exact_common_ingredient_exists_in_current_fooddb
yellow onion,food_yellow_onion_raw,yellow_onion_raw,"Yellow onion, raw",vegetable,veg,current_fooddb_existing,food_id=food_yellow_onion_raw,37.8,1.19,6.39,0.3,6,6,620,"1 large yellow onion, chopped | 1 small yellow onion, chopped | 1 medium yellow onion, chopped | 1 medium yellow onion, diced | 1 yellow onion, quartered",Classic Goulash | Vegetable Fried Rice | Beef and Butternut Squash Chili | Cabbage Fried Rice | Ground Turkey Lettuce Wraps,alias_to_existing,safe_auto,current_fooddb_has_yellow_onion_raw
uncooked white rice,food_rice_raw,rice_raw,"Rice, raw",cereal_starch_or_legume,carb,current_fooddb_existing,food_id=food_rice_raw,352.0,7.04,78.0,0.91,3,3,493.34,1 cup uncooked white rice | ⅔ cup uncooked white rice,Kelsey's Favorite Stuffed Green Peppers | Sweet and Sour Stuffed Cabbage | Cold Rice Salad,alias_to_existing,safe_auto,explicit_uncooked_white_rice_maps_to_current_raw_rice
celery,food_celery_stalk_raw,celery_stalk_raw,"Celery stalk, raw",vegetable,veg,current_fooddb_existing,food_id=food_celery_stalk_raw,17.6,0.63,2.41,0.3,18,1,453.59,"4 stalks celery, cut into strips and leaves reserved | 1 stalk celery, roughly chopped | 4 stalks celery, chopped | 4 stalks celery, diced | 2 stalks celery, sliced",Korean Fried Pork With Stir-Fried Celery | Classic Turkey and Rice Soup | Easy Chicken and Dumplings with Vegetables | Dad's Lima Bean Soup with Ham Bone | Filipino Pancit Bihon with Canton,alias_to_existing,safe_auto,current_fooddb_has_celery_stalk_raw
vegetable oil,food_combined_oil_blended_vegetable_oils,combined_oil_blended_vegetable_oils,"Combined oil, blended vegetable oils",fat_oil,fat,current_fooddb_existing,food_id=food_combined_oil_blended_vegetable_oils,896.0,0.0,0.0,99.5,15,15,450,"1 tablespoon vegetable oil | ¼ cup vegetable oil | 1 teaspoon vegetable oil, divided | 2 tablespoons vegetable oil | 3 tablespoons vegetable oil, divided",Turmeric Black Pepper Chicken with Broccoli | Asian Chicken Salad | Baked Chicken and Vegetable Rice Paper Rolls | Chicken Adobo Fried Rice | Braised Beef Short Ribs,alias_to_existing,safe_auto,generic_vegetable_oil_maps_to_existing_blended_vegetable_oils
lemon,food_lemon_pulp_raw,lemon_pulp_raw,"Lemon, pulp, raw",fruit,fruit,current_fooddb_existing,food_id=food_lemon_pulp_raw,27.6,0.3,1.56,0.3,7,7,406,"1 lemon, juiced | 1 lemon, cut into wedges | 1 lemon, zested | 1 lemon, halved | 1 large lemon, juiced",Salmon Couscous Salad | Sheet Pan Tilapia and Potatoes | Shrimp Lemon Pepper Linguini | Grilled Chicken and Strawberry Mason Jar Salad with Poppyseed Dressing | Lobster Ravioli in Tomato Cream Sauce with Shrimp,alias_to_existing,needs_review,generic_lemon_may_mean_whole_lemon_or_juice
red onion,food_red_onion_raw,red_onion_raw,"Red onion, raw",vegetable,veg,current_fooddb_existing,food_id=food_red_onion_raw,36.3,1.31,5.63,0.4,6,3,330,"1 small red onion, | 1/4 cup red onion (optional) | 1/4 cup red onion | 1 medium red onion, diced | 1 large red onion, chopped",Sheet Pan Garlic Butter Steak Bites with Veggies | Hot Honey Salmon Bowls | Blackened Shrimp Tacos | Smoky Chicken Salad | Asian Fire Meat,alias_to_existing,safe_auto,current_fooddb_has_red_onion_raw
butter,food_butter_82_fat_unsalted,butter_82_fat_unsalted,"Butter, 82% fat, unsalted",fat_oil,fat,current_fooddb_existing,food_id=food_butter_82_fat_unsalted,753.0,0.7,0.9,82.9,8,6,120.7,"2 tablespoons butter | ¼ cup butter | 3 tablespoons butter, cubed | ½ cup butter | 1 tablespoon butter",Sheet Pan Garlic Butter Steak Bites with Veggies | Shrimp Lemon Pepper Linguini | Sheet Pan Lemon Butter Garlic Shrimp with Asparagus | Creamy Morel Mushroom Soup | Chicken Fried Rice,alias_to_existing,needs_review,generic_butter_could_be_salted_or_unsalted
unsalted butter,food_butter_82_fat_unsalted,butter_82_fat_unsalted,"Butter, 82% fat, unsalted",fat_oil,fat,current_fooddb_existing,food_id=food_butter_82_fat_unsalted,753.0,0.7,0.9,82.9,5,4,85.2,2 tablespoons unsalted butter | 1 tablespoon unsalted butter | 1/2 cup unsalted butter,Spaghetti Squash Carbonara | Simple Cauliflower Soup | One Pot Turmeric Chicken and Rice | Lemon Chicken Gnocchi | Easy French Toast Casserole,alias_to_existing,safe_auto,explicit_unsalted_butter_current_item_exists
kosher salt,food_salt_white_sea_igneous_or_rock_no_enrichment,salt_white_sea_igneous_or_rock_no_enrichment,"Salt, white, sea, igneous or rock, no enrichment",seasoning,seasoning,current_fooddb_existing,food_id=food_salt_white_sea_igneous_or_rock_no_enrichment,0.0,0.0,0.0,0.0,9,8,78,"3/4 teaspoon kosher salt, | 1/4 teaspoon kosher salt | 2 teaspoons kosher salt, divided | 1 1/2 teaspoons kosher salt | 1/2 tablespoon kosher salt",Sheet Pan Garlic Butter Steak Bites with Veggies | Shrimp Marinara | Homemade Roasted Chicken Noodle Soup | Greek Feta and Spinach Potato Casserole | Italian Meatballs on Parmesan Noodles,alias_to_existing,needs_review,low_macro_priority_salt_variant_easy_existing_alias_only
carrot,food_carrot_raw,carrot_raw,"Carrot, raw",vegetable,veg,current_fooddb_existing,food_id=food_carrot_raw,40.2,0.63,7.59,0.3,16,0,0,"1 carrot, sliced | 1 large carrot, sliced | 1 large carrot, sliced into chunks (Optional) | 1 large carrot, roughly chopped | 1 large carrot, peeled and grated",Angela's Asian-Inspired Chicken Noodle Soup | Grandma's Chinese Vegetable Soup | Prime Rib Soup | Classic Turkey and Rice Soup | Harvest Patties,alias_to_existing,safe_auto,current_fooddb_has_carrot_raw
carrots,food_carrot_raw,carrot_raw,"Carrot, raw",vegetable,veg,current_fooddb_existing,food_id=food_carrot_raw,40.2,0.63,7.59,0.3,8,0,0,"2 medium carrots, cut into 2-inch pieces | 4 carrots, peeled and sliced | 1/2 cup carrots | 6 carrots, chopped | 2 large carrots, chopped",Homemade Roasted Chicken Noodle Soup | Dad's Lima Bean Soup with Ham Bone | Chicken Adobo Fried Rice | Braised Beef Short Ribs | Vegetable Curry with Coconut Milk,alias_to_existing,safe_auto,plural_carrots_to_current_carrot_raw
green beans,food_green_beans_cooked_unsalted,green_beans_cooked_unsalted,"Green beans, cooked, boiled, drained, without salt",vegetable,veg,other_local_source,comprehensive_foods_usda.csv:fdc_id=169141,35.0,1.89,7.88,0.28,11,10,4705.99,"1 pound small green beans, trimmed (Optional) | 12 ounces green beans, | 2 pounds green beans, | 2 pounds fresh green beans, rinsed and trimmed | 12 ounces fresh green beans, ends trimmed","Filipino Pork Adobo | Sheet Pan Garlic Butter Steak Bites with Veggies | Slow Cooker Chicken Thighs, Green Beans, and Potatoes | Greek Green Beans | Air Fryer Garlic Green Beans",add_to_fooddb_draft,needs_review,local_usda_source_exists_but_cooked_state_may_not_match_raw_recipe_line
chicken thighs,food_chicken_thigh_meat_and_skin_raw,chicken_thigh_meat_and_skin_raw,"Chicken thigh, meat and skin, raw",meat_fish_egg_or_legume,protein,other_local_source,comprehensive_foods_usda.csv:fdc_id=172385,926.0,16.5,0.25,16.6,7,6,3515.33,"1 pound skinless, boneless chicken thighs | 5 skinless, boneless chicken thighs | 1 1/2 pounds skinless boneless chicken thighs, cut into bite-sized pieces | 2 pounds skinless, boneless chicken thighs | 1 pound skinless boneless chicken thighs, cut into bite-sized pieces","Turmeric Black Pepper Chicken with Broccoli | Hibachi Chicken and Rice Casserole | Slow Cooker Chicken and Rice | Slow Cooker Chicken Thighs, Green Beans, and Potatoes | Zucchini Chicken Rice Casserole",add_to_fooddb_draft,needs_review,local_usda_source_exists_but_energy_value_needs_review_before_materialization; source_energy_suspicious_possible_kj_or_non_kcal_unit
parmesan cheese,food_parmesan_cheese_hard,parmesan_cheese_hard,"Parmesan cheese, hard",dairy,dairy,other_local_source,comprehensive_foods_usda.csv:fdc_id=170848,392.0,35.8,3.22,25.0,11,9,550,"½ cup grated Parmesan cheese | 1/2 cup grated Parmesan cheese, divided | 1 tablespoon grated Parmesan cheese | 1/2 cup grated Parmesan cheese | 1 cup grated Parmesan cheese",Linda's Lasagna Recipe | Stuffed Eggplant | Slow Cooker Tuscan Chicken Meatballs with Gnocchi | Slow Cooker Chicken and Rice | BLT Pasta Carbonara,add_to_fooddb_draft,needs_review,local_usda_source_exact_enough_but_needs_current_fooddb_style_review
chicken broth,food_chicken_broth_ready_to_serve,chicken_broth_ready_to_serve,"Chicken broth, ready-to-serve",sauce,sauce,other_local_source,comprehensive_foods_usda.csv:fdc_id=174536,6.0,0.64,0.44,0.21,7,0,0,"1 cup chicken broth | 5 cups chicken broth | 2 cups chicken broth | 4 cups chicken broth | 3 cups chicken broth, or more as needed","Spicy Sausage and Rice Casserole | White Chili with Ground Turkey | Slow Cooker Chicken Thighs, Green Beans, and Potatoes | Instant Pot Potato and Bacon Soup | Mongo Guisado (Mung Bean Soup)",add_to_fooddb_draft,needs_review,local_usda_source_exists_but_broth_concentration_varies_by_recipe
cornstarch,food_cornstarch,cornstarch,Cornstarch,cereal_starch_or_legume,carb,other_local_source,comprehensive_foods_usda.csv:fdc_id=169698,381.0,0.26,91.3,0.05,10,0,0,1 tablespoon cornstarch | 4 teaspoons cornstarch | 2 tablespoons cornstarch | 2/3 cup cornstarch | 2 teaspoons cornstarch,Beef and Broccoli Udon Noodles | Teriyaki Chicken with Mushrooms and Broccoli | Instant Pot Potato and Bacon Soup | Copycat McChicken Sandwich | Steak Fried Rice,add_to_fooddb_draft,safe_auto,local_usda_source_exact_common_single_ingredient
tomato sauce,food_tomato_sauce_canned_no_salt_added,tomato_sauce_canned_no_salt_added,"Tomato sauce, canned, no salt added",sauce,sauce,other_local_source,comprehensive_foods_usda.csv:fdc_id=169074,102.0,1.2,5.31,0.3,7,0,0,1 (8 ounce) can tomato sauce | 3 tablespoons tomato sauce | 1 (15 ounce) can tomato sauce | 2 (15 ounce) cans tomato sauce | 1 (10 ounce) can tomato sauce,Alysia's Basic Meat Lasagna | Portuguese Cod Fish Casserole | Shrimp Marinara | Kelsey's Favorite Stuffed Green Peppers | Classic Goulash,add_to_fooddb_draft,needs_review,local_usda_source_exists_but_energy_value_needs_review_before_materialization; source_energy_suspicious_possible_kj_or_non_kcal_unit
bone in chicken pieces,,bone_in_chicken_pieces,Bone In Chicken Pieces,meat_fish_egg_or_legume,protein,not_found,,,,,,2,2,2494.76,3 pounds bone-in chicken pieces | 2 ½ pounds bone-in chicken pieces,Cabbage Borsht | Chicken Broth in a Slow Cooker,needs_external_source,needs_review,gap_audit_candidate_but_no_controlled_local_source_selected; ciqual_source_unavailable:ImportError
pork neck bones,,pork_neck_bones,Pork Neck Bones,meat_fish_egg_or_legume,protein,not_found,,,,,,2,2,1814.37,1 pound pork neck bones | 3 pounds pork neck bones,Grandma's Chinese Vegetable Soup | Neck Bones and Lima Beans,needs_external_source,needs_review,gap_audit_candidate_but_no_controlled_local_source_selected; ciqual_source_unavailable:ImportError
pork,,pork,Pork,meat_fish_egg_or_legume,protein,not_found,,,,,,1,1,1133.98,"2 ½ pounds lean pork, cut into 1 inch cubes",Filipino Pork Adobo,needs_external_source,needs_review,gap_audit_candidate_but_no_controlled_local_source_selected; ciqual_source_unavailable:ImportError
yukon gold potatoes,,yukon_gold_potatoes,Yukon Gold Potatoes,cereal_starch_or_legume,carb,not_found,,,,,,1,1,1133.98,"2 1/2 pounds yukon gold potatoes, peeled and halved",Greek Feta and Spinach Potato Casserole,needs_external_source,needs_review,gap_audit_candidate_but_no_controlled_local_source_selected; ciqual_source_unavailable:ImportError
mozzarella cheese,,mozzarella_cheese,Mozzarella Cheese,dairy,dairy,not_found,,,,,,7,2,907.18,"1 pound shredded mozzarella cheese | 1 cup shredded mozzarella cheese | 1 pound mozzarella cheese, shredded | 2 cups shredded mozzarella cheese | 1/2 cup shredded mozzarella cheese",Linda's Lasagna Recipe | Easy Skillet Lasagna | Baked Rigatoni | Tofu and Rice Stuffed Peppers | Air Fryer Turkey Stuffed Peppers,needs_external_source,needs_review,gap_audit_candidate_but_no_controlled_local_source_selected; ciqual_source_unavailable:ImportError
pork sausage,,pork_sausage,Pork Sausage,meat_fish_egg_or_legume,protein,not_found,,,,,,2,2,907.18,1 pound ground pork sausage | 1 pound pork sausage,"Sausage Pinwheels | Sausage, Egg, and Cheese Biscuit Casserole",needs_external_source,needs_review,gap_audit_candidate_but_no_controlled_local_source_selected; ciqual_source_unavailable:ImportError
salted cod fish,,salted_cod_fish,Salted Cod Fish,meat_fish_egg_or_legume,protein,not_found,,,,,,1,1,907.18,2 pounds salted cod fish,Portuguese Cod Fish Casserole,needs_external_source,needs_review,gap_audit_candidate_but_no_controlled_local_source_selected; ciqual_source_unavailable:ImportError
spinach pasta dough,,spinach_pasta_dough,Spinach Pasta Dough,cereal_starch_or_legume,carb,not_found,,,,,,1,1,907.18,2 pounds fresh spinach pasta dough,Spinach and Ricotta Tortellini,needs_external_source,needs_review,gap_audit_candidate_but_no_controlled_local_source_selected; ciqual_source_unavailable:ImportError
spicy pork sausage,,spicy_pork_sausage,Spicy Pork Sausage,meat_fish_egg_or_legume,protein,not_found,,,,,,1,1,793.79,"28 ounces fresh, ground spicy pork sausage",Spicy Sausage and Rice Casserole,needs_external_source,needs_review,gap_audit_candidate_but_no_controlled_local_source_selected; ciqual_source_unavailable:ImportError
cubed beef stew meat,,cubed_beef_stew_meat,Cubed Beef Stew Meat,meat_fish_egg_or_legume,protein,not_found,,,,,,1,1,680.39,1 ½ pounds cubed beef stew meat,Alison's Slow Cooker Vegetable Beef Soup,needs_external_source,needs_review,gap_audit_candidate_but_no_controlled_local_source_selected; ciqual_source_unavailable:ImportError
uncooked shrimp,,uncooked_shrimp,Uncooked Shrimp,meat_fish_egg_or_legume,protein,not_found,,,,,,1,1,680.39,"1 ½ pounds uncooked medium shrimp, peeled and deveined",Sheet Pan Lemon Butter Garlic Shrimp with Asparagus,needs_external_source,needs_review,gap_audit_candidate_but_no_controlled_local_source_selected; ciqual_source_unavailable:ImportError
whole wheat flour,,whole_wheat_flour,Whole Wheat Flour,cereal_starch_or_legume,carb,not_found,,,,,,2,2,660,½ cup whole wheat flour | 5 cups whole wheat flour,Harvest Patties | Bacon-Flavored Dog Biscuits,needs_external_source,needs_review,gap_audit_candidate_but_no_controlled_local_source_selected; ciqual_source_unavailable:ImportError
93 turkey,,93_turkey,93 Turkey,meat_fish_egg_or_legume,protein,not_found,,,,,,1,1,453.59,1 pound 93% lean ground turkey,Ground Turkey and Zucchini Skillet,needs_external_source,needs_review,gap_audit_candidate_but_no_controlled_local_source_selected; ciqual_source_unavailable:ImportError
bay scallops,,bay_scallops,Bay Scallops,meat_fish_egg_or_legume,protein,not_found,,,,,,1,1,453.59,1 pound bay scallops,Seafood Lasagna II,needs_external_source,needs_review,gap_audit_candidate_but_no_controlled_local_source_selected; ciqual_source_unavailable:ImportError
beef round steak,,beef_round_steak,Beef Round Steak,meat_fish_egg_or_legume,protein,not_found,,,,,,1,1,453.59,"1 pound beef round steak, sliced paper thin",Asian Fire Meat,needs_external_source,needs_review,gap_audit_candidate_but_no_controlled_local_source_selected; ciqual_source_unavailable:ImportError
beef stew meat,,beef_stew_meat,Beef Stew Meat,meat_fish_egg_or_legume,protein,not_found,,,,,,1,1,453.59,1 pound beef stew meat,Spicy Beef Curry Stew for the Slow Cooker,needs_external_source,needs_review,gap_audit_candidate_but_no_controlled_local_source_selected; ciqual_source_unavailable:ImportError
beef top sirloin,,beef_top_sirloin,Beef Top Sirloin,meat_fish_egg_or_legume,protein,not_found,,,,,,1,1,453.59,"1 pound beef top sirloin, thinly sliced",Korean BBQ Beef (Pul-Kogi),needs_external_source,needs_review,gap_audit_candidate_but_no_controlled_local_source_selected; ciqual_source_unavailable:ImportError
brown lentils,,brown_lentils,Brown Lentils,meat_fish_egg_or_legume,protein,not_found,,,,,,1,1,453.59,1 pound brown lentils,Adas bil Hamod (Lebanese Lentil Lemon Soup),needs_external_source,needs_review,gap_audit_candidate_but_no_controlled_local_source_selected; ciqual_source_unavailable:ImportError
chicken,,chicken,Chicken,meat_fish_egg_or_legume,protein,not_found,,,,,,5,1,453.59,"1 pound ground chicken | 2 cups shredded cooked chicken | 1 cup chopped cooked chicken | 1 2/3 cups cooked chicken | 1 (4 pound) chicken, cut into pieces",Slow Cooker Tuscan Chicken Meatballs with Gnocchi | Baked Chicken and Vegetable Rice Paper Rolls | Filipino Pancit Bihon with Canton | Chicken Zoodle Soup in a Jar | Greek Chicken,needs_external_source,needs_review,gap_audit_candidate_but_no_controlled_local_source_selected; ciqual_source_unavailable:ImportError
chicken adobo,,chicken_adobo,Chicken Adobo,meat_fish_egg_or_legume,protein,not_found,,,,,,1,1,453.59,1 pound chicken adobo,Chicken Adobo Fried Rice,needs_external_source,needs_review,gap_audit_candidate_but_no_controlled_local_source_selected; ciqual_source_unavailable:ImportError
dry pinto beans,,dry_pinto_beans,Dry Pinto Beans,meat_fish_egg_or_legume,protein,not_found,,,,,,2,1,453.59,"1 pound dry pinto beans, rinsed | 3 cups dry pinto beans, rinsed",Vegetarian Refried Beans | Refried Beans Without the Refry,needs_external_source,needs_review,gap_audit_candidate_but_no_controlled_local_source_selected; ciqual_source_unavailable:ImportError
pork butt roast with bone,,pork_butt_roast_with_bone,Pork Butt Roast With Bone,meat_fish_egg_or_legume,protein,not_found,,,,,,1,1,453.59,1 (3 1/2) pound pork butt roast with bone,Valerio's Pulled Pork Sandwich,needs_external_source,needs_review,gap_audit_candidate_but_no_controlled_local_source_selected; ciqual_source_unavailable:ImportError
turkey sausage,,turkey_sausage,Turkey Sausage,meat_fish_egg_or_legume,protein,not_found,,,,,,1,1,453.59,1 pound turkey sausage,"Turkey Sausage, Potato, Brussels Sprouts, and Apple Hash",needs_external_source,needs_review,gap_audit_candidate_but_no_controlled_local_source_selected; ciqual_source_unavailable:ImportError
vermicelli pasta,,vermicelli_pasta,Vermicelli Pasta,cereal_starch_or_legume,carb,not_found,,,,,,1,1,453.59,1 pound vermicelli pasta,Shrimp Vermicelli Salad,needs_external_source,needs_review,gap_audit_candidate_but_no_controlled_local_source_selected; ciqual_source_unavailable:ImportError
all purpose flour,,all_purpose_flour,All Purpose Flour,cereal_starch_or_legume,carb,not_found,,,,,,6,3,450,"1 ½ tablespoons all-purpose flour | 1 ½ cups all-purpose flour | 2 tablespoons all-purpose flour, or as needed | ¼ cup all-purpose flour | 1 tablespoon all-purpose flour",Braised Beef Short Ribs | Veggie Burgers | Spinach and Ricotta Tortellini | Broccoli Beef I | Creamy Morel Mushroom Soup,needs_external_source,needs_review,gap_audit_candidate_but_no_controlled_local_source_selected; ciqual_source_unavailable:ImportError
garbanzo beans,,garbanzo_beans,Garbanzo Beans,meat_fish_egg_or_legume,protein,not_found,,,,,,3,1,425.24,"1 (15 ounce) can garbanzo beans, drained and rinsed | 15 ounce garbanzo beans | 2 (12 ounce) cans garbanzo beans, drained and rinsed",Garbanzo Stir-Fry | Roasted Tomato Hummus Toast | Breadless Stuffing,needs_external_source,needs_review,gap_audit_candidate_but_no_controlled_local_source_selected; ciqual_source_unavailable:ImportError
baby red potatoes,,baby_red_potatoes,Baby Red Potatoes,cereal_starch_or_legume,carb,not_found,,,,,,1,1,340.19,"12 ounces baby red potatoes, halved lengthwise",Air Fryer Lemon-Thyme Baby Red Potatoes,needs_external_source,needs_review,gap_audit_candidate_but_no_controlled_local_source_selected; ciqual_source_unavailable:ImportError
cottage cheese,,cottage_cheese,Cottage Cheese,dairy,dairy,not_found,,,,,,2,1,340.19,12 ounces cottage cheese | 1 cup cottage cheese,Linda's Lasagna Recipe | Nut Loaf Supreme,needs_external_source,needs_review,gap_audit_candidate_but_no_controlled_local_source_selected; ciqual_source_unavailable:ImportError
dry spaghetti,,dry_spaghetti,Dry Spaghetti,cereal_starch_or_legume,carb,not_found,,,,,,1,1,340.19,12 ounces dry spaghetti,Shrimp Marinara,needs_external_source,needs_review,gap_audit_candidate_but_no_controlled_local_source_selected; ciqual_source_unavailable:ImportError
swiss cheese,,swiss_cheese,Swiss Cheese,dairy,dairy,not_found,,,,,,1,1,340.19,12 ounces shredded Swiss cheese,Nut Loaf Supreme,needs_external_source,needs_review,gap_audit_candidate_but_no_controlled_local_source_selected; ciqual_source_unavailable:ImportError
dry jasmine rice,,dry_jasmine_rice,Dry Jasmine Rice,cereal_starch_or_legume,carb,not_found,,,,,,1,1,277.5,1 ½ cups dry jasmine rice,Jasmine Rice,needs_external_source,needs_review,gap_audit_candidate_but_no_controlled_local_source_selected; ciqual_source_unavailable:ImportError
instant rice,,instant_rice,Instant Rice,cereal_starch_or_legume,carb,not_found,,,,,,1,1,277.5,1 1/2 cups instant rice,Hibachi Chicken and Rice Casserole,needs_external_source,needs_review,gap_audit_candidate_but_no_controlled_local_source_selected; ciqual_source_unavailable:ImportError
quick cooking brown rice,,quick_cooking_brown_rice,Quick Cooking Brown Rice,cereal_starch_or_legume,carb,not_found,,,,,,1,1,277.5,1 ½ cups quick-cooking brown rice,Vegetable Fried Rice,needs_external_source,needs_review,gap_audit_candidate_but_no_controlled_local_source_selected; ciqual_source_unavailable:ImportError
quick cooking oats,,quick_cooking_oats,Quick Cooking Oats,cereal_starch_or_legume,carb,not_found,,,,,,1,1,240,3 cups quick-cooking oats,Amish Baked Oatmeal,needs_external_source,needs_review,gap_audit_candidate_but_no_controlled_local_source_selected; ciqual_source_unavailable:ImportError
spaghetti,,spaghetti,Spaghetti,cereal_starch_or_legume,carb,not_found,,,,,,2,1,226.8,8 ounces spaghetti | 1 (16 ounce) package spaghetti,Stir Fried Pasta with Veggies | 10-Minute Mushroom Carbonara,needs_external_source,needs_review,gap_audit_candidate_but_no_controlled_local_source_selected; ciqual_source_unavailable:ImportError
unpeeled shrimp,,unpeeled_shrimp,Unpeeled Shrimp,meat_fish_egg_or_legume,protein,not_found,,,,,,1,1,226.8,½ pound unpeeled large shrimp,Lobster Ravioli in Tomato Cream Sauce with Shrimp,needs_external_source,needs_review,gap_audit_candidate_but_no_controlled_local_source_selected; ciqual_source_unavailable:ImportError
fried eggs,,fried_eggs,Fried Eggs,meat_fish_egg_or_legume,protein,not_found,,,,,,1,1,200,4 fried eggs,"Turkey Sausage, Potato, Brussels Sprouts, and Apple Hash",needs_external_source,needs_review,gap_audit_candidate_but_no_controlled_local_source_selected; ciqual_source_unavailable:ImportError
hard boiled eggs,,hard_boiled_eggs,Hard Boiled Eggs,meat_fish_egg_or_legume,protein,not_found,,,,,,1,1,200,"4 large hard boiled eggs, mashed",Easy Deviled Egg Potato Salad,needs_external_source,needs_review,gap_audit_candidate_but_no_controlled_local_source_selected; ciqual_source_unavailable:ImportError
uncooked brown rice,,uncooked_brown_rice,Uncooked Brown Rice,cereal_starch_or_legume,carb,not_found,,,,,,1,1,185,1 cup uncooked brown rice,Tofu and Rice Stuffed Peppers,needs_external_source,needs_review,gap_audit_candidate_but_no_controlled_local_source_selected; ciqual_source_unavailable:ImportError
uncooked long grain rice,,uncooked_long_grain_rice,Uncooked Long Grain Rice,cereal_starch_or_legume,carb,not_found,,,,,,1,1,185,1 cup uncooked long-grain rice,Spicy Sausage and Rice Casserole,needs_external_source,needs_review,gap_audit_candidate_but_no_controlled_local_source_selected; ciqual_source_unavailable:ImportError
rice vinegar,,rice_vinegar,Rice Vinegar,cereal_starch_or_legume,carb,not_found,,,,,,4,4,152.5,1 teaspoon rice vinegar | 3 tablespoons rice vinegar | ½ cup rice vinegar | 2 teaspoons rice vinegar,Turmeric Black Pepper Chicken with Broccoli | Asian Chicken Salad | Teriyaki Chicken with Mushrooms and Broccoli | Shrimp Pomelo Salad,needs_external_source,needs_review,gap_audit_candidate_but_no_controlled_local_source_selected; ciqual_source_unavailable:ImportError
freshly parmesan cheese,,freshly_parmesan_cheese,Freshly Parmesan Cheese,dairy,dairy,not_found,,,,,,2,1,150,"1 ½ cups freshly shredded Parmesan cheese, divided | 3 tablespoons freshly grated Parmesan cheese",Baked Rigatoni | Asparagus and Mushroom Frittata,needs_external_source,needs_review,gap_audit_candidate_but_no_controlled_local_source_selected; ciqual_source_unavailable:ImportError
buttermilk,,buttermilk,Buttermilk,dairy,dairy,not_found,,,,,,1,1,122.5,1/2 cup buttermilk,Salmon Couscous Salad,needs_external_source,needs_review,gap_audit_candidate_but_no_controlled_local_source_selected; ciqual_source_unavailable:ImportError
cold milk,,cold_milk,Cold Milk,dairy,dairy,not_found,,,,,,1,1,122.5,½ cup cold milk,French Toast Waffles,needs_external_source,needs_review,gap_audit_candidate_but_no_controlled_local_source_selected; ciqual_source_unavailable:ImportError
flour,,flour,Flour,cereal_starch_or_legume,carb,not_found,,,,,,2,1,120,2 tablespoons flour | 1 cup flour,Turmeric Black Pepper Chicken with Broccoli | Copycat McChicken Sandwich,needs_external_source,needs_review,gap_audit_candidate_but_no_controlled_local_source_selected; ciqual_source_unavailable:ImportError
rolled oats,,rolled_oats,Rolled Oats,cereal_starch_or_legume,carb,not_found,,,,,,1,1,120,1 ½ cups rolled oats,Veggie Burgers,needs_external_source,needs_review,gap_audit_candidate_but_no_controlled_local_source_selected; ciqual_source_unavailable:ImportError
arge egg yolks,,arge_egg_yolks,Arge Egg Yolks,meat_fish_egg_or_legume,protein,not_found,,,,,,1,1,100,2 arge egg yolks,Spaghetti Squash Carbonara,needs_external_source,needs_review,gap_audit_candidate_but_no_controlled_local_source_selected; ciqual_source_unavailable:ImportError
rice wine vinegar,,rice_wine_vinegar,Rice Wine Vinegar,cereal_starch_or_legume,carb,not_found,,,,,,4,4,96.25,¼ cup rice wine vinegar | 2 tablespoons rice wine vinegar | 1 tablespoon rice wine vinegar | 1 teaspoon rice wine vinegar,"Pork and Pepper Stir Fry | Hibachi Chicken and Rice Casserole | Asian Pasta Salad with Beef, Broccoli and Bean Sprouts | Spicy Air Fryer Green Beans",needs_external_source,needs_review,gap_audit_candidate_but_no_controlled_local_source_selected; ciqual_source_unavailable:ImportError
italian seasoned panko bread crumbs,,italian_seasoned_panko_bread_crumbs,Italian Seasoned Panko Bread Crumbs,cereal_starch_or_legume,carb,not_found,,,,,,1,1,81,"3/4 cup Italian seasoned panko bread crumbs, divided",Stuffed Eggplant,needs_external_source,needs_review,gap_audit_candidate_but_no_controlled_local_source_selected; ciqual_source_unavailable:ImportError
all purpose flour for coating,,all_purpose_flour_for_coating,All Purpose Flour For Coating,cereal_starch_or_legume,carb,not_found,,,,,,1,1,60,½ cup all-purpose flour for coating,Braised Beef Short Ribs,needs_external_source,needs_review,gap_audit_candidate_but_no_controlled_local_source_selected; ciqual_source_unavailable:ImportError
all purpose flour for dredging,,all_purpose_flour_for_dredging,All Purpose Flour For Dredging,cereal_starch_or_legume,carb,not_found,,,,,,1,1,60,½ cup all-purpose flour for dredging,Margaret's Keftedes (Greek Meatballs),needs_external_source,needs_review,gap_audit_candidate_but_no_controlled_local_source_selected; ciqual_source_unavailable:ImportError
salmon fillets,,salmon_fillets,Salmon Fillets,meat_fish_egg_or_legume,protein,not_found,,,,,,3,1,56.7,"2 ounces) salmon fillets | 2 (4 ounce) salmon fillets, | 2 (6 ounce) boneless salmon fillets",Air Fryer Everything-Bagel Salmon Dinner | Hot Honey Salmon Bowls | Tomato Basil Salmon,needs_external_source,needs_review,gap_audit_candidate_but_no_controlled_local_source_selected; ciqual_source_unavailable:ImportError
seasoned bread crumbs,,seasoned_bread_crumbs,Seasoned Bread Crumbs,cereal_starch_or_legume,carb,not_found,,,,,,1,1,54,1/2 cup seasoned bread crumbs,Italian Meatballs on Parmesan Noodles,needs_external_source,needs_review,gap_audit_candidate_but_no_controlled_local_source_selected; ciqual_source_unavailable:ImportError
freshly parmesan cheese divided,,freshly_parmesan_cheese_divided,Freshly Parmesan Cheese Divided,dairy,dairy,not_found,,,,,,1,1,50,½ cup freshly grated Parmesan cheese divided,10-Minute Mushroom Carbonara,needs_external_source,needs_review,gap_audit_candidate_but_no_controlled_local_source_selected; ciqual_source_unavailable:ImportError
bread crumbs,,bread_crumbs,Bread Crumbs,cereal_starch_or_legume,carb,not_found,,,,,,1,1,27,1/4 cup bread crumbs,Slow Cooker Tuscan Chicken Meatballs with Gnocchi,needs_external_source,needs_review,gap_audit_candidate_but_no_controlled_local_source_selected; ciqual_source_unavailable:ImportError
panko bread crumbs,,panko_bread_crumbs,Panko Bread Crumbs,cereal_starch_or_legume,carb,not_found,,,,,,1,1,27,1/4 cup panko bread crumbs,Air Fryer Lemon Garlic Parmesan Chicken,needs_external_source,needs_review,gap_audit_candidate_but_no_controlled_local_source_selected; ciqual_source_unavailable:ImportError
chinese rice vinegar,,chinese_rice_vinegar,Chinese Rice Vinegar,cereal_starch_or_legume,carb,not_found,,,,,,1,1,15,1 tablespoon Chinese rice vinegar,"Velveting Chicken Breast, Chinese Restaurant Style",needs_external_source,needs_review,gap_audit_candidate_but_no_controlled_local_source_selected; ciqual_source_unavailable:ImportError
alfredo style pasta sauce,,alfredo_style_pasta_sauce,Alfredo Style Pasta Sauce,cereal_starch_or_legume,carb,not_found,,,,,,1,0,0,2 (16 ounce) jars Alfredo-style pasta sauce,Seafood Lasagna II,needs_external_source,needs_review,gap_audit_candidate_but_no_controlled_local_source_selected; ciqual_source_unavailable:ImportError
bacon,,bacon,Bacon,other,other,not_found,,,,,,4,0,0,"6 slices bacon, sliced crosswise into 1/2-inch pieces | 6 slices bacon | 6 slices bacon, chopped | 6 slices bacon, cut crosswise into 1/4-inch pieces","Thai Fried Rice | Slow Cooker Chicken Thighs, Green Beans, and Potatoes | Instant Pot Potato and Bacon Soup | Camp Breakfast",needs_external_source,needs_review,gap_audit_candidate_but_no_controlled_local_source_selected; ciqual_source_unavailable:ImportError
baking potato,,baking_potato,Baking Potato,cereal_starch_or_legume,carb,not_found,,,,,,1,0,0,"1 large baking potato, peeled and sliced 1/4 inch thick",Nan's Potato and Egg Frittata,needs_external_source,needs_review,gap_audit_candidate_but_no_controlled_local_source_selected; ciqual_source_unavailable:ImportError
beef bouillon,,beef_bouillon,Beef Bouillon,meat_fish_egg_or_legume,protein,not_found,,,,,,1,0,0,"10 cubes beef bouillon, crumbled",Alison's Slow Cooker Vegetable Beef Soup,needs_external_source,needs_review,gap_audit_candidate_but_no_controlled_local_source_selected; ciqual_source_unavailable:ImportError
beef broth,,beef_broth,Beef Broth,sauce,sauce,not_found,,,,,,4,0,0,1 1/4 cups beef broth | 1 ½ cups beef broth | 1 (10.5 ounce) can beef broth | 1 cup beef broth,Italian Meatballs on Parmesan Noodles | Beef and Butternut Squash Chili | Broccoli Beef I | Spicy Beef Curry Stew for the Slow Cooker,needs_external_source,needs_review,gap_audit_candidate_but_no_controlled_local_source_selected; ciqual_source_unavailable:ImportError
beef ribs,,beef_ribs,Beef Ribs,meat_fish_egg_or_legume,protein,not_found,,,,,,1,0,0,"4 beef ribs, trimmed from a cooked prime rib roast",Prime Rib Soup,needs_external_source,needs_review,gap_audit_candidate_but_no_controlled_local_source_selected; ciqual_source_unavailable:ImportError
beef stock,,beef_stock,Beef Stock,sauce,sauce,not_found,,,,,,1,0,0,2 cups beef stock,Prime Rib Soup,needs_external_source,needs_review,gap_audit_candidate_but_no_controlled_local_source_selected; ciqual_source_unavailable:ImportError
black beans,,black_beans,Black Beans,meat_fish_egg_or_legume,protein,not_found,,,,,,4,0,0,"2 (14.5 ounce) cans black beans, rinsed, drained, and mashed | 1 (15.25 ounce) can black beans | 1 (15 ounce) can black beans, rinsed and drained (Optional) | 1 (15 ounce) can black beans, rinsed and drained",Vegan Bean Taco Filling | Ground Turkey and Zucchini Skillet | Beef and Butternut Squash Chili | Easy Black Bean Hummus,needs_external_source,needs_review,gap_audit_candidate_but_no_controlled_local_source_selected; ciqual_source_unavailable:ImportError
butter beans,,butter_beans,Butter Beans,meat_fish_egg_or_legume,protein,not_found,,,,,,1,0,0,"1 (16 ounce) can large butter beans, drained and rinsed",Air Fryer Puffed Butter Beans,needs_external_source,needs_review,gap_audit_candidate_but_no_controlled_local_source_selected; ciqual_source_unavailable:ImportError
butternut squash,,butternut_squash,Butternut Squash,fat_oil,fat,not_found,,,,,,2,0,0,"1 ½ cups grated butternut squash | 1 medium butternut squash - peeled, seeded, and cubed",Harvest Patties | Beef and Butternut Squash Chili,needs_external_source,needs_review,gap_audit_candidate_but_no_controlled_local_source_selected; ciqual_source_unavailable:ImportError
cabbage,,cabbage,Cabbage,vegetable,veg,not_found,,,,,,4,0,0,"1 cup shredded cabbage | 2 heads cabbage, cored | 3 cups cabbage | 1 cup sliced cabbage",Baked Chicken and Vegetable Rice Paper Rolls | Sweet and Sour Stuffed Cabbage | Cabbage Fried Rice | Garlic Chicken Stir Fry,needs_external_source,needs_review,gap_audit_candidate_but_no_controlled_local_source_selected; ciqual_source_unavailable:ImportError
canned garbanzo beans,,canned_garbanzo_beans,Canned Garbanzo Beans,meat_fish_egg_or_legume,protein,not_found,,,,,,1,0,0,"2 cups canned garbanzo beans, drained",Hummus III,needs_external_source,needs_review,gap_audit_candidate_but_no_controlled_local_source_selected; ciqual_source_unavailable:ImportError
canned lentils,,canned_lentils,Canned Lentils,meat_fish_egg_or_legume,protein,not_found,,,,,,1,0,0,"1 cup canned lentils, rinsed",Quinoa Chard Pilaf,needs_external_source,needs_review,gap_audit_candidate_but_no_controlled_local_source_selected; ciqual_source_unavailable:ImportError
cannellini beans,,cannellini_beans,Cannellini Beans,meat_fish_egg_or_legume,protein,not_found,,,,,,1,0,0,3 (15 ounce) cans cannellini beans,White Chili with Ground Turkey,needs_external_source,needs_review,gap_audit_candidate_but_no_controlled_local_source_selected; ciqual_source_unavailable:ImportError
canola oil,,canola_oil,Canola Oil,fat_oil,fat,not_found,,,,,,2,0,0,"¼ cup canola oil, divided | 2 teaspoons canola oil",Korean Fried Pork With Stir-Fried Celery | Sweet and Spicy Green Beans,needs_external_source,needs_review,gap_audit_candidate_but_no_controlled_local_source_selected; ciqual_source_unavailable:ImportError
cheddar cheese,,cheddar_cheese,Cheddar Cheese,dairy,dairy,not_found,,,,,,5,0,0,½ cup shredded Cheddar cheese | ¼ cup shredded Cheddar cheese | 1 1/2 cups shredded Cheddar cheese,"Ground Beef Casserole with Rice | Veggie Burgers | Egg Scramble | Sausage, Egg, and Cheese Biscuit Casserole | Potato and Cheese Frittata",needs_external_source,needs_review,gap_audit_candidate_but_no_controlled_local_source_selected; ciqual_source_unavailable:ImportError
cheese flavored crackers,,cheese_flavored_crackers,Cheese Flavored Crackers,dairy,dairy,not_found,,,,,,1,0,0,½ cup crushed cheese-flavored crackers,Amy's Delicious Turkey Burgers,needs_external_source,needs_review,gap_audit_candidate_but_no_controlled_local_source_selected; ciqual_source_unavailable:ImportError
cheese ravioli,,cheese_ravioli,Cheese Ravioli,dairy,dairy,not_found,,,,,,1,0,0,1 (25 ounce) package frozen cheese ravioli,Randy's Slow Cooker Ravioli Lasagna,needs_external_source,needs_review,gap_audit_candidate_but_no_controlled_local_source_selected; ciqual_source_unavailable:ImportError
chicken bouillon,,chicken_bouillon,Chicken Bouillon,meat_fish_egg_or_legume,protein,not_found,,,,,,3,0,0,1 cube chicken bouillon | 1 ½ cubes chicken bouillon | 4 cubes chicken bouillon,Navy Bean Soup | Breadless Stuffing | Super Easy Chicken Noodle Soup,needs_external_source,needs_review,gap_audit_candidate_but_no_controlled_local_source_selected; ciqual_source_unavailable:ImportError
chicken bouillon granules,,chicken_bouillon_granules,Chicken Bouillon Granules,meat_fish_egg_or_legume,protein,not_found,,,,,,1,0,0,"1 teaspoon chicken bouillon granules, or to taste",Broccoli and Carrot Stir Fry,needs_external_source,needs_review,gap_audit_candidate_but_no_controlled_local_source_selected; ciqual_source_unavailable:ImportError
chicken breast halves,,chicken_breast_halves,Chicken Breast Halves,meat_fish_egg_or_legume,protein,not_found,,,,,,1,0,0,"4 skinless, boneless chicken breast halves, chopped",Easy Chicken and Dumplings with Vegetables,needs_external_source,needs_review,gap_audit_candidate_but_no_controlled_local_source_selected; ciqual_source_unavailable:ImportError
chicken breast halves cut into bite size pieces,,chicken_breast_halves_cut_into_bite_size_pieces,Chicken Breast Halves Cut Into Bite Size Pieces,meat_fish_egg_or_legume,protein,not_found,,,,,,1,0,0,"2 skinless, boneless chicken breast halves - cut into bite-size pieces",Stir Fried Pasta with Veggies,needs_external_source,needs_review,gap_audit_candidate_but_no_controlled_local_source_selected; ciqual_source_unavailable:ImportError
chicken breast halves pounded to 1 4 inch thickness,,chicken_breast_halves_pounded_to_1_4_inch_thickness,Chicken Breast Halves Pounded To 1 4 Inch Thickness,meat_fish_egg_or_legume,protein,not_found,,,,,,1,0,0,"4 skinless, boneless chicken breast halves - pounded to 1/4 inch thickness",Gourmet Chicken Sandwich,needs_external_source,needs_review,gap_audit_candidate_but_no_controlled_local_source_selected; ciqual_source_unavailable:ImportError
chicken flavored ramen noodles,,chicken_flavored_ramen_noodles,Chicken Flavored Ramen Noodles,meat_fish_egg_or_legume,protein,not_found,,,,,,1,0,0,1 (3 ounce) package chicken-flavored ramen noodles,Angela's Asian-Inspired Chicken Noodle Soup,needs_external_source,needs_review,gap_audit_candidate_but_no_controlled_local_source_selected; ciqual_source_unavailable:ImportError
chicken soup base,,chicken_soup_base,Chicken Soup Base,meat_fish_egg_or_legume,protein,not_found,,,,,,1,0,0,1 tablespoon chicken soup base,Creamy Morel Mushroom Soup,needs_external_source,needs_review,gap_audit_candidate_but_no_controlled_local_source_selected; ciqual_source_unavailable:ImportError
chicken stock,,chicken_stock,Chicken Stock,sauce,sauce,not_found,,,,,,1,0,0,1 1/2 cups chicken stock,One Pot Turmeric Chicken and Rice,needs_external_source,needs_review,gap_audit_candidate_but_no_controlled_local_source_selected; ciqual_source_unavailable:ImportError
chicken stock base,,chicken_stock_base,Chicken Stock Base,sauce,sauce,not_found,,,,,,1,0,0,4 teaspoons chicken stock base,Chicken Zoodle Soup in a Jar,needs_external_source,needs_review,gap_audit_candidate_but_no_controlled_local_source_selected; ciqual_source_unavailable:ImportError
chickpeas,,chickpeas,Chickpeas,meat_fish_egg_or_legume,protein,not_found,,,,,,2,0,0,"1 (15 ounce) can chickpeas, drained and rinsed",African Chicken Stew | Roasted Salt & Vinegar Chickpeas,needs_external_source,needs_review,gap_audit_candidate_but_no_controlled_local_source_selected; ciqual_source_unavailable:ImportError
chickpeas beans,,chickpeas_beans,Chickpeas Beans,meat_fish_egg_or_legume,protein,not_found,,,,,,1,0,0,"1 (15 ounce) can chickpeas beans, drained",Garlic Hummus,needs_external_source,needs_review,gap_audit_candidate_but_no_controlled_local_source_selected; ciqual_source_unavailable:ImportError
chili beans,,chili_beans,Chili Beans,meat_fish_egg_or_legume,protein,not_found,,,,,,1,0,0,4 (16 ounce) cans chili beans,Granny's Easy Chili,needs_external_source,needs_review,gap_audit_candidate_but_no_controlled_local_source_selected; ciqual_source_unavailable:ImportError
coconut milk,,coconut_milk,Coconut Milk,dairy,dairy,not_found,,,,,,1,0,0,1 (14 ounce) can coconut milk,Vegetable Curry with Coconut Milk,needs_external_source,needs_review,gap_audit_candidate_but_no_controlled_local_source_selected; ciqual_source_unavailable:ImportError
corn flour,,corn_flour,Corn Flour,cereal_starch_or_legume,carb,not_found,,,,,,1,0,0,2 teaspoons corn flour,Simple Hot and Sour Soup,needs_external_source,needs_review,gap_audit_candidate_but_no_controlled_local_source_selected; ciqual_source_unavailable:ImportError
corn kernels,,corn_kernels,Corn Kernels,cereal_starch_or_legume,carb,not_found,,,,,,1,0,0,"1 cup frozen corn kernels, thawed",Cold Rice Salad,needs_external_source,needs_review,gap_audit_candidate_but_no_controlled_local_source_selected; ciqual_source_unavailable:ImportError
crumbled feta cheese,,crumbled_feta_cheese,Crumbled Feta Cheese,dairy,dairy,not_found,,,,,,1,0,0,½ cup crumbled feta cheese (can use reduced-fat),My Big Fat Greek Omelet,needs_external_source,needs_review,gap_audit_candidate_but_no_controlled_local_source_selected; ciqual_source_unavailable:ImportError
egg noodles,,egg_noodles,Egg Noodles,meat_fish_egg_or_legume,protein,not_found,,,,,,1,0,0,2 cups thin egg noodles,Super Easy Chicken Noodle Soup,needs_external_source,needs_review,gap_audit_candidate_but_no_controlled_local_source_selected; ciqual_source_unavailable:ImportError
feta cheese,,feta_cheese,Feta Cheese,dairy,dairy,not_found,,,,,,1,0,0,1 cup feta cheese,Zucchini Chicken Rice Casserole,needs_external_source,needs_review,gap_audit_candidate_but_no_controlled_local_source_selected; ciqual_source_unavailable:ImportError
finely mozzarella cheese,,finely_mozzarella_cheese,Finely Mozzarella Cheese,dairy,dairy,not_found,,,,,,1,0,0,2 cups finely shredded mozzarella cheese,Kelsey's Favorite Stuffed Green Peppers,needs_external_source,needs_review,gap_audit_candidate_but_no_controlled_local_source_selected; ciqual_source_unavailable:ImportError
firm tofu,,firm_tofu,Firm Tofu,meat_fish_egg_or_legume,protein,not_found,,,,,,1,0,0,"1 (12 ounce) package extra-firm tofu, drained and diced",Tofu and Rice Stuffed Peppers,needs_external_source,needs_review,gap_audit_candidate_but_no_controlled_local_source_selected; ciqual_source_unavailable:ImportError
fish sauce,,fish_sauce,Fish Sauce,meat_fish_egg_or_legume,protein,not_found,,,,,,1,0,0,2 teaspoons fish sauce,One Pot Turmeric Chicken and Rice,needs_external_source,needs_review,gap_audit_candidate_but_no_controlled_local_source_selected; ciqual_source_unavailable:ImportError
flour tortillas,,flour_tortillas,Flour Tortillas,cereal_starch_or_legume,carb,not_found,,,,,,1,0,0,"12 flour tortillas, warmed",Blackened Shrimp Tacos,needs_external_source,needs_review,gap_audit_candidate_but_no_controlled_local_source_selected; ciqual_source_unavailable:ImportError
fluid ounces chicken stock,,fluid_ounces_chicken_stock,Fluid Ounces Chicken Stock,sauce,sauce,not_found,,,,,,1,0,0,10 fluid ounces chicken stock,Simple Hot and Sour Soup,needs_external_source,needs_review,gap_audit_candidate_but_no_controlled_local_source_selected; ciqual_source_unavailable:ImportError
gluten free chicken broth,,gluten_free_chicken_broth,Gluten Free Chicken Broth,sauce,sauce,not_found,,,,,,1,0,0,2 cups gluten-free chicken broth,Thanksgiving Gluten-Free Stuffing,needs_external_source,needs_review,gap_audit_candidate_but_no_controlled_local_source_selected; ciqual_source_unavailable:ImportError
green bell pepper,,green_bell_pepper,Green Bell Pepper,vegetable,veg,not_found,,,,,,5,0,0,"1 green bell pepper, chopped | 1 medium green bell pepper, diced | ½ cup chopped green bell pepper | 1 small green bell pepper, chopped | 1 small green bell pepper, seeded and diced",Spicy Sausage and Rice Casserole | Ground Beef Casserole with Rice | Black-Eyed Peas and Rice | Vegetable Fried Rice | American Potato Salad,needs_external_source,needs_review,gap_audit_candidate_but_no_controlled_local_source_selected; ciqual_source_unavailable:ImportError
heavy cream,,heavy_cream,Heavy Cream,dairy,dairy,not_found,,,,,,1,0,0,2 cups heavy cream,Creamy Morel Mushroom Soup,needs_external_source,needs_review,gap_audit_candidate_but_no_controlled_local_source_selected; ciqual_source_unavailable:ImportError
italian cheese blend,,italian_cheese_blend,Italian Cheese Blend,dairy,dairy,not_found,,,,,,1,0,0,6 cups shredded Italian cheese blend,Seafood Lasagna II,needs_external_source,needs_review,gap_audit_candidate_but_no_controlled_local_source_selected; ciqual_source_unavailable:ImportError
ketchup,,ketchup,Ketchup,other,other,not_found,,,,,,7,0,0,"½ cup ketchup | 2 tablespoons ketchup | 1/4 cup ketchup | 2 cups ketchup, divided | ½ cup ketchup, divided",Filipino Pork Adobo | Thai Fried Rice | Air Fryer Turkey Stuffed Peppers | BBQ Meatballs | Sweet and Sour Stuffed Cabbage,needs_external_source,needs_review,gap_audit_candidate_but_no_controlled_local_source_selected; ciqual_source_unavailable:ImportError
lasagna noodles,,lasagna_noodles,Lasagna Noodles,cereal_starch_or_legume,carb,not_found,,,,,,2,0,0,1 (16 ounce) package lasagna noodles | 9 lasagna noodles,Seafood Lasagna II | Linda's Lasagna Recipe,needs_external_source,needs_review,gap_audit_candidate_but_no_controlled_local_source_selected; ciqual_source_unavailable:ImportError
lemon juice,,lemon_juice,Lemon Juice,other,other,not_found,,,,,,8,0,0,2 tablespoons lemon juice | 2 tablespoons fresh lemon juice | ¾ cup lemon juice | 3 tablespoons lemon juice | ¼ cup lemon juice,Zucchini Chicken Rice Casserole | Roasted Tomato Hummus Toast | Adas bil Hamod (Lebanese Lentil Lemon Soup) | Sheet Pan Lemon Butter Garlic Shrimp with Asparagus | Pistachio Hummus,needs_external_source,needs_review,gap_audit_candidate_but_no_controlled_local_source_selected; ciqual_source_unavailable:ImportError
linguine pasta,,linguine_pasta,Linguine Pasta,cereal_starch_or_legume,carb,not_found,,,,,,1,0,0,1 (8 ounce) package linguine pasta,Shrimp Lemon Pepper Linguini,needs_external_source,needs_review,gap_audit_candidate_but_no_controlled_local_source_selected; ciqual_source_unavailable:ImportError
loaf crusty french bread,,loaf_crusty_french_bread,Loaf Crusty French Bread,cereal_starch_or_legume,carb,not_found,,,,,,1,0,0,"1 (8-ounce) loaf crusty French bread, cut into bite-sized pieces, or more as needed",Easy French Toast Casserole,needs_external_source,needs_review,gap_audit_candidate_but_no_controlled_local_source_selected; ciqual_source_unavailable:ImportError
loaf focaccia bread,,loaf_focaccia_bread,Loaf Focaccia Bread,cereal_starch_or_legume,carb,not_found,,,,,,1,0,0,1 (1 pound) loaf focaccia bread,Grilled Mediterranean Vegetable Sandwich,needs_external_source,needs_review,gap_audit_candidate_but_no_controlled_local_source_selected; ciqual_source_unavailable:ImportError
loaf gluten free bread,,loaf_gluten_free_bread,Loaf Gluten Free Bread,cereal_starch_or_legume,carb,not_found,,,,,,1,0,0,1 (1 pound) loaf gluten-free bread,Thanksgiving Gluten-Free Stuffing,needs_external_source,needs_review,gap_audit_candidate_but_no_controlled_local_source_selected; ciqual_source_unavailable:ImportError
loaf italian bread,,loaf_italian_bread,Loaf Italian Bread,cereal_starch_or_legume,carb,not_found,,,,,,1,0,0,1 (1 pound) loaf Italian bread,Mid-Summer Italian Bread Salad,needs_external_source,needs_review,gap_audit_candidate_but_no_controlled_local_source_selected; ciqual_source_unavailable:ImportError
low sodium chicken broth,,low_sodium_chicken_broth,Low Sodium Chicken Broth,sauce,sauce,not_found,,,,,,1,0,0,2 cups low-sodium chicken broth,Hibachi Chicken and Rice Casserole,needs_external_source,needs_review,gap_audit_candidate_but_no_controlled_local_source_selected; ciqual_source_unavailable:ImportError
mafalda noodles,,mafalda_noodles,Mafalda Noodles,cereal_starch_or_legume,carb,not_found,,,,,,1,0,0,2 cups dried mafalda noodles,Easy Skillet Lasagna,needs_external_source,needs_review,gap_audit_candidate_but_no_controlled_local_source_selected; ciqual_source_unavailable:ImportError
mashed potatoes,,mashed_potatoes,Mashed Potatoes,cereal_starch_or_legume,carb,not_found,,,,,,1,0,0,2 cups mashed potatoes,Homemade Hash Browns,needs_external_source,needs_review,gap_audit_candidate_but_no_controlled_local_source_selected; ciqual_source_unavailable:ImportError
monterey jack cheese,,monterey_jack_cheese,Monterey Jack Cheese,dairy,dairy,not_found,,,,,,1,0,0,2 cups shredded Monterey Jack cheese,White Chili with Ground Turkey,needs_external_source,needs_review,gap_audit_candidate_but_no_controlled_local_source_selected; ciqual_source_unavailable:ImportError
navy beans,,navy_beans,Navy Beans,meat_fish_egg_or_legume,protein,not_found,,,,,,1,0,0,1 (16 ounce) package dried navy beans,Navy Bean Soup,needs_external_source,needs_review,gap_audit_candidate_but_no_controlled_local_source_selected; ciqual_source_unavailable:ImportError
oil for deep frying,,oil_for_deep_frying,Oil For Deep Frying,fat_oil,fat,not_found,,,,,,1,0,0,4 cups oil for deep frying,Fried Cauliflower,needs_external_source,needs_review,gap_audit_candidate_but_no_controlled_local_source_selected; ciqual_source_unavailable:ImportError
oil for frying,,oil_for_frying,Oil For Frying,fat_oil,fat,not_found,,,,,,1,0,0,"oil for frying, or as needed",Copycat McChicken Sandwich,needs_external_source,needs_review,gap_audit_candidate_but_no_controlled_local_source_selected; ciqual_source_unavailable:ImportError
ounces mung beans,,ounces_mung_beans,Ounces Mung Beans,meat_fish_egg_or_legume,protein,not_found,,,,,,1,0,0,ounces raw mung beans,Mongo Guisado (Mung Bean Soup),needs_external_source,needs_review,gap_audit_candidate_but_no_controlled_local_source_selected; ciqual_source_unavailable:ImportError
parmigiano reggiano cheese,,parmigiano_reggiano_cheese,Parmigiano Reggiano Cheese,dairy,dairy,not_found,,,,,,2,0,0,"1/2 cup Parmigiano Reggiano cheese, plus more for serving | 2 tablespoons grated Parmigiano-Reggiano cheese",Spaghetti Squash Carbonara | Zoodles alla Carbonara,needs_external_source,needs_review,gap_audit_candidate_but_no_controlled_local_source_selected; ciqual_source_unavailable:ImportError
peas,,peas,Peas,other,other,not_found,,,,,,4,0,0,"1 cup frozen peas, thawed | ⅓ cup frozen peas, thawed | ¼ cup peas",Steak Fried Rice | Cold Rice Salad | Chinese Shrimp and Tofu Soup | Crab Omelet,needs_external_source,needs_review,gap_audit_candidate_but_no_controlled_local_source_selected; ciqual_source_unavailable:ImportError
pecorino romano cheese,,pecorino_romano_cheese,Pecorino Romano Cheese,dairy,dairy,not_found,,,,,,1,0,0,1/2 cup pecorino Romano cheese,Spaghetti Squash Carbonara,needs_external_source,needs_review,gap_audit_candidate_but_no_controlled_local_source_selected; ciqual_source_unavailable:ImportError
pinto beans,,pinto_beans,Pinto Beans,meat_fish_egg_or_legume,protein,not_found,,,,,,1,0,0,"1 (14 ounce) can pinto beans, rinsed and drained",Mexican Rice and Beans,needs_external_source,needs_review,gap_audit_candidate_but_no_controlled_local_source_selected; ciqual_source_unavailable:ImportError
prepared pasta sauce,,prepared_pasta_sauce,Prepared Pasta Sauce,cereal_starch_or_legume,carb,not_found,,,,,,1,0,0,2 (24 ounce) jars prepared pasta sauce,Randy's Slow Cooker Ravioli Lasagna,needs_external_source,needs_review,gap_audit_candidate_but_no_controlled_local_source_selected; ciqual_source_unavailable:ImportError
provolone cheese,,provolone_cheese,Provolone Cheese,dairy,dairy,not_found,,,,,,1,0,0,"1 cup provolone cheese, divided",Zucchini Chicken Rice Casserole,needs_external_source,needs_review,gap_audit_candidate_but_no_controlled_local_source_selected; ciqual_source_unavailable:ImportError
quart chicken stock,,quart_chicken_stock,Quart Chicken Stock,sauce,sauce,not_found,,,,,,1,0,0,1 quart chicken stock,Chinese Shrimp and Tofu Soup,needs_external_source,needs_review,gap_audit_candidate_but_no_controlled_local_source_selected; ciqual_source_unavailable:ImportError
red bell pepper,,red_bell_pepper,Red Bell Pepper,vegetable,veg,not_found,,,,,,5,0,0,"1 red bell pepper, chopped | 1 cup chopped red bell pepper | 1 red bell pepper, thinly sliced | 1 large red bell pepper",Spicy Sausage and Rice Casserole | Neck Bones and Lima Beans | Garlic Chicken Stir Fry | Crab Omelet | Chef John's Jollof Rice,needs_external_source,needs_review,gap_audit_candidate_but_no_controlled_local_source_selected; ciqual_source_unavailable:ImportError
red lentils,,red_lentils,Red Lentils,meat_fish_egg_or_legume,protein,not_found,,,,,,1,0,0,1 cup red lentils,Spicy Indian Dahl,needs_external_source,needs_review,gap_audit_candidate_but_no_controlled_local_source_selected; ciqual_source_unavailable:ImportError
red pepper,,red_pepper,Red Pepper,vegetable,veg,not_found,,,,,,4,0,0,1/2 teaspoon crushed red pepper | 1/4 teaspoon crushed red pepper | ½ teaspoon crushed red pepper,Shrimp Marinara | Zucchini Chicken Rice Casserole | Air Fryer Lemon Garlic Parmesan Chicken | Szechwan Shrimp,needs_external_source,needs_review,gap_audit_candidate_but_no_controlled_local_source_selected; ciqual_source_unavailable:ImportError
reduced sodium chicken broth,,reduced_sodium_chicken_broth,Reduced Sodium Chicken Broth,sauce,sauce,not_found,,,,,,2,0,0,2 cups reduced sodium chicken broth | 2 cups reduced-sodium chicken broth,Slow Cooker Chicken and Rice | Zucchini Chicken Rice Casserole,needs_external_source,needs_review,gap_audit_candidate_but_no_controlled_local_source_selected; ciqual_source_unavailable:ImportError
rice paper wrappers,,rice_paper_wrappers,Rice Paper Wrappers,cereal_starch_or_legume,carb,not_found,,,,,,1,0,0,12 rice paper wrappers,Baked Chicken and Vegetable Rice Paper Rolls,needs_external_source,needs_review,gap_audit_candidate_but_no_controlled_local_source_selected; ciqual_source_unavailable:ImportError
rice vermicelli,,rice_vermicelli,Rice Vermicelli,cereal_starch_or_legume,carb,not_found,,,,,,1,0,0,1 (8 ounce) package rice vermicelli,Vietnamese Salad Rolls,needs_external_source,needs_review,gap_audit_candidate_but_no_controlled_local_source_selected; ciqual_source_unavailable:ImportError
rice wine,,rice_wine,Rice Wine,cereal_starch_or_legume,carb,not_found,,,,,,2,0,0,2 tablespoons rice wine | 1 tablespoon rice wine,Korean Fried Pork With Stir-Fried Celery | Korean BBQ Beef (Pul-Kogi),needs_external_source,needs_review,gap_audit_candidate_but_no_controlled_local_source_selected; ciqual_source_unavailable:ImportError
rice wrappers,,rice_wrappers,Rice Wrappers,cereal_starch_or_legume,carb,not_found,,,,,,1,0,0,8 rice wrappers (6.5 inch diameter),Vietnamese Salad Rolls,needs_external_source,needs_review,gap_audit_candidate_but_no_controlled_local_source_selected; ciqual_source_unavailable:ImportError
rigatoni pasta,,rigatoni_pasta,Rigatoni Pasta,cereal_starch_or_legume,carb,not_found,,,,,,1,0,0,1 ½ (16 ounce) packages rigatoni pasta,Baked Rigatoni,needs_external_source,needs_review,gap_audit_candidate_but_no_controlled_local_source_selected; ciqual_source_unavailable:ImportError
russet potatoes,,russet_potatoes,Russet Potatoes,cereal_starch_or_legume,carb,not_found,,,,,,3,0,0,"2 russet potatoes, cut into small pieces | 2 medium russet potatoes, | 2 large russet potatoes, peeled and shredded","Potato Leek Latkes | Turkey Sausage, Potato, Brussels Sprouts, and Apple Hash | Potato and Cheese Frittata",needs_external_source,needs_review,gap_audit_candidate_but_no_controlled_local_source_selected; ciqual_source_unavailable:ImportError
sausage flavored spaghetti sauce,,sausage_flavored_spaghetti_sauce,Sausage Flavored Spaghetti Sauce,cereal_starch_or_legume,carb,not_found,,,,,,1,0,0,1 (28 ounce) jar sausage flavored spaghetti sauce,Alysia's Basic Meat Lasagna,needs_external_source,needs_review,gap_audit_candidate_but_no_controlled_local_source_selected; ciqual_source_unavailable:ImportError
silken tofu,,silken_tofu,Silken Tofu,meat_fish_egg_or_legume,protein,not_found,,,,,,1,0,0,"½ (12 ounce) package silken tofu, cut into 1/2-inch cubes",Simple Hot and Sour Soup,needs_external_source,needs_review,gap_audit_candidate_but_no_controlled_local_source_selected; ciqual_source_unavailable:ImportError
sourdough bread,,sourdough_bread,Sourdough Bread,cereal_starch_or_legume,carb,not_found,,,,,,1,0,0,8 slices sourdough bread,Roasted Tomato Hummus Toast,needs_external_source,needs_review,gap_audit_candidate_but_no_controlled_local_source_selected; ciqual_source_unavailable:ImportError
spaghetti sauce,,spaghetti_sauce,Spaghetti Sauce,cereal_starch_or_legume,carb,not_found,,,,,,1,0,0,½ (28 ounce) jar spaghetti sauce,Easy Skillet Lasagna,needs_external_source,needs_review,gap_audit_candidate_but_no_controlled_local_source_selected; ciqual_source_unavailable:ImportError
spaghetti squash,,spaghetti_squash,Spaghetti Squash,cereal_starch_or_legume,carb,not_found,,,,,,1,0,0,1 large spaghetti squash (4 to 5 pounds),Spaghetti Squash Carbonara,needs_external_source,needs_review,gap_audit_candidate_but_no_controlled_local_source_selected; ciqual_source_unavailable:ImportError
tilapia filets,,tilapia_filets,Tilapia Filets,meat_fish_egg_or_legume,protein,not_found,,,,,,1,0,0,4 (4 ounce) tilapia filets,Sheet Pan Tilapia and Potatoes,needs_external_source,needs_review,gap_audit_candidate_but_no_controlled_local_source_selected; ciqual_source_unavailable:ImportError
tortilla,,tortilla,Tortilla,cereal_starch_or_legume,carb,not_found,,,,,,1,0,0,1 (10-inch) tortilla,Easy Breakfast Tortilla Pizza,needs_external_source,needs_review,gap_audit_candidate_but_no_controlled_local_source_selected; ciqual_source_unavailable:ImportError
tortilla chips,,tortilla_chips,Tortilla Chips,cereal_starch_or_legume,carb,not_found,,,,,,1,0,0,1/2 cup tortilla chips,BBQ Meatballs,needs_external_source,needs_review,gap_audit_candidate_but_no_controlled_local_source_selected; ciqual_source_unavailable:ImportError
turkey carcass,,turkey_carcass,Turkey Carcass,meat_fish_egg_or_legume,protein,not_found,,,,,,1,0,0,1 turkey carcass,Classic Turkey and Rice Soup,needs_external_source,needs_review,gap_audit_candidate_but_no_controlled_local_source_selected; ciqual_source_unavailable:ImportError
uncooked quinoa,,uncooked_quinoa,Uncooked Quinoa,cereal_starch_or_legume,carb,not_found,,,,,,1,0,0,"2 cups uncooked quinoa, rinsed",Quinoa Chard Pilaf,needs_external_source,needs_review,gap_audit_candidate_but_no_controlled_local_source_selected; ciqual_source_unavailable:ImportError
unsalted natural style peanut butter,,unsalted_natural_style_peanut_butter,Unsalted Natural Style Peanut Butter,fat_oil,fat,not_found,,,,,,1,0,0,¾ cup unsalted natural-style peanut butter,African Chicken Stew,needs_external_source,needs_review,gap_audit_candidate_but_no_controlled_local_source_selected; ciqual_source_unavailable:ImportError
vegetable oil for frying,,vegetable_oil_for_frying,Vegetable Oil For Frying,fat_oil,fat,not_found,,,,,,1,0,0,vegetable oil for frying,Margaret's Keftedes (Greek Meatballs),needs_external_source,needs_review,gap_audit_candidate_but_no_controlled_local_source_selected; ciqual_source_unavailable:ImportError
white bread,,white_bread,White Bread,cereal_starch_or_legume,carb,not_found,,,,,,2,0,0,"6 slices white bread, cut into cubes | 9 slices white bread",Mary's Meatloaf | Cinnamon and Sugar French Waffle Toast,needs_external_source,needs_review,gap_audit_candidate_but_no_controlled_local_source_selected; ciqual_source_unavailable:ImportError
white potatoes,,white_potatoes,White Potatoes,cereal_starch_or_legume,carb,not_found,,,,,,1,0,0,"2 white potatoes, cubed",Camp Breakfast,needs_external_source,needs_review,gap_audit_candidate_but_no_controlled_local_source_selected; ciqual_source_unavailable:ImportError
whole beef tenderloin,,whole_beef_tenderloin,Whole Beef Tenderloin,meat_fish_egg_or_legume,protein,not_found,,,,,,1,0,0,1 (5 pound) whole beef tenderloin,Grilled Beef Tenderloin with Herb-Garlic-Pepper Coating,needs_external_source,needs_review,gap_audit_candidate_but_no_controlled_local_source_selected; ciqual_source_unavailable:ImportError
whole chicken,,whole_chicken,Whole Chicken,meat_fish_egg_or_legume,protein,not_found,,,,,,1,0,0,"1 (4 pound) whole chicken, cut into pieces",Homemade Roasted Chicken Noodle Soup,needs_external_source,needs_review,gap_audit_candidate_but_no_controlled_local_source_selected; ciqual_source_unavailable:ImportError
yellow potatoes,,yellow_potatoes,Yellow Potatoes,cereal_starch_or_legume,carb,not_found,,,,,,1,0,0,"3 yellow potatoes, peeled and grated",Harvest Patties,needs_external_source,needs_review,gap_audit_candidate_but_no_controlled_local_source_selected; ciqual_source_unavailable:ImportError
zucchini,,zucchini,Zucchini,vegetable,veg,not_found,,,,,,8,0,0,"1 large zucchini, halved and sliced | 1 cup zucchini | 2 zucchini | 4 cups zucchini (about 2 zucchini) | 1 extra large zucchini, cut into noodle-shape strands",Garbanzo Stir-Fry | Hibachi Chicken and Rice Casserole | Ground Turkey and Zucchini Skillet | Zucchini Chicken Rice Casserole | Zoodles alla Carbonara,needs_external_source,needs_review,gap_audit_candidate_but_no_controlled_local_source_selected; ciqual_source_unavailable:ImportError
water,,water,Water,other,other,not_found,,,,,,55,54,33695,3 cups water | 1/4 cup water | 2 cups water | 10 cups water | 1/2 cup water,Angela's Asian-Inspired Chicken Noodle Soup | Turmeric Black Pepper Chicken with Broccoli | Kelsey's Favorite Stuffed Green Peppers | Grandma's Chinese Vegetable Soup | Linda's Lasagna Recipe,keep_unmapped,safe_auto,water_low_macro_priority_not_needed_for_macro_cache; ciqual_source_unavailable:ImportError
beef short ribs,,beef_short_ribs,Beef Short Ribs,meat_fish_egg_or_legume,protein,not_found,,,,,,1,1,1814.37,4 pounds beef short ribs,Braised Beef Short Ribs,keep_unmapped,needs_review,no_controlled_candidate_plan; ciqual_source_unavailable:ImportError
pork shoulder,,pork_shoulder,Pork Shoulder,meat_fish_egg_or_legume,protein,not_found,,,,,,1,1,1814.37,4 pounds pork shoulder,Campfire Carnitas,keep_unmapped,needs_review,no_controlled_candidate_plan; ciqual_source_unavailable:ImportError
mayonnaise,,mayonnaise,Mayonnaise,other,other,not_found,,,,,,13,1,850.49,1/2 cup mayonnaise | 4 tablespoons mayonnaise | 2 teaspoons mayonnaise | 1 cup mayonnaise | 2 tablespoons mayonnaise,"Salmon Couscous Salad | Grilled Mediterranean Vegetable Sandwich | Air Fryer Everything-Bagel Salmon Dinner | Shrimp Vermicelli Salad | Asian Pasta Salad with Beef, Broccoli and Bean Sprouts",keep_unmapped,needs_review,no_controlled_candidate_plan; ciqual_source_unavailable:ImportError
asparagus,,asparagus,Asparagus,other,other,not_found,,,,,,2,2,680.39,"1 pound fresh asparagus, trimmed | 8 ounces fresh asparagus, trimmed and cut into 1-inch pieces",Sheet Pan Lemon Butter Garlic Shrimp with Asparagus | Asparagus and Mushroom Frittata,keep_unmapped,needs_review,no_controlled_candidate_plan; ciqual_source_unavailable:ImportError
flank steak,,flank_steak,Flank Steak,other,other,not_found,,,,,,3,2,680.39,"1/2 pound flank steak, sliced across grain 1/4-inch thick | 1 (1 pound) flank steak | 1 pound flank steak, sliced across the grain",Beef and Broccoli Udon Noodles | Steak Fried Rice | Korean Sweet Potato Noodles (Japchae),keep_unmapped,needs_review,no_controlled_candidate_plan; ciqual_source_unavailable:ImportError
pork loin,,pork_loin,Pork Loin,meat_fish_egg_or_legume,protein,not_found,,,,,,2,2,566.99,"1 pound pork loin, cut into strips | 4 ounces boneless pork loin, cut into 1-inch cubes",Korean Fried Pork With Stir-Fried Celery | Mongo Guisado (Mung Bean Soup),keep_unmapped,needs_review,no_controlled_candidate_plan; ciqual_source_unavailable:ImportError
basmati rice,,basmati_rice,Basmati Rice,cereal_starch_or_legume,carb,not_found,,,,,,2,2,555,1 cup basmati rice | 2 cups basmati rice,Mexican Rice and Beans | Swamp Rice,keep_unmapped,needs_review,no_controlled_candidate_plan; ciqual_source_unavailable:ImportError
20 fat or higher preferred,,20_fat_or_higher_preferred,20 Fat Or Higher Preferred,other,other,not_found,,,,,,1,1,453.59,"1 pound ground beef, 20% fat or higher preferred",BBQ Meatballs,keep_unmapped,needs_review,no_controlled_candidate_plan; ciqual_source_unavailable:ImportError
beef flank steak,,beef_flank_steak,Beef Flank Steak,meat_fish_egg_or_legume,protein,not_found,,,,,,1,1,453.59,"1 pound beef flank steak, thinly sliced","Super-Simple, Super-Spicy Mongolian Beef",keep_unmapped,needs_review,no_controlled_candidate_plan; ciqual_source_unavailable:ImportError
chicken meat,,chicken_meat,Chicken Meat,meat_fish_egg_or_legume,protein,not_found,,,,,,1,1,453.59,"1 pound boneless, skinless chicken meat",Super Easy Chicken Noodle Soup,keep_unmapped,needs_review,no_controlled_candidate_plan; ciqual_source_unavailable:ImportError
and pork cut into 1 4 inch strips,,and_pork_cut_into_1_4_inch_strips,And Pork Cut Into 1 4 Inch Strips,meat_fish_egg_or_legume,protein,not_found,,,,,,1,1,340.19,"¾ pound pork tenderloin, fat trimmed and pork cut into 1/4-inch strips",Easy Moo Shu Pork,keep_unmapped,needs_review,no_controlled_candidate_plan; ciqual_source_unavailable:ImportError
wild rice,,wild_rice,Wild Rice,cereal_starch_or_legume,carb,not_found,,,,,,1,1,277.5,1 ½ cups cooked wild rice,Nut Loaf Supreme,keep_unmapped,needs_review,no_controlled_candidate_plan; ciqual_source_unavailable:ImportError
broccoli,,broccoli,Broccoli,other,other,not_found,,,,,,5,1,226.8,"1/2 pound broccoli | 1 cup broccoli | ½ head broccoli, cut into florets | 1 bunch raw broccoli, with stalk, chopped | 4 cups chopped fresh broccoli",Turmeric Black Pepper Chicken with Broccoli | Hibachi Chicken and Rice Casserole | Vegetable Curry with Coconut Milk | Cold Rice Salad | Broccoli Beef I,keep_unmapped,needs_review,no_controlled_candidate_plan; ciqual_source_unavailable:ImportError
brussels sprouts,,brussels_sprouts,Brussels Sprouts,other,other,not_found,,,,,,1,1,226.8,8 ounces Brussels sprouts,"Turkey Sausage, Potato, Brussels Sprouts, and Apple Hash",keep_unmapped,needs_review,no_controlled_candidate_plan; ciqual_source_unavailable:ImportError
pancetta,,pancetta,Pancetta,other,other,not_found,,,,,,1,1,226.8,8 ounces pancetta,Spaghetti Squash Carbonara,keep_unmapped,needs_review,no_controlled_candidate_plan; ciqual_source_unavailable:ImportError
spinach,,spinach,Spinach,other,other,not_found,,,,,,5,1,226.8,"8 ounces spinach | 4 cups chopped fresh spinach | 10 cups fresh spinach, trimmed | 2 cups chopped fresh spinach | ½ cup chopped fresh spinach",Greek Feta and Spinach Potato Casserole | Indian Sweet Potato and Lentil Soup | Spinach and Ricotta Tortellini | Low-Carb Meatloaf | Egg Scramble,keep_unmapped,needs_review,no_controlled_candidate_plan; ciqual_source_unavailable:ImportError
tofu,,tofu,Tofu,other,other,not_found,,,,,,2,1,226.8,"½ cup tofu | 8 ounces tofu, diced small",Fried Rice with Tofu | Chinese Shrimp and Tofu Soup,keep_unmapped,needs_review,no_controlled_candidate_plan; ciqual_source_unavailable:ImportError
shelled and deveined,,shelled_and_deveined,Shelled And Deveined,other,other,not_found,,,,,,1,1,170.1,"6 ounces raw small shrimp, shelled and deveined",Chinese Shrimp and Tofu Soup,keep_unmapped,needs_review,no_controlled_candidate_plan; ciqual_source_unavailable:ImportError
and deveined prawns,,and_deveined_prawns,And Deveined Prawns,other,other,not_found,,,,,,1,1,113.4,4 ounces peeled and deveined prawns,Mongo Guisado (Mung Bean Soup),keep_unmapped,needs_review,no_controlled_candidate_plan; ciqual_source_unavailable:ImportError
egg yolk,,egg_yolk,Egg Yolk,meat_fish_egg_or_legume,protein,not_found,,,,,,2,2,100,1 egg yolk,BLT Pasta Carbonara | Zoodles alla Carbonara,keep_unmapped,needs_review,no_controlled_candidate_plan; ciqual_source_unavailable:ImportError
eggplant,,eggplant,Eggplant,meat_fish_egg_or_legume,protein,not_found,,,,,,2,2,100,"1 eggplant, sliced into strips | 1 (1½ pound) eggplant, halved lengthwise",Grilled Mediterranean Vegetable Sandwich | Stuffed Eggplant,keep_unmapped,needs_review,no_controlled_candidate_plan; ciqual_source_unavailable:ImportError
quinoa or rice,,quinoa_or_rice,Quinoa Or Rice,cereal_starch_or_legume,carb,not_found,,,,,,1,1,92.5,1/2 cup quinoa or rice,Hot Honey Salmon Bowls,keep_unmapped,needs_review,no_controlled_candidate_plan; ciqual_source_unavailable:ImportError
light soy sauce,,light_soy_sauce,Light Soy Sauce,other,other,not_found,,,,,,2,2,80,2 tablespoons light soy sauce | 3 tablespoons light soy sauce,Thai Fried Rice | Dad's Pan-Fried Green Beans,keep_unmapped,needs_review,no_controlled_candidate_plan; ciqual_source_unavailable:ImportError
garlic cloves,,garlic_cloves,Garlic Cloves,other,other,not_found,,,,,,5,5,75,"3 medium garlic cloves, minced | 4 garlic cloves, | 4 garlic cloves | 6 garlic cloves, | 8 large garlic cloves, minced","Asian Pasta Salad with Beef, Broccoli and Bean Sprouts | Air Fryer Turkey Stuffed Peppers | Steak and Broccoli Stir Fry | Campfire Carnitas | Grilled Beef Tenderloin with Herb-Garlic-Pepper Coating",keep_unmapped,needs_review,no_controlled_candidate_plan; ciqual_source_unavailable:ImportError
virgin olive oil,,virgin_olive_oil,Virgin Olive Oil,fat_oil,fat,not_found,,,,,,2,2,67.5,3 tablespoons extra virgin olive oil | 2 tablespoons extra-virgin olive oil,Shrimp Marinara | Savory Vegetarian Quinoa,keep_unmapped,needs_review,no_controlled_candidate_plan; ciqual_source_unavailable:ImportError
balsamic vinegar,,balsamic_vinegar,Balsamic Vinegar,other,other,not_found,,,,,,3,3,60,"1 tablespoon balsamic vinegar | 2 tablespoons balsamic vinegar, or as needed",Shrimp Marinara | Dad's Pan-Fried Green Beans | Mid-Summer Italian Bread Salad,keep_unmapped,needs_review,no_controlled_candidate_plan; ciqual_source_unavailable:ImportError
or,,or,Or,other,other,not_found,,,,,,2,1,56.7,"⅔ cup shredded Pecorino cheese, or to taste | 2 ounces cubed pancetta, or to taste",Zoodles alla Carbonara,keep_unmapped,needs_review,no_controlled_candidate_plan; ciqual_source_unavailable:ImportError
olive oil,,olive_oil,Olive Oil,fat_oil,fat,not_found,,,,,,1,1,54,"¼ cup olive oil, or as needed",Mid-Summer Italian Bread Salad,keep_unmapped,needs_review,no_controlled_candidate_plan; ciqual_source_unavailable:ImportError
egg white,,egg_white,Egg White,meat_fish_egg_or_legume,protein,not_found,,,,,,1,1,50,1 large egg white,"Velveting Chicken Breast, Chinese Restaurant Style",keep_unmapped,needs_review,no_controlled_candidate_plan; ciqual_source_unavailable:ImportError
shiitake mushrooms,,shiitake_mushrooms,Shiitake Mushrooms,vegetable,veg,not_found,,,,,,1,1,49.61,1 ¾ ounces dried shiitake mushrooms,Simple Hot and Sour Soup,keep_unmapped,needs_review,no_controlled_candidate_plan; ciqual_source_unavailable:ImportError
soy sauce,,soy_sauce,Soy Sauce,other,other,not_found,,,,,,1,1,48,"3 tablespoons soy sauce, divided, or to taste",Fried Rice with Tofu,keep_unmapped,needs_review,no_controlled_candidate_plan; ciqual_source_unavailable:ImportError
sugar,,sugar,Sugar,other,other,not_found,,,,,,4,4,37.6,2 teaspoons sugar | 1 tablespoon sugar | 1 teaspoon sugar,"Greek Green Beans | Mom's Goulash in the Microwave | Asian Pasta Salad with Beef, Broccoli and Bean Sprouts | Beefy Chinese Dumplings",keep_unmapped,needs_review,no_controlled_candidate_plan; ciqual_source_unavailable:ImportError
seasoned salt,,seasoned_salt,Seasoned Salt,seasoning,seasoning,not_found,,,,,,4,4,31.5,"1 tablespoon seasoned salt, or to taste | 1 teaspoon seasoned salt | 1/4 teaspoon seasoned salt",Classic Goulash | Neck Bones and Lima Beans | Air Fryer Garlic Green Beans | Filipino Chicken Salad,keep_unmapped,needs_review,seasoning_mix_not_a_core_macro_gap; ciqual_source_unavailable:ImportError
salt,,salt,Salt,seasoning,seasoning,not_found,,,,,,23,3,16.5,"salt to taste | 3/4 teaspoon salt, divided, or to taste | 1 teaspoon salt, or to taste",Stir Fried Pasta with Veggies | Kelsey's Favorite Stuffed Green Peppers | Grandma's Chinese Vegetable Soup | Spaghetti Squash Carbonara | Greek Green Beans,keep_unmapped,needs_review,no_controlled_candidate_plan; ciqual_source_unavailable:ImportError
salt free seasoning,,salt_free_seasoning,Salt Free Seasoning,seasoning,seasoning,not_found,,,,,,1,1,6,"1 teaspoon salt-free seasoning,",Homemade Turkey Sausage Patties,keep_unmapped,needs_review,no_controlled_candidate_plan; ciqual_source_unavailable:ImportError
sea salt,,sea_salt,Sea Salt,seasoning,seasoning,not_found,,,,,,1,1,3,½ teaspoon sea salt,Garlic Hummus,keep_unmapped,needs_review,no_controlled_candidate_plan; ciqual_source_unavailable:ImportError
black pepper,,black_pepper,Black Pepper,vegetable,veg,not_found,,,,,,16,0,0,"ground black pepper to taste | Black pepper, to taste | black pepper to taste",Salmon Couscous Salad | Garbanzo Stir-Fry | Stir Fried Pasta with Veggies | Kelsey's Favorite Stuffed Green Peppers | Tofu and Rice Stuffed Peppers,keep_unmapped,needs_review,no_controlled_candidate_plan; ciqual_source_unavailable:ImportError
mild italian sausage links,,mild_italian_sausage_links,Mild Italian Sausage Links,other,other,not_found,,,,,,1,1,907.18,"2 pounds mild Italian sausage links, casings removed",Baked Rigatoni,keep_review,needs_review,gap_audit_candidate_but_no_controlled_local_source_selected; ciqual_source_unavailable:ImportError
tomatillos,,tomatillos,Tomatillos,other,other,not_found,,,,,,1,1,907.18,"2 pounds fresh tomatillos, husks removed",Fish Tacos al Pastor,keep_review,needs_review,gap_audit_candidate_but_no_controlled_local_source_selected; ciqual_source_unavailable:ImportError
ham,,ham,Ham,other,other,not_found,,,,,,4,3,510.3,"1 cup lean diced ham | ½ pound diced cooked ham | 2 ounces cooked ham, thinly sliced | ½ pound chopped ham",Black-Eyed Peas and Rice | Dad's Lima Bean Soup with Ham Bone | Simple Hot and Sour Soup | Navy Bean Soup,keep_review,needs_review,gap_audit_candidate_but_no_controlled_local_source_selected; ciqual_source_unavailable:ImportError
baby portobello mushrooms,,baby_portobello_mushrooms,Baby Portobello Mushrooms,vegetable,veg,not_found,,,,,,1,1,453.59,"1 pound baby portobello mushrooms, sliced",Seafood Lasagna II,keep_review,needs_review,gap_audit_candidate_but_no_controlled_local_source_selected; ciqual_source_unavailable:ImportError
broccoli florets,,broccoli_florets,Broccoli Florets,vegetable,veg,not_found,,,,,,5,1,453.59,"2 cups broccoli florets | 1 pound broccoli florets, chopped into bite-sized pieces | 1 1/2 cups broccoli florets | 5 ½ cups broccoli florets",Stir Fried Pasta with Veggies | Air Fryer Everything-Bagel Salmon Dinner | Teriyaki Chicken with Mushrooms and Broccoli | Steak and Broccoli Stir Fry | Broccoli and Carrot Stir Fry,keep_review,needs_review,gap_audit_candidate_but_no_controlled_local_source_selected; ciqual_source_unavailable:ImportError
imitation crabmeat,,imitation_crabmeat,Imitation Crabmeat,other,other,not_found,,,,,,1,1,453.59,"1 pound imitation crabmeat, chopped",Seafood Lasagna II,keep_review,needs_review,gap_audit_candidate_but_no_controlled_local_source_selected; ciqual_source_unavailable:ImportError
ribeye steak,,ribeye_steak,Ribeye Steak,other,other,not_found,,,,,,1,1,453.59,1 pound ribeye steak,Steak and Broccoli Stir Fry,keep_review,needs_review,gap_audit_candidate_but_no_controlled_local_source_selected; ciqual_source_unavailable:ImportError
round steak,,round_steak,Round Steak,other,other,not_found,,,,,,1,1,453.59,"1 pound boneless round steak, cut into bite size pieces",Broccoli Beef I,keep_review,needs_review,gap_audit_candidate_but_no_controlled_local_source_selected; ciqual_source_unavailable:ImportError
sirloin steak,,sirloin_steak,Sirloin Steak,other,other,not_found,,,,,,1,1,453.59,"1 pound sirloin steak,",Sheet Pan Garlic Butter Steak Bites with Veggies,keep_review,needs_review,gap_audit_candidate_but_no_controlled_local_source_selected; ciqual_source_unavailable:ImportError
whole wheat elbow macaroni,,whole_wheat_elbow_macaroni,Whole Wheat Elbow Macaroni,other,other,not_found,,,,,,1,1,382.72,13 ½ ounces whole wheat elbow macaroni,BLT Pasta Carbonara,keep_review,needs_review,gap_audit_candidate_but_no_controlled_local_source_selected; ciqual_source_unavailable:ImportError
cold water,,cold_water,Cold Water,other,other,not_found,,,,,,1,1,240,1 cup cold water,Homemade Roasted Chicken Noodle Soup,keep_review,needs_review,gap_audit_candidate_but_no_controlled_local_source_selected; ciqual_source_unavailable:ImportError
cut into 1 2 inch pieces,,cut_into_1_2_inch_pieces,Cut Into 1 2 Inch Pieces,other,other,not_found,,,,,,1,1,226.8,"½ pound sliced bacon, cut into 1/2-inch pieces",BLT Pasta Carbonara,keep_review,needs_review,gap_audit_candidate_but_no_controlled_local_source_selected; ciqual_source_unavailable:ImportError
guacamole,,guacamole,Guacamole,other,other,not_found,,,,,,1,1,226.8,8 ounces guacamole,Blackened Shrimp Tacos,keep_review,needs_review,gap_audit_candidate_but_no_controlled_local_source_selected; ciqual_source_unavailable:ImportError
lamb,,lamb,Lamb,other,other,not_found,,,,,,1,1,226.8,½ pound ground lamb,Margaret's Keftedes (Greek Meatballs),keep_review,needs_review,gap_audit_candidate_but_no_controlled_local_source_selected; ciqual_source_unavailable:ImportError
morel mushrooms,,morel_mushrooms,Morel Mushrooms,vegetable,veg,not_found,,,,,,1,1,226.8,"8 ounces fresh morel mushrooms, sliced",Creamy Morel Mushroom Soup,keep_review,needs_review,gap_audit_candidate_but_no_controlled_local_source_selected; ciqual_source_unavailable:ImportError
spinach leaves,,spinach_leaves,Spinach Leaves,vegetable,veg,not_found,,,,,,1,1,226.8,8 ounces fresh spinach leaves,Mongo Guisado (Mung Bean Soup),keep_review,needs_review,gap_audit_candidate_but_no_controlled_local_source_selected; ciqual_source_unavailable:ImportError
sweet italian sausage,,sweet_italian_sausage,Sweet Italian Sausage,other,other,not_found,,,,,,1,1,226.8,"1/2 pound sweet Italian sausage, casings removed",Stuffed Eggplant,keep_review,needs_review,gap_audit_candidate_but_no_controlled_local_source_selected; ciqual_source_unavailable:ImportError
textured vegetable protein,,textured_vegetable_protein,Textured Vegetable Protein,other,other,not_found,,,,,,1,1,226.8,8 ounces textured vegetable protein,Granny's Easy Chili,keep_review,needs_review,gap_audit_candidate_but_no_controlled_local_source_selected; ciqual_source_unavailable:ImportError
feta,,feta,Feta,other,other,not_found,,,,,,2,1,170.1,6 ounces feta | 1/3 cup feta,Greek Feta and Spinach Potato Casserole | Hot Honey Feta Chicken Skewers,keep_review,needs_review,gap_audit_candidate_but_no_controlled_local_source_selected; ciqual_source_unavailable:ImportError
white onion,,white_onion,White Onion,vegetable,veg,not_found,,,,,,2,2,165,"1 white onion, | 1/2 white onion",Campfire Carnitas | Hot Honey Feta Chicken Skewers,keep_review,needs_review,gap_audit_candidate_but_no_controlled_local_source_selected; ciqual_source_unavailable:ImportError
limes,,limes,Limes,other,other,not_found,,,,,,1,1,134,"2 limes, juiced",Blackened Shrimp Tacos,keep_review,needs_review,gap_audit_candidate_but_no_controlled_local_source_selected; ciqual_source_unavailable:ImportError
lemons,,lemons,Lemons,other,other,not_found,,,,,,1,1,116,"2 medium lemons, juiced",Greek Chicken,keep_review,needs_review,gap_audit_candidate_but_no_controlled_local_source_selected; ciqual_source_unavailable:ImportError
crabmeat,,crabmeat,Crabmeat,other,other,not_found,,,,,,1,1,113.4,"¼ pound fresh crabmeat, drained and flaked",Crab Omelet,keep_review,needs_review,gap_audit_candidate_but_no_controlled_local_source_selected; ciqual_source_unavailable:ImportError
green onion,,green_onion,Green Onion,vegetable,veg,not_found,,,,,,1,1,110,"1 green onion, thinly sliced (optional)",Cabbage Fried Rice,keep_review,needs_review,gap_audit_candidate_but_no_controlled_local_source_selected; ciqual_source_unavailable:ImportError
red wine vinegar,,red_wine_vinegar,Red Wine Vinegar,sauce,sauce,not_found,,,,,,3,3,105,2 tablespoons red wine vinegar | 3 tablespoons red wine vinegar,Garlic Butter Steak Bites With Mushrooms | Chimichurri Shrimp | Roasted Sweet Potato and Kale Salad,keep_review,needs_review,gap_audit_candidate_but_no_controlled_local_source_selected; ciqual_source_unavailable:ImportError
low sodium soy sauce,,low_sodium_soy_sauce,Low Sodium Soy Sauce,sauce,sauce,not_found,,,,,,1,1,96,6 tablespoons low-sodium soy sauce,Hibachi Chicken and Rice Casserole,keep_review,needs_review,gap_audit_candidate_but_no_controlled_local_source_selected; ciqual_source_unavailable:ImportError
sweet yellow onion,,sweet_yellow_onion,Sweet Yellow Onion,vegetable,veg,not_found,,,,,,1,1,70,"1 small sweet yellow onion, finely chopped",Nut Loaf Supreme,keep_review,needs_review,gap_audit_candidate_but_no_controlled_local_source_selected; ciqual_source_unavailable:ImportError
lime,,lime,Lime,other,other,not_found,,,,,,1,1,67,"1 lime, juiced",Shrimp Pomelo Salad,keep_review,needs_review,gap_audit_candidate_but_no_controlled_local_source_selected; ciqual_source_unavailable:ImportError
cloud ear mushrooms,,cloud_ear_mushrooms,Cloud Ear Mushrooms,vegetable,veg,not_found,,,,,,1,1,28.35,1 ounce dried cloud ear mushrooms,Simple Hot and Sour Soup,keep_review,needs_review,gap_audit_candidate_but_no_controlled_local_source_selected; ciqual_source_unavailable:ImportError
cloves garlic,,cloves_garlic,Cloves Garlic,vegetable,veg,not_found,,,,,,1,1,9,3 large cloves garlic,Grilled Chicken and Strawberry Mason Jar Salad with Poppyseed Dressing,keep_review,needs_review,gap_audit_candidate_but_no_controlled_local_source_selected; ciqual_source_unavailable:ImportError
garlic salt,,garlic_salt,Garlic Salt,vegetable,veg,not_found,,,,,,1,1,6,1 teaspoon garlic salt,Blackened Shrimp Tacos with Pineapple,keep_review,needs_review,gap_audit_candidate_but_no_controlled_local_source_selected; ciqual_source_unavailable:ImportError
onion salt,,onion_salt,Onion Salt,vegetable,veg,not_found,,,,,,1,1,6,1 teaspoon onion salt,Slow Cooker Italian Beef,keep_review,needs_review,gap_audit_candidate_but_no_controlled_local_source_selected; ciqual_source_unavailable:ImportError
white vinegar,,white_vinegar,White Vinegar,sauce,sauce,not_found,,,,,,2,1,5,1 teaspoon white vinegar | 1 cup white vinegar,Steak Fried Rice | Roasted Salt & Vinegar Chickpeas,keep_review,needs_review,gap_audit_candidate_but_no_controlled_local_source_selected; ciqual_source_unavailable:ImportError
garlic clove,,garlic_clove,Garlic Clove,vegetable,veg,not_found,,,,,,1,1,3,"1 garlic clove, quartered",Pistachio Hummus,keep_review,needs_review,gap_audit_candidate_but_no_controlled_local_source_selected; ciqual_source_unavailable:ImportError
