recipe_source_id,recipe_title_raw,category_raw,subcategory_raw,ingredient_index,ingredient_raw,section_name_raw,is_section_header,quantity_raw,quantity_value_low,quantity_value_high,unit_raw,unit_normalized,ingredient_text_clean,food_name_candidate,preparation_note,optional_flag,garnish_flag,alternative_flag,packaging_flag,parse_status,parse_notes,issue_category_primary,issue_categories_all,issue_judgment
pilot_recipe_final_007,Authentic Chicken Adobo,Main Dishes,Filipino Main Dishes,4,10 bay leaves,,0,10,10.0,10.0,,,bay leaves,bay leaves,,0,0,0,0,parsed_partial,count_without_measure_unit,count_without_standard_unit,count_without_standard_unit,safe_for_mapping_now
pilot_recipe_final_014,Breaded Center Cut Pork Chops,Main Dishes,Steaks And Chops,2,6 eggs,,0,6,6.0,6.0,,,eggs,eggs,,0,0,0,0,parsed_partial,count_without_measure_unit,count_without_standard_unit,count_without_standard_unit,safe_for_mapping_now
pilot_recipe_final_017,Cajun Shrimp and Sausage Sheet Pan Dinner,Dinner,Sheet Pan Dinners,5,1 pepper red bell pepper,,0,1,1.0,1.0,,,pepper red bell pepper,pepper red bell pepper,,0,0,0,0,parsed_partial,count_without_measure_unit,count_without_standard_unit,count_without_standard_unit,safe_for_mapping_now
pilot_recipe_final_021,Chicken with Lemon-Caper Sauce,Dinner,Cooking For Two,9,2 lemon wedges,,0,2,2.0,2.0,,,lemon wedges,lemon wedges,,0,0,0,0,parsed_partial,count_without_measure_unit,count_without_standard_unit,count_without_standard_unit,safe_for_mapping_now
pilot_recipe_final_024,Crustless Cottage Cheese Mini Quiches,Main Dishes,Quiche,2,3 eggs,,0,3,3.0,3.0,,,eggs,eggs,,0,0,0,0,parsed_partial,count_without_measure_unit,count_without_standard_unit,count_without_standard_unit,safe_for_mapping_now
pilot_recipe_final_032,Fried Beef Ribs,Beef Recipes,Beef Ribs,1,3 quarts peanut oil for frying,,0,3,3.0,3.0,,,quarts peanut oil for frying,quarts peanut oil for frying,,0,0,0,0,parsed_partial,count_without_measure_unit,count_without_standard_unit,count_without_standard_unit,safe_for_mapping_now
pilot_recipe_final_033,Garlic Butter Smoked Shrimp,Healthy Recipes,Keto Diet,8,3 thin strips lemon peel,,0,3,3.0,3.0,,,thin strips lemon peel,thin strips lemon peel,,0,0,0,0,parsed_partial,count_without_measure_unit,count_without_standard_unit,count_without_standard_unit,safe_for_mapping_now
pilot_recipe_final_034,Garlic Ginger Chicken Meatball Bowls,Main Dishes,Meatballs,1,1 ground chicken,,0,1,1.0,1.0,,,ground chicken,ground chicken,,0,0,0,0,parsed_partial,count_without_measure_unit,count_without_standard_unit,count_without_standard_unit,safe_for_mapping_now
pilot_recipe_final_036,Goat Cheese and Leek Quiche,Vegetarian,Vegetarian Quiche,3,3 eggs,,0,3,3.0,3.0,,,eggs,eggs,,0,0,0,0,parsed_partial,count_without_measure_unit,count_without_standard_unit,count_without_standard_unit,safe_for_mapping_now
pilot_recipe_final_043,Ham and Cheese Breakfast Casserole,Pork,Pork Casserole,5,6 eggs,,0,6,6.0,6.0,,,eggs,eggs,,0,0,0,0,parsed_partial,count_without_measure_unit,count_without_standard_unit,count_without_standard_unit,safe_for_mapping_now
pilot_recipe_final_049,Home-Fried Potatoes,Vegetarian,Vegetarian Breakfast And Brunch,1,4 red potatoes,,0,4,4.0,4.0,,,red potatoes,red potatoes,,0,0,0,0,parsed_partial,count_without_measure_unit,count_without_standard_unit,count_without_standard_unit,safe_for_mapping_now
pilot_recipe_final_101,Mediterranean Lentil Salad,Vegetarian,Vegan Recipes,5,1 bay leaf,,0,1,1.0,1.0,,,bay leaf,bay leaf,,0,0,0,0,parsed_partial,count_without_measure_unit,count_without_standard_unit,count_without_standard_unit,safe_for_mapping_now
pilot_recipe_final_059,Million Dollar Chicken Breasts,Dinner,Main Dishes,1,4 boneless chicken breasts,,0,4,4.0,4.0,,,boneless chicken breasts,boneless chicken breasts,,0,0,0,0,parsed_partial,count_without_measure_unit,count_without_standard_unit,count_without_standard_unit|other,safe_for_mapping_now
pilot_recipe_final_059,Million Dollar Chicken Breasts,Dinner,Main Dishes,6,1 cupshredded sharp C shredded sharp C,,0,1,1.0,1.0,,,cupshredded sharp C shredded sharp C,cupshredded sharp C shredded sharp C,,0,0,0,0,parsed_partial,count_without_measure_unit,count_without_standard_unit,count_without_standard_unit,safe_for_mapping_now
pilot_recipe_final_060,Miso Ramen Stir Fry,Dinner,Pasta Main Dishes,6,6 spears asparagus,,0,6,6.0,6.0,,,spears asparagus,spears asparagus,,0,0,0,0,parsed_partial,count_without_measure_unit,count_without_standard_unit,count_without_standard_unit,safe_for_mapping_now
pilot_recipe_final_066,Pork Tenderloin with Dijon Marsala Sauce,Pork,Pork Tenderloin,1,2 pork tenderloins,,0,2,2.0,2.0,,,pork tenderloins,pork tenderloins,,0,0,0,0,parsed_partial,count_without_measure_unit,count_without_standard_unit,count_without_standard_unit,safe_for_mapping_now
pilot_recipe_final_067,Portuguese Pork with Red Peppers,Healthy Recipes,Low-Calorie Recipes,8,2 lemons,,0,2,2.0,2.0,,,lemons,lemons,,0,0,0,0,parsed_partial,count_without_measure_unit,count_without_standard_unit,count_without_standard_unit,safe_for_mapping_now
pilot_recipe_final_073,Red Pepper Soup,Healthy Recipes,Weight-Loss Recipes,5,24 fluid ounces chicken broth,,0,24,24.0,24.0,,,fluid ounces chicken broth,fluid ounces chicken broth,,0,0,0,0,parsed_partial,count_without_measure_unit,count_without_standard_unit,count_without_standard_unit,safe_for_mapping_now
pilot_recipe_final_076,Serbian Ćevapčići,Beef Recipes,Bbq & Grilled Beef,4,1 egg white,,0,1,1.0,1.0,,,egg white,egg white,,0,0,0,0,parsed_partial,count_without_measure_unit,count_without_standard_unit,count_without_standard_unit,safe_for_mapping_now
pilot_recipe_final_077,Sheet Pan Halibut with Orange and Fennel,Dinner,Sheet Pan Dinners,7,6 4 ounce halibut filets,,0,6,6.0,6.0,,,4 ounce halibut filets,4 ounce halibut filets,,0,0,0,0,parsed_partial,count_without_measure_unit,count_without_standard_unit,count_without_standard_unit,safe_for_mapping_now
pilot_recipe_final_079,Sheet Pan Salmon and Veggies,Dinner,Sheet Pan Dinners,2,"3 bell peppers,",,0,3,3.0,3.0,,,bell peppers,bell peppers,,0,0,0,0,parsed_partial,count_without_measure_unit,count_without_standard_unit,count_without_standard_unit,safe_for_mapping_now
pilot_recipe_final_079,Sheet Pan Salmon and Veggies,Dinner,Sheet Pan Dinners,3,"2 to 3 zucchini,",,0,2 to 3,2.0,3.0,,,zucchini,zucchini,,0,0,0,0,parsed_partial,quantity_range; count_without_measure_unit,count_without_standard_unit,count_without_standard_unit,safe_for_mapping_now
pilot_recipe_final_079,Sheet Pan Salmon and Veggies,Dinner,Sheet Pan Dinners,4,"2 summer squash,",,0,2,2.0,2.0,,,summer squash,summer squash,,0,0,0,0,parsed_partial,count_without_measure_unit,count_without_standard_unit,count_without_standard_unit,safe_for_mapping_now
pilot_recipe_final_081,Slow Cooker Carnitas,Mexican,Authentic Mexican Recipes,8,2 bay leaves,,0,2,2.0,2.0,,,bay leaves,bay leaves,,0,0,0,0,parsed_partial,count_without_measure_unit,count_without_standard_unit,count_without_standard_unit,safe_for_mapping_now
pilot_recipe_final_105,Tofu Broccoli Stir-Fry,Vegetarian,Vegetarian,9,1 green onion,,0,1,1.0,1.0,,,green onion,green onion,,0,0,0,0,parsed_partial,count_without_measure_unit,count_without_standard_unit,count_without_standard_unit,safe_for_mapping_now
pilot_recipe_final_091,Vegetarian Pho (Vietnamese Noodle Soup),Vegetarian,Vegetarian Protein,7,2 pods star anise,,0,2,2.0,2.0,,,pods star anise,pods star anise,,0,0,0,0,parsed_partial,count_without_measure_unit,count_without_standard_unit,count_without_standard_unit,safe_for_mapping_now
pilot_recipe_final_091,Vegetarian Pho (Vietnamese Noodle Soup),Vegetarian,Vegetarian Protein,8,2 bay leaves,,0,2,2.0,2.0,,,bay leaves,bay leaves,,0,0,0,0,parsed_partial,count_without_measure_unit,count_without_standard_unit,count_without_standard_unit,safe_for_mapping_now
pilot_recipe_final_011,Beef Tenderloin with Dijon Cream Sauce,Main Dishes,Beef Main Dishes,9,"fresh parsley, for garnish",,0,,,,,,fresh parsley,fresh parsley,,0,1,0,0,parsed_partial,missing_quantity; garnish_phrase,other,other,should_go_to_mapping_review
pilot_recipe_final_017,Cajun Shrimp and Sausage Sheet Pan Dinner,Dinner,Sheet Pan Dinners,10,fresh parsley fresh parsley,,0,,,,,,fresh parsley fresh parsley,fresh parsley fresh parsley,,0,0,0,0,parsed_partial,missing_quantity,other,other,should_go_to_mapping_review
pilot_recipe_final_024,Crustless Cottage Cheese Mini Quiches,Main Dishes,Quiche,1,nonstick cooking spray,,0,,,,,,nonstick cooking spray,nonstick cooking spray,,0,0,0,0,parsed_partial,missing_quantity,other,other,should_go_to_mapping_review
pilot_recipe_final_029,Easy Mahi Mahi Fish Tacos,Mexican,Mexican Fish Tacos,9,cooking spray,,0,,,,,,cooking spray,cooking spray,,0,0,0,0,parsed_partial,missing_quantity,other,other,should_go_to_mapping_review
pilot_recipe_final_039,Grilled Catfish Tacos,Mexican,Mexican Fish Tacos,9,cooking spray,,0,,,,,,cooking spray,cooking spray,,0,0,0,0,parsed_partial,missing_quantity,other,other,should_go_to_mapping_review
pilot_recipe_final_060,Miso Ramen Stir Fry,Dinner,Pasta Main Dishes,9,chopped scallions,,0,,,,,,chopped scallions,chopped scallions,,0,0,0,0,parsed_partial,missing_quantity,other,other,should_go_to_mapping_review
pilot_recipe_final_060,Miso Ramen Stir Fry,Dinner,Pasta Main Dishes,10,"sesame seeds,",,0,,,,,,sesame seeds,sesame seeds,,0,0,0,0,parsed_partial,missing_quantity,other,other,should_go_to_mapping_review
pilot_recipe_final_064,Parsley and Parmesan Crusted Pork Tenderloin,Pork,Pork Tenderloin,1,cooking spray,,0,,,,,,cooking spray,cooking spray,,0,0,0,0,parsed_partial,missing_quantity,other,other,should_go_to_mapping_review
pilot_recipe_final_066,Pork Tenderloin with Dijon Marsala Sauce,Pork,Pork Tenderloin,2,Dijon mustard,,0,,,,,,Dijon mustard,Dijon mustard,,0,0,0,0,parsed_partial,missing_quantity,other,other,should_go_to_mapping_review
pilot_recipe_final_068,Posole Soup,Mexican,Mexican Soups And Stews,3,water to cover,,0,,,,,,water to cover,water to cover,,0,0,0,0,parsed_partial,missing_quantity,other,other,should_go_to_mapping_review
pilot_recipe_final_068,Posole Soup,Mexican,Mexican Soups And Stews,6,½ cup shredded cabbage for garnish,,0,1/2,0.5,0.5,cup,cup,shredded cabbage,shredded cabbage,,0,1,0,0,parsed_partial,garnish_phrase,other,other,should_go_to_mapping_review
pilot_recipe_final_074,Restaurant-Style Prime Rib Roast,Main Dishes,Roasts,2,aluminum foil,,0,,,,,,aluminum foil,aluminum foil,,0,0,0,0,parsed_partial,missing_quantity,other,other,should_go_to_mapping_review
pilot_recipe_final_077,Sheet Pan Halibut with Orange and Fennel,Dinner,Sheet Pan Dinners,9,"fresh parsley, for garnish",,0,,,,,,fresh parsley,fresh parsley,,0,1,0,0,parsed_partial,missing_quantity; garnish_phrase,other,other,should_go_to_mapping_review
pilot_recipe_final_001,"""OG"" Zuppa Toscana Soup",Pork,Pork Soup,4,"4 strips bacon, diced",,0,4,4.0,4.0,strips,strip,"bacon, diced",bacon,diced,0,0,0,0,parsed_partial,preparation_note_from_commas,packaging_or_piece_unit,packaging_or_piece_unit|preparation_note_inline,safe_for_mapping_now
pilot_recipe_final_001,"""OG"" Zuppa Toscana Soup",Pork,Pork Soup,10,"¼ bunch kale, chopped",,0,1/4,0.25,0.25,bunch,bunch,"kale, chopped",kale,chopped,0,0,0,0,parsed_partial,preparation_note_from_commas,packaging_or_piece_unit,packaging_or_piece_unit|preparation_note_inline,safe_for_mapping_now
pilot_recipe_final_005,Asian Pork Tenderloin,Main Dishes,Roasts,6,"4 cloves garlic, crushed",,0,4,4.0,4.0,cloves,clove,"garlic, crushed",garlic,crushed,0,0,0,0,parsed_partial,preparation_note_from_commas,packaging_or_piece_unit,packaging_or_piece_unit|preparation_note_inline,safe_for_mapping_now
pilot_recipe_final_006,Asian-Style Meatloaf,Pork,Pork Meatloaf,3,"3 slices bread, broken up into small pieces",,0,3,3.0,3.0,slices,slice,"bread, broken up into small pieces",bread,broken up into small pieces,0,0,0,0,parsed_partial,preparation_note_from_commas,packaging_or_piece_unit,packaging_or_piece_unit|preparation_note_inline,safe_for_mapping_now
pilot_recipe_final_006,Asian-Style Meatloaf,Pork,Pork Meatloaf,5,"2 stalks celery, finely chopped",,0,2,2.0,2.0,stalks,stalk,"celery, finely chopped",celery,finely chopped,0,0,0,0,parsed_partial,preparation_note_from_commas,packaging_or_piece_unit,packaging_or_piece_unit|preparation_note_inline,safe_for_mapping_now
pilot_recipe_final_007,Authentic Chicken Adobo,Main Dishes,Filipino Main Dishes,3,"2 heads garlic, peeled and coarsely chopped, divided",,0,2,2.0,2.0,heads,head,"garlic, peeled and coarsely chopped, divided",garlic,peeled and coarsely chopped; divided,0,0,0,0,parsed_partial,preparation_note_from_commas,packaging_or_piece_unit,packaging_or_piece_unit|preparation_note_inline,safe_for_mapping_now
pilot_recipe_final_095,Black Beans and Rice,Dinner,Vegetarian Main Dishes,3,"2 cloves garlic, minced",,0,2,2.0,2.0,cloves,clove,"garlic, minced",garlic,minced,0,0,0,0,parsed_partial,preparation_note_from_commas,packaging_or_piece_unit,packaging_or_piece_unit|preparation_note_inline,safe_for_mapping_now
pilot_recipe_final_013,Bourbon Bacon Pulled Pork,Pork,Pork Loin,9,"8 slices cooked bacon, crumbled",,0,8,8.0,8.0,slices,slice,"cooked bacon, crumbled",cooked bacon,crumbled,0,0,0,0,parsed_partial,preparation_note_from_commas,packaging_or_piece_unit,packaging_or_piece_unit|preparation_note_inline,safe_for_mapping_now
pilot_recipe_final_015,"Broiled Chicken Breasts with Herbs, Carrots, and Red Potatoes",Healthy Recipes,Healthy Kid Recipes,2,"2 cloves garlic, sliced thin",,0,2,2.0,2.0,cloves,clove,"garlic, sliced thin",garlic,sliced thin,0,0,0,0,parsed_partial,preparation_note_from_commas,packaging_or_piece_unit,packaging_or_piece_unit|preparation_note_inline,safe_for_mapping_now
pilot_recipe_final_019,Cheese-Filled Meat Loaf,Pork,Pork Meatloaf,1,"8 slices bacon, divided",,0,8,8.0,8.0,slices,slice,"bacon, divided",bacon,divided,0,0,0,0,parsed_partial,preparation_note_from_commas,packaging_or_piece_unit,packaging_or_piece_unit|preparation_note_inline,safe_for_mapping_now
pilot_recipe_final_019,Cheese-Filled Meat Loaf,Pork,Pork Meatloaf,5,"1 clove garlic, minced",,0,1,1.0,1.0,clove,clove,"garlic, minced",garlic,minced,0,0,0,0,parsed_partial,preparation_note_from_commas,packaging_or_piece_unit,packaging_or_piece_unit|preparation_note_inline,safe_for_mapping_now
pilot_recipe_final_023,Corned Beef and Cabbage,Beef Recipes,Beef Brisket,5,"2 stalks celery, sliced",,0,2,2.0,2.0,stalks,stalk,"celery, sliced",celery,sliced,0,0,0,0,parsed_partial,preparation_note_from_commas,packaging_or_piece_unit,packaging_or_piece_unit|preparation_note_inline,safe_for_mapping_now
pilot_recipe_final_033,Garlic Butter Smoked Shrimp,Healthy Recipes,Keto Diet,5,"1 clove garlic, minced",,0,1,1.0,1.0,clove,clove,"garlic, minced",garlic,minced,0,0,0,0,parsed_partial,preparation_note_from_commas,packaging_or_piece_unit,packaging_or_piece_unit|preparation_note_inline,safe_for_mapping_now
pilot_recipe_final_034,Garlic Ginger Chicken Meatball Bowls,Main Dishes,Meatballs,2,"4 cloves garlic, minced",,0,4,4.0,4.0,cloves,clove,"garlic, minced",garlic,minced,0,0,0,0,parsed_partial,preparation_note_from_commas,packaging_or_piece_unit,packaging_or_piece_unit|preparation_note_inline,safe_for_mapping_now
pilot_recipe_final_038,Grilled Balsamic and Soy Marinated Flank Steak,Beef Recipes,Bbq & Grilled Beef,2,"3 cloves garlic, chopped",,0,3,3.0,3.0,cloves,clove,"garlic, chopped",garlic,chopped,0,0,0,0,parsed_partial,preparation_note_from_commas,packaging_or_piece_unit,packaging_or_piece_unit|preparation_note_inline,safe_for_mapping_now
pilot_recipe_final_040,Grilled London Broil,Beef Recipes,Bbq & Grilled Beef,7,"2 cloves garlic, minced",,0,2,2.0,2.0,cloves,clove,"garlic, minced",garlic,minced,0,0,0,0,parsed_partial,preparation_note_from_commas,packaging_or_piece_unit,packaging_or_piece_unit|preparation_note_inline,safe_for_mapping_now
pilot_recipe_final_041,Grilled Mahi Mahi in Thai Coconut Sauce,Main Dishes,Thai Main Dishes,5,"2 cloves garlic, minced",,0,2,2.0,2.0,cloves,clove,"garlic, minced",garlic,minced,0,0,0,0,parsed_partial,preparation_note_from_commas,packaging_or_piece_unit,packaging_or_piece_unit|preparation_note_inline,safe_for_mapping_now
pilot_recipe_final_048,Herb-Roasted Pork,Pork,Pork Loin,2,"1 clove garlic, minced",,0,1,1.0,1.0,clove,clove,"garlic, minced",garlic,minced,0,0,0,0,parsed_partial,preparation_note_from_commas,packaging_or_piece_unit,packaging_or_piece_unit|preparation_note_inline,safe_for_mapping_now
pilot_recipe_final_053,Italian Style Short Ribs,Beef Recipes,Beef Ribs,2,"3 slices bacon, chopped",,0,3,3.0,3.0,slices,slice,"bacon, chopped",bacon,chopped,0,0,0,0,parsed_partial,preparation_note_from_commas,packaging_or_piece_unit,packaging_or_piece_unit|preparation_note_inline,safe_for_mapping_now
pilot_recipe_final_100,"Kale, Quinoa, and Avocado Salad with Lemon Dijon Vinaigrette",Dinner,Main Dish Salads,3,"1 bunch kale, torn into bite-sized pieces",,0,1,1.0,1.0,bunch,bunch,"kale, torn into bite-sized pieces",torn into bite-sized pieces,kale,0,0,0,0,parsed_partial,preparation_note_from_commas,packaging_or_piece_unit,packaging_or_piece_unit|preparation_note_inline,safe_for_mapping_now
pilot_recipe_final_057,Marinated Barbequed Vegetables,Vegetarian,Vegetarian Bbq & Grilling,8,"2 cloves garlic, peeled and minced",,0,2,2.0,2.0,cloves,clove,"garlic, peeled and minced",garlic,peeled and minced,0,0,0,0,parsed_partial,preparation_note_from_commas,packaging_or_piece_unit,packaging_or_piece_unit|preparation_note_inline,safe_for_mapping_now
pilot_recipe_final_058,Marinated Tuna Steak,Main Dishes,Summer Main Dishes,6,"1 clove garlic, minced",,0,1,1.0,1.0,clove,clove,"garlic, minced",garlic,minced,0,0,0,0,parsed_partial,preparation_note_from_commas,packaging_or_piece_unit,packaging_or_piece_unit|preparation_note_inline,safe_for_mapping_now
pilot_recipe_final_101,Mediterranean Lentil Salad,Vegetarian,Vegan Recipes,4,"2 cloves garlic, minced",,0,2,2.0,2.0,cloves,clove,"garlic, minced",garlic,minced,0,0,0,0,parsed_partial,preparation_note_from_commas,packaging_or_piece_unit,packaging_or_piece_unit|preparation_note_inline,safe_for_mapping_now
pilot_recipe_final_064,Parsley and Parmesan Crusted Pork Tenderloin,Pork,Pork Tenderloin,10,"2 cloves garlic, minced",,0,2,2.0,2.0,cloves,clove,"garlic, minced",garlic,minced,0,0,0,0,parsed_partial,preparation_note_from_commas,packaging_or_piece_unit,packaging_or_piece_unit|preparation_note_inline,safe_for_mapping_now
pilot_recipe_final_065,Pizza Casserole,Beef Recipes,Beef Casserole,5,"2 cloves garlic, minced",,0,2,2.0,2.0,cloves,clove,"garlic, minced",garlic,minced,0,0,0,0,parsed_partial,preparation_note_from_commas,packaging_or_piece_unit,packaging_or_piece_unit|preparation_note_inline,safe_for_mapping_now
pilot_recipe_final_071,Quick Super-Delicious Zuppa Toscana,Italian,Italian Soups And Stews,3,"4 slices bacon, cut into 1/2 inch pieces",,0,4,4.0,4.0,slices,slice,"bacon, cut into 1/2 inch pieces",bacon,cut into 1/2 inch pieces,0,0,0,0,parsed_partial,preparation_note_from_commas,packaging_or_piece_unit,packaging_or_piece_unit|preparation_note_inline,safe_for_mapping_now
pilot_recipe_final_073,Red Pepper Soup,Healthy Recipes,Weight-Loss Recipes,4,"4 cloves garlic, minced",,0,4,4.0,4.0,cloves,clove,"garlic, minced",garlic,minced,0,0,0,0,parsed_partial,preparation_note_from_commas,packaging_or_piece_unit,packaging_or_piece_unit|preparation_note_inline,safe_for_mapping_now
pilot_recipe_final_075,Rich Italian Sausage and Potato Soup,Italian,Italian Soups And Stews,3,"1 slice pancetta bacon, diced",,0,1,1.0,1.0,slice,slice,"pancetta bacon, diced",pancetta bacon,diced,0,0,0,0,parsed_partial,preparation_note_from_commas,packaging_or_piece_unit,packaging_or_piece_unit|preparation_note_inline,safe_for_mapping_now
pilot_recipe_final_076,Serbian Ćevapčići,Beef Recipes,Bbq & Grilled Beef,5,"4 cloves garlic, minced",,0,4,4.0,4.0,cloves,clove,"garlic, minced",garlic,minced,0,0,0,0,parsed_partial,preparation_note_from_commas,packaging_or_piece_unit,packaging_or_piece_unit|preparation_note_inline,safe_for_mapping_now
pilot_recipe_final_079,Sheet Pan Salmon and Veggies,Dinner,Sheet Pan Dinners,7,"6 cloves garlic, chopped",,0,6,6.0,6.0,cloves,clove,"garlic, chopped",garlic,chopped,0,0,0,0,parsed_partial,preparation_note_from_commas,packaging_or_piece_unit,packaging_or_piece_unit|preparation_note_inline,safe_for_mapping_now
pilot_recipe_final_080,Simple Slow Roast Chicken,Dinner,Baked And Roasted Chicken,8,"4 stalks celery, halved",,0,4,4.0,4.0,stalks,stalk,"celery, halved",celery,halved,0,0,0,0,parsed_partial,preparation_note_from_commas,packaging_or_piece_unit,packaging_or_piece_unit|preparation_note_inline,safe_for_mapping_now
pilot_recipe_final_104,Slow Cooker Vegetarian Curry,Vegetarian,Vegetarian Slow Cooker Recipes,1,"1 head cauliflower, chopped",,0,1,1.0,1.0,head,head,"cauliflower, chopped",cauliflower,chopped,0,0,0,0,parsed_partial,preparation_note_from_commas,packaging_or_piece_unit,packaging_or_piece_unit|preparation_note_inline,safe_for_mapping_now
pilot_recipe_final_090,Vegetable Quesadillas,Mexican,Quesadillas,2,"1 head fresh broccoli, chopped",,0,1,1.0,1.0,head,head,"fresh broccoli, chopped",fresh broccoli,chopped,0,0,0,0,parsed_partial,preparation_note_from_commas,packaging_or_piece_unit,packaging_or_piece_unit|preparation_note_inline,safe_for_mapping_now
pilot_recipe_final_091,Vegetarian Pho (Vietnamese Noodle Soup),Vegetarian,Vegetarian Protein,4,"8 cloves garlic, coarsely chopped",,0,8,8.0,8.0,cloves,clove,"garlic, coarsely chopped",garlic,coarsely chopped,0,0,0,0,parsed_partial,preparation_note_from_commas,packaging_or_piece_unit,packaging_or_piece_unit|preparation_note_inline,safe_for_mapping_now
pilot_recipe_final_002,Ahi Tuna Tacos with Pineapple Salsa,Mexican,Mexican Fish Tacos,9,"4 (10 inch) flour tortillas, warmed",,0,4 (10 inch),4.0,4.0,,,"flour tortillas, warmed",flour tortillas,warmed,0,0,0,0,parsed_partial,leading_parenthetical_note; preparation_note_from_commas; count_without_measure_unit,parenthetical_pack_size,parenthetical_pack_size|preparation_note_inline|count_without_standard_unit,safe_with_small_cleanup
pilot_recipe_final_003,Air Fryer Blackened Chicken Breasts,Healthy Recipes,Keto Diet,9,"2 (6 ounce) skinless, boneless chicken breast halves",,0,2 (6 ounce),2.0,2.0,,,"skinless, boneless chicken breast halves",boneless chicken breast halves,skinless,0,0,0,0,parsed_partial,pack_size_note; leading_parenthetical_note; preparation_note_from_commas; count_without_measure_unit,parenthetical_pack_size,parenthetical_pack_size|preparation_note_inline|count_without_standard_unit|other,safe_with_small_cleanup
pilot_recipe_final_005,Asian Pork Tenderloin,Main Dishes,Roasts,1,1 (2 pound) fat-trimmed pork tenderloin,,0,1 (2 pound),1.0,1.0,,,fat-trimmed pork tenderloin,fat-trimmed pork tenderloin,,0,0,0,0,parsed_partial,pack_size_note; leading_parenthetical_note; count_without_measure_unit,parenthetical_pack_size,parenthetical_pack_size|count_without_standard_unit|other,safe_with_small_cleanup
pilot_recipe_final_008,BBQ NY Strip,Beef Recipes,Beef Ribs,1,4 (6 ounce) New York strip steaks,,0,4 (6 ounce),4.0,4.0,,,New York strip steaks,New York strip steaks,,0,0,0,0,parsed_partial,pack_size_note; leading_parenthetical_note; count_without_measure_unit,parenthetical_pack_size,parenthetical_pack_size|count_without_standard_unit,safe_with_small_cleanup
pilot_recipe_final_011,Beef Tenderloin with Dijon Cream Sauce,Main Dishes,Beef Main Dishes,1,"1 (2-pound) beef tenderloin, trimmed, with silver skin removed",,0,1 (2-pound),1.0,1.0,,,"beef tenderloin, trimmed, with silver skin removed",beef tenderloin,trimmed; with silver skin removed,0,0,0,0,parsed_partial,pack_size_note; leading_parenthetical_note; preparation_note_from_commas; count_without_measure_unit,parenthetical_pack_size,parenthetical_pack_size|preparation_note_inline|count_without_standard_unit,safe_with_small_cleanup
pilot_recipe_final_014,Breaded Center Cut Pork Chops,Main Dishes,Steaks And Chops,10,6 (3/4 inch thick) center cut pork chops,,0,6 (3/4 inch thick),6.0,6.0,,,center cut pork chops,center cut pork chops,,0,0,0,0,parsed_partial,leading_parenthetical_note; count_without_measure_unit,parenthetical_pack_size,parenthetical_pack_size|count_without_standard_unit,safe_with_small_cleanup
pilot_recipe_final_015,"Broiled Chicken Breasts with Herbs, Carrots, and Red Potatoes",Healthy Recipes,Healthy Kid Recipes,1,"4 (4 ounce) skinless, boneless chicken breast halves",,0,4 (4 ounce),4.0,4.0,,,"skinless, boneless chicken breast halves",boneless chicken breast halves,skinless,0,0,0,0,parsed_partial,pack_size_note; leading_parenthetical_note; preparation_note_from_commas; count_without_measure_unit,parenthetical_pack_size,parenthetical_pack_size|preparation_note_inline|count_without_standard_unit|other,safe_with_small_cleanup
pilot_recipe_final_016,Broiled Pork Chops,Dinner,Pork Chops,10,6 (3/4 inch) thick pork chops,,0,6 (3/4 inch),6.0,6.0,,,thick pork chops,thick pork chops,,0,0,0,0,parsed_partial,leading_parenthetical_note; count_without_measure_unit,parenthetical_pack_size,parenthetical_pack_size|count_without_standard_unit,safe_with_small_cleanup
pilot_recipe_final_020,Chicken Bog,Main Dishes,Southern Main Dishes,2,1 (3 pound) whole chicken,,0,1 (3 pound),1.0,1.0,,,whole chicken,whole chicken,,0,0,0,0,parsed_partial,pack_size_note; leading_parenthetical_note; count_without_measure_unit,parenthetical_pack_size,parenthetical_pack_size|count_without_standard_unit,safe_with_small_cleanup
pilot_recipe_final_021,Chicken with Lemon-Caper Sauce,Dinner,Cooking For Two,3,"2 (6 ounce) skinless, boneless chicken breast halves",,0,2 (6 ounce),2.0,2.0,,,"skinless, boneless chicken breast halves",boneless chicken breast halves,skinless,0,0,0,0,parsed_partial,pack_size_note; leading_parenthetical_note; preparation_note_from_commas; count_without_measure_unit,parenthetical_pack_size,parenthetical_pack_size|preparation_note_inline|count_without_standard_unit|other,safe_with_small_cleanup
pilot_recipe_final_023,Corned Beef and Cabbage,Beef Recipes,Beef Brisket,1,1 (5 1/2 pound) corned beef brisket,,0,1 (5 1/2 pound),1.0,1.0,,,corned beef brisket,corned beef brisket,,0,0,0,0,parsed_partial,pack_size_note; leading_parenthetical_note; count_without_measure_unit,parenthetical_pack_size,parenthetical_pack_size|count_without_standard_unit,safe_with_small_cleanup
pilot_recipe_final_097,Easy Black Bean Soup for Two,Dinner,Cooking For Two,7,3 (15.75 ounce) no-salt black beans,,0,3 (15.75 ounce),3.0,3.0,,,no-salt black beans,no-salt black beans,,0,0,0,0,parsed_partial,pack_size_note; leading_parenthetical_note; count_without_measure_unit,parenthetical_pack_size,parenthetical_pack_size|count_without_standard_unit,safe_with_small_cleanup
pilot_recipe_final_026,Easy Ginger Beef,Beef Recipes,Beef Stir-Fry,2,"1 (1 inch) piece fresh ginger, peeled and thinly sliced",,0,1 (1 inch),1.0,1.0,,,"piece fresh ginger, peeled and thinly sliced",piece fresh ginger,peeled and thinly sliced,0,0,0,0,parsed_partial,leading_parenthetical_note; preparation_note_from_commas; count_without_measure_unit,parenthetical_pack_size,parenthetical_pack_size|preparation_note_inline|count_without_standard_unit,safe_with_small_cleanup
pilot_recipe_final_026,Easy Ginger Beef,Beef Recipes,Beef Stir-Fry,3,"1 (1 pound) round steak, thinly sliced",,0,1 (1 pound),1.0,1.0,,,"round steak, thinly sliced",round steak,thinly sliced,0,0,0,0,parsed_partial,pack_size_note; leading_parenthetical_note; preparation_note_from_commas; count_without_measure_unit,parenthetical_pack_size,parenthetical_pack_size|preparation_note_inline|count_without_standard_unit,safe_with_small_cleanup
pilot_recipe_final_027,Easy Grilled Shrimp Fajitas,Mexican,Fajitas,9,8 (6 inch) fajita-size flour tortillas,,0,8 (6 inch),8.0,8.0,,,fajita-size flour tortillas,fajita-size flour tortillas,,0,0,0,0,parsed_partial,leading_parenthetical_note; count_without_measure_unit,parenthetical_pack_size,parenthetical_pack_size|count_without_standard_unit,safe_with_small_cleanup
pilot_recipe_final_029,Easy Mahi Mahi Fish Tacos,Mexican,Mexican Fish Tacos,2,4 (3 ounce) fillets mahi mahi,,0,4 (3 ounce),4.0,4.0,fillets,fillet,mahi mahi,mahi mahi,,0,0,0,0,parsed_partial,pack_size_note; leading_parenthetical_note,parenthetical_pack_size,parenthetical_pack_size|packaging_or_piece_unit,safe_with_small_cleanup
pilot_recipe_final_029,Easy Mahi Mahi Fish Tacos,Mexican,Mexican Fish Tacos,10,8 (6 inch) corn tortillas,,0,8 (6 inch),8.0,8.0,,,corn tortillas,corn tortillas,,0,0,0,0,parsed_partial,leading_parenthetical_note; count_without_measure_unit,parenthetical_pack_size,parenthetical_pack_size|count_without_standard_unit,safe_with_small_cleanup
pilot_recipe_final_030,Easy North Carolina Barbeque,Pork,Pork Shoulder,1,1 (5 pound) pork butt roast,,0,1 (5 pound),1.0,1.0,,,pork butt roast,pork butt roast,,0,0,0,0,parsed_partial,pack_size_note; leading_parenthetical_note; count_without_measure_unit,parenthetical_pack_size,parenthetical_pack_size|count_without_standard_unit,safe_with_small_cleanup
pilot_recipe_final_036,Goat Cheese and Leek Quiche,Vegetarian,Vegetarian Quiche,1,"1 (9 inch) frozen single pie crust, thawed",,0,1 (9 inch),1.0,1.0,,,"frozen single pie crust, thawed",frozen single pie crust,thawed,0,0,0,0,parsed_partial,leading_parenthetical_note; preparation_note_from_commas; count_without_measure_unit,parenthetical_pack_size,parenthetical_pack_size|preparation_note_inline|count_without_standard_unit,safe_with_small_cleanup
pilot_recipe_final_041,Grilled Mahi Mahi in Thai Coconut Sauce,Main Dishes,Thai Main Dishes,8,2 (6 ounce) mahi mahi fillets,,0,2 (6 ounce),2.0,2.0,,,mahi mahi fillets,mahi mahi fillets,,0,0,0,0,parsed_partial,pack_size_note; leading_parenthetical_note; count_without_measure_unit,parenthetical_pack_size,parenthetical_pack_size|count_without_standard_unit,safe_with_small_cleanup
pilot_recipe_final_042,Grilled Pork Tenderloin with Balsamic Honey Glaze,Pork,Pork Tenderloin,7,1 (3 pound) pork tenderloin,,0,1 (3 pound),1.0,1.0,,,pork tenderloin,pork tenderloin,,0,0,0,0,parsed_partial,pack_size_note; leading_parenthetical_note; count_without_measure_unit,parenthetical_pack_size,parenthetical_pack_size|count_without_standard_unit,safe_with_small_cleanup
pilot_recipe_final_043,Ham and Cheese Breakfast Casserole,Pork,Pork Casserole,1,"18 (1 ounce) slices white bread, cubed",,0,18 (1 ounce),18.0,18.0,slices,slice,"white bread, cubed",white bread,cubed,0,0,0,0,parsed_partial,pack_size_note; leading_parenthetical_note; preparation_note_from_commas,parenthetical_pack_size,parenthetical_pack_size|packaging_or_piece_unit|preparation_note_inline,safe_with_small_cleanup
pilot_recipe_final_047,Herb-Crusted Pork Sirloin Roast,Pork,Pork Loin,1,1 (2 1/2 pound) boneless pork sirloin roast,,0,1 (2 1/2 pound),1.0,1.0,,,boneless pork sirloin roast,boneless pork sirloin roast,,0,0,0,0,parsed_partial,pack_size_note; leading_parenthetical_note; count_without_measure_unit,parenthetical_pack_size,parenthetical_pack_size|count_without_standard_unit|other,safe_with_small_cleanup
pilot_recipe_final_048,Herb-Roasted Pork,Pork,Pork Loin,5,1 (5 pound) boneless pork loin,,0,1 (5 pound),1.0,1.0,,,boneless pork loin,boneless pork loin,,0,0,0,0,parsed_partial,pack_size_note; leading_parenthetical_note; count_without_measure_unit,parenthetical_pack_size,parenthetical_pack_size|count_without_standard_unit|other,safe_with_small_cleanup
pilot_recipe_final_055,Lemon Panko-Crusted Salmon,Dinner,Quick And Easy Dinners For One,8,2 (4 ounce) salmon fillets,,0,2 (4 ounce),2.0,2.0,,,salmon fillets,salmon fillets,,0,0,0,0,parsed_partial,pack_size_note; leading_parenthetical_note; count_without_measure_unit,parenthetical_pack_size,parenthetical_pack_size|count_without_standard_unit,safe_with_small_cleanup
pilot_recipe_final_058,Marinated Tuna Steak,Main Dishes,Summer Main Dishes,9,4 (4 ounce) tuna steaks,,0,4 (4 ounce),4.0,4.0,,,tuna steaks,tuna steaks,,0,0,0,0,parsed_partial,pack_size_note; leading_parenthetical_note; count_without_measure_unit,parenthetical_pack_size,parenthetical_pack_size|count_without_standard_unit,safe_with_small_cleanup
pilot_recipe_final_059,Million Dollar Chicken Breasts,Dinner,Main Dishes,4,"1 (8-ounce) cream cheese, softened",,0,1 (8-ounce),1.0,1.0,,,"cream cheese, softened",cream cheese,softened,0,0,0,0,parsed_partial,pack_size_note; leading_parenthetical_note; preparation_note_from_commas; count_without_measure_unit,parenthetical_pack_size,parenthetical_pack_size|preparation_note_inline|count_without_standard_unit,safe_with_small_cleanup
pilot_recipe_final_061,Miso Salmon,Main Dishes,Japanese Main Dishes,1,"2 (1 1/2-pound) salmon fillets, skin removed",,0,2 (1 1/2-pound),2.0,2.0,,,"salmon fillets, skin removed",salmon fillets,skin removed,0,0,0,0,parsed_partial,pack_size_note; leading_parenthetical_note; preparation_note_from_commas; count_without_measure_unit,parenthetical_pack_size,parenthetical_pack_size|preparation_note_inline|count_without_standard_unit,safe_with_small_cleanup
pilot_recipe_final_064,Parsley and Parmesan Crusted Pork Tenderloin,Pork,Pork Tenderloin,2,2 (12 ounce) pork tenderloins,,0,2 (12 ounce),2.0,2.0,,,pork tenderloins,pork tenderloins,,0,0,0,0,parsed_partial,pack_size_note; leading_parenthetical_note; count_without_measure_unit,parenthetical_pack_size,parenthetical_pack_size|count_without_standard_unit,safe_with_small_cleanup
pilot_recipe_final_069,President Ford's Braised Eye Round Steak,Dinner,Beef Steaks,3,12 (4 ounce) beef eye of round steaks,,0,12 (4 ounce),12.0,12.0,,,beef eye of round steaks,beef eye of round steaks,,0,0,0,0,parsed_partial,pack_size_note; leading_parenthetical_note; count_without_measure_unit,parenthetical_pack_size,parenthetical_pack_size|count_without_standard_unit,safe_with_small_cleanup
pilot_recipe_final_074,Restaurant-Style Prime Rib Roast,Main Dishes,Roasts,1,1 (14 pound) roast-ready prime rib roast (ribs cut off and tied to roast),,0,1 (14 pound),1.0,1.0,,,roast-ready prime rib roast (ribs cut off and tied to roast),roast-ready prime rib roast,,0,0,0,0,parsed_partial,pack_size_note; leading_parenthetical_note; count_without_measure_unit,parenthetical_pack_size,parenthetical_pack_size|count_without_standard_unit,safe_with_small_cleanup
pilot_recipe_final_080,Simple Slow Roast Chicken,Dinner,Baked And Roasted Chicken,7,1 (4 pound) whole chicken,,0,1 (4 pound),1.0,1.0,,,whole chicken,whole chicken,,0,0,0,0,parsed_partial,pack_size_note; leading_parenthetical_note; count_without_measure_unit,parenthetical_pack_size,parenthetical_pack_size|count_without_standard_unit,safe_with_small_cleanup
pilot_recipe_final_081,Slow Cooker Carnitas,Mexican,Authentic Mexican Recipes,7,1 (4 pound) boneless pork shoulder roast,,0,1 (4 pound),1.0,1.0,,,boneless pork shoulder roast,boneless pork shoulder roast,,0,0,0,0,parsed_partial,pack_size_note; leading_parenthetical_note; count_without_measure_unit,parenthetical_pack_size,parenthetical_pack_size|count_without_standard_unit|other,safe_with_small_cleanup
pilot_recipe_final_087,Texas Chicken Quesadillas,Mexican,Quesadillas,8,8 (10 inch) flour tortillas,,0,8 (10 inch),8.0,8.0,,,flour tortillas,flour tortillas,,0,0,0,0,parsed_partial,leading_parenthetical_note; count_without_measure_unit,parenthetical_pack_size,parenthetical_pack_size|count_without_standard_unit,safe_with_small_cleanup
pilot_recipe_final_090,Vegetable Quesadillas,Mexican,Quesadillas,7,4 (10 inch) flour tortillas,,0,4 (10 inch),4.0,4.0,,,flour tortillas,flour tortillas,,0,0,0,0,parsed_partial,leading_parenthetical_note; count_without_measure_unit,parenthetical_pack_size,parenthetical_pack_size|count_without_standard_unit,safe_with_small_cleanup
pilot_recipe_final_091,Vegetarian Pho (Vietnamese Noodle Soup),Vegetarian,Vegetarian Protein,5,2 (3 inch) cinnamon sticks,,0,2 (3 inch),2.0,2.0,,,cinnamon sticks,cinnamon sticks,,0,0,0,0,parsed_partial,leading_parenthetical_note; count_without_measure_unit,parenthetical_pack_size,parenthetical_pack_size|count_without_standard_unit,safe_with_small_cleanup
pilot_recipe_final_093,Zesty Carnitas Tacos,Mexican,Mexican Slow Cooker Recipes,1,1 (2 pound) boneless pork shoulder roast,,0,1 (2 pound),1.0,1.0,,,boneless pork shoulder roast,boneless pork shoulder roast,,0,0,0,0,parsed_partial,pack_size_note; leading_parenthetical_note; count_without_measure_unit,parenthetical_pack_size,parenthetical_pack_size|count_without_standard_unit|other,safe_with_small_cleanup
pilot_recipe_final_001,"""OG"" Zuppa Toscana Soup",Pork,Pork Soup,3,"1 large white onion, diced",,0,1,1.0,1.0,,,"large white onion, diced",white onion,large; diced,0,0,0,0,parsed_partial,preparation_note_from_commas; count_without_measure_unit,preparation_note_inline,preparation_note_inline|count_without_standard_unit,safe_for_mapping_now
pilot_recipe_final_001,"""OG"" Zuppa Toscana Soup",Pork,Pork Soup,8,"1 pound russet potatoes, diced",,0,1,1.0,1.0,pound,pound,"russet potatoes, diced",russet potatoes,diced,0,0,0,0,parsed_partial,preparation_note_from_commas,preparation_note_inline,preparation_note_inline,safe_for_mapping_now
pilot_recipe_final_005,Asian Pork Tenderloin,Main Dishes,Roasts,5,"3 green onions, chopped",,0,3,3.0,3.0,,,"green onions, chopped",green onions,chopped,0,0,0,0,parsed_partial,preparation_note_from_commas; count_without_measure_unit,preparation_note_inline,preparation_note_inline|count_without_standard_unit,safe_for_mapping_now
pilot_recipe_final_006,Asian-Style Meatloaf,Pork,Pork Meatloaf,4,"1 small onion, finely chopped",,0,1,1.0,1.0,,,"small onion, finely chopped",onion,small; finely chopped,0,0,0,0,parsed_partial,preparation_note_from_commas; count_without_measure_unit,preparation_note_inline,preparation_note_inline|count_without_standard_unit,safe_for_mapping_now
pilot_recipe_final_006,Asian-Style Meatloaf,Pork,Pork Meatloaf,6,"2 large eggs, lightly beaten",,0,2,2.0,2.0,,,"large eggs, lightly beaten",eggs,large; lightly beaten,0,0,0,0,parsed_partial,preparation_note_from_commas; count_without_measure_unit,preparation_note_inline,preparation_note_inline|count_without_standard_unit,safe_for_mapping_now
pilot_recipe_final_007,Authentic Chicken Adobo,Main Dishes,Filipino Main Dishes,7,"3 teaspoons annatto powder, divided",,0,3,3.0,3.0,teaspoons,teaspoon,"annatto powder, divided",annatto powder,divided,0,0,0,0,parsed_partial,preparation_note_from_commas,preparation_note_inline,preparation_note_inline,safe_for_mapping_now
pilot_recipe_final_007,Authentic Chicken Adobo,Main Dishes,Filipino Main Dishes,9,"3 tablespoons vegetable oil, divided",,0,3,3.0,3.0,tablespoons,tablespoon,"vegetable oil, divided",vegetable oil,divided,0,0,0,0,parsed_partial,preparation_note_from_commas,preparation_note_inline,preparation_note_inline,safe_for_mapping_now
pilot_recipe_final_011,Beef Tenderloin with Dijon Cream Sauce,Main Dishes,Beef Main Dishes,2,"2 tablespoons butter, softened",,0,2,2.0,2.0,tablespoons,tablespoon,"butter, softened",butter,softened,0,0,0,0,parsed_partial,preparation_note_from_commas,preparation_note_inline,preparation_note_inline,safe_for_mapping_now
pilot_recipe_final_095,Black Beans and Rice,Dinner,Vegetarian Main Dishes,2,"1 onion, chopped",,0,1,1.0,1.0,,,"onion, chopped",onion,chopped,0,0,0,0,parsed_partial,preparation_note_from_commas; count_without_measure_unit,preparation_note_inline,preparation_note_inline|count_without_standard_unit,safe_for_mapping_now
pilot_recipe_final_095,Black Beans and Rice,Dinner,Vegetarian Main Dishes,5,"1 ½ cups low sodium, low fat vegetable broth",,0,1 1/2,1.5,1.5,cups,cup,"low sodium, low fat vegetable broth",low fat vegetable broth,low sodium,0,0,0,0,parsed_partial,preparation_note_from_commas,preparation_note_inline,preparation_note_inline,safe_for_mapping_now
pilot_recipe_final_095,Black Beans and Rice,Dinner,Vegetarian Main Dishes,6,"3 ½ cups canned black beans, drained",,0,3 1/2,3.5,3.5,cups,cup,"canned black beans, drained",canned black beans,drained,0,0,0,0,parsed_partial,preparation_note_from_commas,preparation_note_inline,preparation_note_inline,safe_for_mapping_now
pilot_recipe_final_012,"Bo Luc Lac ""French-Vietnamese Shaking Beef""",Main Dishes,French Main Dishes,8,"1 ½ pounds beef top sirloin, cut into 1-inch cubes",,0,1 1/2,1.5,1.5,pounds,pound,"beef top sirloin, cut into 1-inch cubes",beef top sirloin,cut into 1-inch cubes,0,0,0,0,parsed_partial,preparation_note_from_commas,preparation_note_inline,preparation_note_inline,safe_for_mapping_now
pilot_recipe_final_015,"Broiled Chicken Breasts with Herbs, Carrots, and Red Potatoes",Healthy Recipes,Healthy Kid Recipes,6,"4 carrots, halved lengthwise and cut crosswise into 1-inch pieces",,0,4,4.0,4.0,,,"carrots, halved lengthwise and cut crosswise into 1-inch pieces",carrots,halved lengthwise and cut crosswise into 1-inch pieces,0,0,0,0,parsed_partial,preparation_note_from_commas; count_without_measure_unit,preparation_note_inline,preparation_note_inline|count_without_standard_unit,safe_for_mapping_now
pilot_recipe_final_015,"Broiled Chicken Breasts with Herbs, Carrots, and Red Potatoes",Healthy Recipes,Healthy Kid Recipes,7,"4 red potatoes, cut into 1-inch pieces",,0,4,4.0,4.0,,,"red potatoes, cut into 1-inch pieces",red potatoes,cut into 1-inch pieces,0,0,0,0,parsed_partial,preparation_note_from_commas; count_without_measure_unit,preparation_note_inline,preparation_note_inline|count_without_standard_unit,safe_for_mapping_now
pilot_recipe_final_018,Canadian Pork Loin Chops,Pork,Pork Loin,9,"6 boneless pork loin chops, 1/2 inch thick",,0,6,6.0,6.0,,,"boneless pork loin chops, 1/2 inch thick",boneless pork loin chops,1/2 inch thick,0,0,0,0,parsed_partial,preparation_note_from_commas; count_without_measure_unit,preparation_note_inline,preparation_note_inline|count_without_standard_unit|other,safe_for_mapping_now
pilot_recipe_final_019,Cheese-Filled Meat Loaf,Pork,Pork Meatloaf,4,"1 egg, beaten",,0,1,1.0,1.0,,,"egg, beaten",egg,beaten,0,0,0,0,parsed_partial,preparation_note_from_commas; count_without_measure_unit,preparation_note_inline,preparation_note_inline|count_without_standard_unit,safe_for_mapping_now
pilot_recipe_final_020,Chicken Bog,Main Dishes,Southern Main Dishes,3,"1 medium onion, chopped",,0,1,1.0,1.0,,,"medium onion, chopped",onion,medium; chopped,0,0,0,0,parsed_partial,preparation_note_from_commas; count_without_measure_unit,preparation_note_inline,preparation_note_inline|count_without_standard_unit,safe_for_mapping_now
pilot_recipe_final_020,Chicken Bog,Main Dishes,Southern Main Dishes,6,"½ pound smoked sausage of your choice, sliced",,0,1/2,0.5,0.5,pound,pound,"smoked sausage of your choice, sliced",smoked sausage of your choice,sliced,0,0,0,0,parsed_partial,preparation_note_from_commas,preparation_note_inline,preparation_note_inline,safe_for_mapping_now
pilot_recipe_final_021,Chicken with Lemon-Caper Sauce,Dinner,Cooking For Two,7,"¼ cup cold unsalted butter, cut into pieces",,0,1/4,0.25,0.25,cup,cup,"cold unsalted butter, cut into pieces",cold unsalted butter,cut into pieces,0,0,0,0,parsed_partial,preparation_note_from_commas,preparation_note_inline,preparation_note_inline,safe_for_mapping_now
pilot_recipe_final_021,Chicken with Lemon-Caper Sauce,Dinner,Cooking For Two,8,"2 tablespoons capers, drained",,0,2,2.0,2.0,tablespoons,tablespoon,"capers, drained",capers,drained,0,0,0,0,parsed_partial,preparation_note_from_commas,preparation_note_inline,preparation_note_inline,safe_for_mapping_now
pilot_recipe_final_022,Classic Beef Stuffed Peppers,Main Dishes,Stuffed Bell Peppers,1,"6 red bell peppers, tops and seeds removed",,0,6,6.0,6.0,,,"red bell peppers, tops and seeds removed",tops and seeds removed,red bell peppers,0,0,0,0,parsed_partial,preparation_note_from_commas; count_without_measure_unit,preparation_note_inline,preparation_note_inline|count_without_standard_unit,safe_for_mapping_now
pilot_recipe_final_022,Classic Beef Stuffed Peppers,Main Dishes,Stuffed Bell Peppers,2,"5 cups meatless spaghetti sauce, divided",,0,5,5.0,5.0,cups,cup,"meatless spaghetti sauce, divided",meatless spaghetti sauce,divided,0,0,0,0,parsed_partial,preparation_note_from_commas,preparation_note_inline,preparation_note_inline,safe_for_mapping_now
pilot_recipe_final_022,Classic Beef Stuffed Peppers,Main Dishes,Stuffed Bell Peppers,3,"3 eggs, beaten",,0,3,3.0,3.0,,,"eggs, beaten",eggs,beaten,0,0,0,0,parsed_partial,preparation_note_from_commas; count_without_measure_unit,preparation_note_inline,preparation_note_inline|count_without_standard_unit,safe_for_mapping_now
pilot_recipe_final_022,Classic Beef Stuffed Peppers,Main Dishes,Stuffed Bell Peppers,10,"6 tablespoons shredded Cheddar cheese, divided",,0,6,6.0,6.0,tablespoons,tablespoon,"shredded Cheddar cheese, divided",shredded Cheddar cheese,divided,0,0,0,0,parsed_partial,preparation_note_from_commas,preparation_note_inline,preparation_note_inline,safe_for_mapping_now
pilot_recipe_final_023,Corned Beef and Cabbage,Beef Recipes,Beef Brisket,3,"1 large orange, sliced in rounds",,0,1,1.0,1.0,,,"large orange, sliced in rounds",orange,large; sliced in rounds,0,0,0,0,parsed_partial,preparation_note_from_commas; count_without_measure_unit,preparation_note_inline,preparation_note_inline|count_without_standard_unit,safe_for_mapping_now
pilot_recipe_final_023,Corned Beef and Cabbage,Beef Recipes,Beef Brisket,4,"1 large onion, sliced",,0,1,1.0,1.0,,,"large onion, sliced",onion,large; sliced,0,0,0,0,parsed_partial,preparation_note_from_commas; count_without_measure_unit,preparation_note_inline,preparation_note_inline|count_without_standard_unit,safe_for_mapping_now
pilot_recipe_final_023,Corned Beef and Cabbage,Beef Recipes,Beef Brisket,6,"3/4 cup cold water, divided",,0,3/4,0.75,0.75,cup,cup,"cold water, divided",cold water,divided,0,0,0,0,parsed_partial,preparation_note_from_commas,preparation_note_inline,preparation_note_inline,safe_for_mapping_now
pilot_recipe_final_023,Corned Beef and Cabbage,Beef Recipes,Beef Brisket,7,"6 tablespoons margarine, divided",,0,6,6.0,6.0,tablespoons,tablespoon,"margarine, divided",margarine,divided,0,0,0,0,parsed_partial,preparation_note_from_commas,preparation_note_inline,preparation_note_inline,safe_for_mapping_now
pilot_recipe_final_023,Corned Beef and Cabbage,Beef Recipes,Beef Brisket,8,"1 large head cabbage, cored, and sliced",,0,1,1.0,1.0,,,"large head cabbage, cored, and sliced",head cabbage,large; cored; and sliced,0,0,0,0,parsed_partial,preparation_note_from_commas; count_without_measure_unit,preparation_note_inline,preparation_note_inline|count_without_standard_unit,safe_for_mapping_now
pilot_recipe_final_023,Corned Beef and Cabbage,Beef Recipes,Beef Brisket,9,"1 cup Golden Delicious apples, cored and quartered with peel",,0,1,1.0,1.0,cup,cup,"Golden Delicious apples, cored and quartered with peel",cored and quartered with peel,Golden Delicious apples,0,0,0,0,parsed_partial,preparation_note_from_commas,preparation_note_inline,preparation_note_inline,safe_for_mapping_now
pilot_recipe_final_025,"Easy Bacon, Onion, and Cheese-Stuffed Burgers",Main Dishes,Burgers,6,"½ pound bacon, cut into 1/4 inch pieces",,0,1/2,0.5,0.5,pound,pound,"bacon, cut into 1/4 inch pieces",bacon,cut into 1/4 inch pieces,0,0,0,0,parsed_partial,preparation_note_from_commas,preparation_note_inline,preparation_note_inline,safe_for_mapping_now
pilot_recipe_final_025,"Easy Bacon, Onion, and Cheese-Stuffed Burgers",Main Dishes,Burgers,7,"1 medium onion, finely chopped",,0,1,1.0,1.0,,,"medium onion, finely chopped",onion,medium; finely chopped,0,0,0,0,parsed_partial,preparation_note_from_commas; count_without_measure_unit,preparation_note_inline,preparation_note_inline|count_without_standard_unit,safe_for_mapping_now
pilot_recipe_final_025,"Easy Bacon, Onion, and Cheese-Stuffed Burgers",Main Dishes,Burgers,9,"6 hamburger buns, split",,0,6,6.0,6.0,,,"hamburger buns, split",hamburger buns,split,0,0,0,0,parsed_partial,preparation_note_from_commas; count_without_measure_unit,preparation_note_inline,preparation_note_inline|count_without_standard_unit,safe_for_mapping_now
pilot_recipe_final_026,Easy Ginger Beef,Beef Recipes,Beef Stir-Fry,5,"12 mushrooms, sliced",,0,12,12.0,12.0,,,"mushrooms, sliced",mushrooms,sliced,0,0,0,0,parsed_partial,preparation_note_from_commas; count_without_measure_unit,preparation_note_inline,preparation_note_inline|count_without_standard_unit,safe_for_mapping_now
pilot_recipe_final_026,Easy Ginger Beef,Beef Recipes,Beef Stir-Fry,6,"1 onion, chopped",,0,1,1.0,1.0,,,"onion, chopped",onion,chopped,0,0,0,0,parsed_partial,preparation_note_from_commas; count_without_measure_unit,preparation_note_inline,preparation_note_inline|count_without_standard_unit,safe_for_mapping_now
pilot_recipe_final_026,Easy Ginger Beef,Beef Recipes,Beef Stir-Fry,7,"1 red bell pepper, chopped",,0,1,1.0,1.0,,,"red bell pepper, chopped",red bell pepper,chopped,0,0,0,0,parsed_partial,preparation_note_from_commas; count_without_measure_unit,preparation_note_inline,preparation_note_inline|count_without_standard_unit,safe_for_mapping_now
pilot_recipe_final_027,Easy Grilled Shrimp Fajitas,Mexican,Fajitas,1,"1 red bell pepper, sliced into thin strips",,0,1,1.0,1.0,,,"red bell pepper, sliced into thin strips",red bell pepper,sliced into thin strips,0,0,0,0,parsed_partial,preparation_note_from_commas; count_without_measure_unit,preparation_note_inline,preparation_note_inline|count_without_standard_unit,safe_for_mapping_now
pilot_recipe_final_027,Easy Grilled Shrimp Fajitas,Mexican,Fajitas,2,"1 green bell pepper, sliced into thin strips",,0,1,1.0,1.0,,,"green bell pepper, sliced into thin strips",green bell pepper,sliced into thin strips,0,0,0,0,parsed_partial,preparation_note_from_commas; count_without_measure_unit,preparation_note_inline,preparation_note_inline|count_without_standard_unit,safe_for_mapping_now
pilot_recipe_final_027,Easy Grilled Shrimp Fajitas,Mexican,Fajitas,3,"1 large onion, sliced into thin strips",,0,1,1.0,1.0,,,"large onion, sliced into thin strips",onion,large; sliced into thin strips,0,0,0,0,parsed_partial,preparation_note_from_commas; count_without_measure_unit,preparation_note_inline,preparation_note_inline|count_without_standard_unit,safe_for_mapping_now
pilot_recipe_final_027,Easy Grilled Shrimp Fajitas,Mexican,Fajitas,4,"1 large fresh jalapeño pepper, sliced",,0,1,1.0,1.0,,,"large fresh jalapeño pepper, sliced",fresh jalapeño pepper,large; sliced,0,0,0,0,parsed_partial,preparation_note_from_commas; count_without_measure_unit,preparation_note_inline,preparation_note_inline|count_without_standard_unit,safe_for_mapping_now
pilot_recipe_final_027,Easy Grilled Shrimp Fajitas,Mexican,Fajitas,5,"2 ½ teaspoons fajita seasoning mix, divided",,0,2 1/2,2.5,2.5,teaspoons,teaspoon,"fajita seasoning mix, divided",fajita seasoning mix,divided,0,0,0,0,parsed_partial,preparation_note_from_commas,preparation_note_inline,preparation_note_inline,safe_for_mapping_now
pilot_recipe_final_027,Easy Grilled Shrimp Fajitas,Mexican,Fajitas,7,"12 ounces raw large shrimp, peeled and deveined",,0,12,12.0,12.0,ounces,ounce,"raw large shrimp, peeled and deveined",raw large shrimp,peeled and deveined,0,0,0,0,parsed_partial,preparation_note_from_commas,preparation_note_inline,preparation_note_inline,safe_for_mapping_now
pilot_recipe_final_028,Easy Grilled Vegetables,Vegetarian,Vegetarian Bbq & Grilling,6,"8 large mushrooms, quartered",,0,8,8.0,8.0,,,"large mushrooms, quartered",mushrooms,large; quartered,0,0,0,0,parsed_partial,preparation_note_from_commas; count_without_measure_unit,preparation_note_inline,preparation_note_inline|count_without_standard_unit,safe_for_mapping_now
pilot_recipe_final_028,Easy Grilled Vegetables,Vegetarian,Vegetarian Bbq & Grilling,7,"1 large zucchini, quartered",,0,1,1.0,1.0,,,"large zucchini, quartered",zucchini,large; quartered,0,0,0,0,parsed_partial,preparation_note_from_commas; count_without_measure_unit,preparation_note_inline,preparation_note_inline|count_without_standard_unit,safe_for_mapping_now
pilot_recipe_final_028,Easy Grilled Vegetables,Vegetarian,Vegetarian Bbq & Grilling,8,"1 large green bell pepper, cut into pieces",,0,1,1.0,1.0,,,"large green bell pepper, cut into pieces",green bell pepper,large; cut into pieces,0,0,0,0,parsed_partial,preparation_note_from_commas; count_without_measure_unit,preparation_note_inline,preparation_note_inline|count_without_standard_unit,safe_for_mapping_now
pilot_recipe_final_028,Easy Grilled Vegetables,Vegetarian,Vegetarian Bbq & Grilling,9,"1 large red onion, cut into pieces",,0,1,1.0,1.0,,,"large red onion, cut into pieces",red onion,large; cut into pieces,0,0,0,0,parsed_partial,preparation_note_from_commas; count_without_measure_unit,preparation_note_inline,preparation_note_inline|count_without_standard_unit,safe_for_mapping_now
pilot_recipe_final_029,Easy Mahi Mahi Fish Tacos,Mexican,Mexican Fish Tacos,4,"1 medium tomato, diced",,0,1,1.0,1.0,,,"medium tomato, diced",tomato,medium; diced,0,0,0,0,parsed_partial,preparation_note_from_commas; count_without_measure_unit,preparation_note_inline,preparation_note_inline|count_without_standard_unit,safe_for_mapping_now
pilot_recipe_final_029,Easy Mahi Mahi Fish Tacos,Mexican,Mexican Fish Tacos,5,"½ red onion, chopped",,0,1/2,0.5,0.5,,,"red onion, chopped",red onion,chopped,0,0,0,0,parsed_partial,preparation_note_from_commas; count_without_measure_unit,preparation_note_inline,preparation_note_inline|count_without_standard_unit,safe_for_mapping_now
pilot_recipe_final_029,Easy Mahi Mahi Fish Tacos,Mexican,Mexican Fish Tacos,7,"2 scallions, thinly sliced",,0,2,2.0,2.0,,,"scallions, thinly sliced",scallions,thinly sliced,0,0,0,0,parsed_partial,preparation_note_from_commas; count_without_measure_unit,preparation_note_inline,preparation_note_inline|count_without_standard_unit,safe_for_mapping_now
pilot_recipe_final_029,Easy Mahi Mahi Fish Tacos,Mexican,Mexican Fish Tacos,11,"1 avocado, sliced",,0,1,1.0,1.0,,,"avocado, sliced",avocado,sliced,0,0,0,0,parsed_partial,preparation_note_from_commas; count_without_measure_unit,preparation_note_inline,preparation_note_inline|count_without_standard_unit,safe_for_mapping_now
pilot_recipe_final_030,Easy North Carolina Barbeque,Pork,Pork Shoulder,3,"1 cup butter, melted",,0,1,1.0,1.0,cup,cup,"butter, melted",butter,melted,0,0,0,0,parsed_partial,preparation_note_from_commas,preparation_note_inline,preparation_note_inline,safe_for_mapping_now
pilot_recipe_final_032,Fried Beef Ribs,Beef Recipes,Beef Ribs,7,"6 pounds beef ribs, cut into single rib pieces",,0,6,6.0,6.0,pounds,pound,"beef ribs, cut into single rib pieces",beef ribs,cut into single rib pieces,0,0,0,0,parsed_partial,preparation_note_from_commas,preparation_note_inline,preparation_note_inline,safe_for_mapping_now
pilot_recipe_final_032,Fried Beef Ribs,Beef Recipes,Beef Ribs,8,"6 large eggs, beaten",,0,6,6.0,6.0,,,"large eggs, beaten",eggs,large; beaten,0,0,0,0,parsed_partial,preparation_note_from_commas; count_without_measure_unit,preparation_note_inline,preparation_note_inline|count_without_standard_unit,safe_for_mapping_now
pilot_recipe_final_033,Garlic Butter Smoked Shrimp,Healthy Recipes,Keto Diet,1,"1 pound large shrimp, peeled and deveined",,0,1,1.0,1.0,pound,pound,"large shrimp, peeled and deveined",shrimp,large; peeled and deveined,0,0,0,0,parsed_partial,preparation_note_from_commas,preparation_note_inline,preparation_note_inline,safe_for_mapping_now
pilot_recipe_final_034,Garlic Ginger Chicken Meatball Bowls,Main Dishes,Meatballs,3,"1 piece fresh ginger, peeled and minced",,0,1,1.0,1.0,,,"piece fresh ginger, peeled and minced",piece fresh ginger,peeled and minced,0,0,0,0,parsed_partial,preparation_note_from_commas; count_without_measure_unit,preparation_note_inline,preparation_note_inline|count_without_standard_unit,safe_for_mapping_now
pilot_recipe_final_034,Garlic Ginger Chicken Meatball Bowls,Main Dishes,Meatballs,4,"1/2 onion, finely minced",,0,1/2,0.5,0.5,,,"onion, finely minced",onion,finely minced,0,0,0,0,parsed_partial,preparation_note_from_commas; count_without_measure_unit,preparation_note_inline,preparation_note_inline|count_without_standard_unit,safe_for_mapping_now
pilot_recipe_final_034,Garlic Ginger Chicken Meatball Bowls,Main Dishes,Meatballs,7,"1 large egg, lightly beaten",,0,1,1.0,1.0,,,"large egg, lightly beaten",egg,large; lightly beaten,0,0,0,0,parsed_partial,preparation_note_from_commas; count_without_measure_unit,preparation_note_inline,preparation_note_inline|count_without_standard_unit,safe_for_mapping_now
pilot_recipe_final_036,Goat Cheese and Leek Quiche,Vegetarian,Vegetarian Quiche,2,"3 leeks - white and light green parts only, halved lengthwise, and sliced",,0,3,3.0,3.0,,,"leeks - white and light green parts only, halved lengthwise, and sliced",leeks - white and light green parts only,halved lengthwise; and sliced,0,0,0,0,parsed_partial,preparation_note_from_commas; count_without_measure_unit,preparation_note_inline,preparation_note_inline|count_without_standard_unit,safe_for_mapping_now
pilot_recipe_final_036,Goat Cheese and Leek Quiche,Vegetarian,Vegetarian Quiche,10,"2 ounces soft goat cheese, crumbled",,0,2,2.0,2.0,ounces,ounce,"soft goat cheese, crumbled",soft goat cheese,crumbled,0,0,0,0,parsed_partial,preparation_note_from_commas,preparation_note_inline,preparation_note_inline,safe_for_mapping_now
pilot_recipe_final_037,Grandma's Chicken Noodle Soup,Healthy Recipes,Low Glycemic Impact Recipes,10,"3 cups diced, cooked chicken meat",,0,3,3.0,3.0,cups,cup,"diced, cooked chicken meat",cooked chicken meat,diced,0,0,0,0,parsed_partial,preparation_note_from_commas,preparation_note_inline,preparation_note_inline,safe_for_mapping_now
pilot_recipe_final_038,Grilled Balsamic and Soy Marinated Flank Steak,Beef Recipes,Bbq & Grilled Beef,1,"½ onion, chopped",,0,1/2,0.5,0.5,,,"onion, chopped",onion,chopped,0,0,0,0,parsed_partial,preparation_note_from_commas; count_without_measure_unit,preparation_note_inline,preparation_note_inline|count_without_standard_unit,safe_for_mapping_now
pilot_recipe_final_040,Grilled London Broil,Beef Recipes,Bbq & Grilled Beef,1,"1 ½ pounds top round, London Broil cut",,0,1 1/2,1.5,1.5,pounds,pound,"top round, London Broil cut",London Broil cut,top round,0,0,0,0,parsed_partial,preparation_note_from_commas,preparation_note_inline,preparation_note_inline,safe_for_mapping_now
pilot_recipe_final_041,Grilled Mahi Mahi in Thai Coconut Sauce,Main Dishes,Thai Main Dishes,2,"4 tablespoons chopped fresh cilantro, divided",,0,4,4.0,4.0,tablespoons,tablespoon,"chopped fresh cilantro, divided",chopped fresh cilantro,divided,0,0,0,0,parsed_partial,preparation_note_from_commas,preparation_note_inline,preparation_note_inline,safe_for_mapping_now
pilot_recipe_final_041,Grilled Mahi Mahi in Thai Coconut Sauce,Main Dishes,Thai Main Dishes,3,"4 tablespoons chopped green onions, divided",,0,4,4.0,4.0,tablespoons,tablespoon,"chopped green onions, divided",chopped green onions,divided,0,0,0,0,parsed_partial,preparation_note_from_commas,preparation_note_inline,preparation_note_inline,safe_for_mapping_now
pilot_recipe_final_042,Grilled Pork Tenderloin with Balsamic Honey Glaze,Pork,Pork Tenderloin,6,"2 tablespoons olive oil, divided",,0,2,2.0,2.0,tablespoons,tablespoon,"olive oil, divided",olive oil,divided,0,0,0,0,parsed_partial,preparation_note_from_commas,preparation_note_inline,preparation_note_inline,safe_for_mapping_now
pilot_recipe_final_098,Grilled Stuffed Portobello Mushroom Caps,Vegetarian,Vegetarian Bbq & Grilling,4,"½ cup grape tomatoes, quartered",,0,1/2,0.5,0.5,cup,cup,"grape tomatoes, quartered",grape tomatoes,quartered,0,0,0,0,parsed_partial,preparation_note_from_commas,preparation_note_inline,preparation_note_inline,safe_for_mapping_now
pilot_recipe_final_098,Grilled Stuffed Portobello Mushroom Caps,Vegetarian,Vegetarian Bbq & Grilling,6,"1 green onion, thinly sliced",,0,1,1.0,1.0,,,"green onion, thinly sliced",green onion,thinly sliced,0,0,0,0,parsed_partial,preparation_note_from_commas; count_without_measure_unit,preparation_note_inline,preparation_note_inline|count_without_standard_unit,safe_for_mapping_now
pilot_recipe_final_043,Ham and Cheese Breakfast Casserole,Pork,Pork Casserole,2,"8 ounces cooked ham, cubed",,0,8,8.0,8.0,ounces,ounce,"cooked ham, cubed",cooked ham,cubed,0,0,0,0,parsed_partial,preparation_note_from_commas,preparation_note_inline,preparation_note_inline,safe_for_mapping_now
pilot_recipe_final_043,Ham and Cheese Breakfast Casserole,Pork,Pork Casserole,9,"½ cup butter, melted",,0,1/2,0.5,0.5,cup,cup,"butter, melted",butter,melted,0,0,0,0,parsed_partial,preparation_note_from_commas,preparation_note_inline,preparation_note_inline,safe_for_mapping_now
pilot_recipe_final_044,Healthier Broiled Tilapia Parmesan,Healthy Recipes,Healthy Makeover Recipes,3,"2 tablespoons unsalted butter, softened",,0,2,2.0,2.0,tablespoons,tablespoon,"unsalted butter, softened",unsalted butter,softened,0,0,0,0,parsed_partial,preparation_note_from_commas,preparation_note_inline,preparation_note_inline,safe_for_mapping_now
pilot_recipe_final_045,Healthier Eggplant Parmesan,Healthy Recipes,Healthy Makeover Recipes,5,"3 eggplant, peeled and thinly sliced",,0,3,3.0,3.0,,,"eggplant, peeled and thinly sliced",eggplant,peeled and thinly sliced,0,0,0,0,parsed_partial,preparation_note_from_commas; count_without_measure_unit,preparation_note_inline,preparation_note_inline|count_without_standard_unit,safe_for_mapping_now
pilot_recipe_final_045,Healthier Eggplant Parmesan,Healthy Recipes,Healthy Makeover Recipes,6,"6 cups spaghetti sauce, divided",,0,6,6.0,6.0,cups,cup,"spaghetti sauce, divided",spaghetti sauce,divided,0,0,0,0,parsed_partial,preparation_note_from_commas,preparation_note_inline,preparation_note_inline,safe_for_mapping_now
pilot_recipe_final_045,Healthier Eggplant Parmesan,Healthy Recipes,Healthy Makeover Recipes,7,"¾ pound part-skim mozzarella cheese, shredded and divided",,0,3/4,0.75,0.75,pound,pound,"part-skim mozzarella cheese, shredded and divided",part-skim mozzarella cheese,shredded and divided,0,0,0,0,parsed_partial,preparation_note_from_commas,preparation_note_inline,preparation_note_inline,safe_for_mapping_now
pilot_recipe_final_045,Healthier Eggplant Parmesan,Healthy Recipes,Healthy Makeover Recipes,8,"½ cup grated Parmesan cheese, divided",,0,1/2,0.5,0.5,cup,cup,"grated Parmesan cheese, divided",grated Parmesan cheese,divided,0,0,0,0,parsed_partial,preparation_note_from_commas,preparation_note_inline,preparation_note_inline,safe_for_mapping_now
pilot_recipe_final_046,Healthier Ultimate Twice-Baked Potatoes,Healthy Recipes,Healthy Makeover Recipes,8,"4 green onions, sliced",,0,4,4.0,4.0,,,"green onions, sliced",green onions,sliced,0,0,0,0,parsed_partial,preparation_note_from_commas; count_without_measure_unit,preparation_note_inline,preparation_note_inline|count_without_standard_unit,safe_for_mapping_now
pilot_recipe_final_046,Healthier Ultimate Twice-Baked Potatoes,Healthy Recipes,Healthy Makeover Recipes,10,"4 green onions, sliced",,0,4,4.0,4.0,,,"green onions, sliced",green onions,sliced,0,0,0,0,parsed_partial,preparation_note_from_commas; count_without_measure_unit,preparation_note_inline,preparation_note_inline|count_without_standard_unit,safe_for_mapping_now
pilot_recipe_final_049,Home-Fried Potatoes,Vegetarian,Vegetarian Breakfast And Brunch,2,"3 tablespoons olive oil, divided",,0,3,3.0,3.0,tablespoons,tablespoon,"olive oil, divided",olive oil,divided,0,0,0,0,parsed_partial,preparation_note_from_commas,preparation_note_inline,preparation_note_inline,safe_for_mapping_now
pilot_recipe_final_049,Home-Fried Potatoes,Vegetarian,Vegetarian Breakfast And Brunch,3,"1 onion, chopped",,0,1,1.0,1.0,,,"onion, chopped",onion,chopped,0,0,0,0,parsed_partial,preparation_note_from_commas; count_without_measure_unit,preparation_note_inline,preparation_note_inline|count_without_standard_unit,safe_for_mapping_now
pilot_recipe_final_049,Home-Fried Potatoes,Vegetarian,Vegetarian Breakfast And Brunch,4,"1 green bell pepper, seeded and chopped",,0,1,1.0,1.0,,,"green bell pepper, seeded and chopped",seeded and chopped,green bell pepper,0,0,0,0,parsed_partial,preparation_note_from_commas; count_without_measure_unit,preparation_note_inline,preparation_note_inline|count_without_standard_unit,safe_for_mapping_now
pilot_recipe_final_050,Honey Mustard Spaghetti,Dinner,Pasta Main Dishes,5,"1 pound boneless chicken breast, cubed",,0,1,1.0,1.0,pound,pound,"boneless chicken breast, cubed",boneless chicken breast,cubed,0,0,0,0,parsed_partial,preparation_note_from_commas,preparation_note_inline,preparation_note_inline|other,safe_for_mapping_now
pilot_recipe_final_053,Italian Style Short Ribs,Beef Recipes,Beef Ribs,3,"2 pounds beef short ribs, cut into 2 inch pieces",,0,2,2.0,2.0,pounds,pound,"beef short ribs, cut into 2 inch pieces",beef short ribs,cut into 2 inch pieces,0,0,0,0,parsed_partial,preparation_note_from_commas,preparation_note_inline,preparation_note_inline,safe_for_mapping_now
pilot_recipe_final_053,Italian Style Short Ribs,Beef Recipes,Beef Ribs,9,"⅛ teaspoon dried oregano, crushed",,0,1/8,0.125,0.125,teaspoon,teaspoon,"dried oregano, crushed",dried oregano,crushed,0,0,0,0,parsed_partial,preparation_note_from_commas,preparation_note_inline,preparation_note_inline,safe_for_mapping_now
pilot_recipe_final_099,Italian Wedding Soup,Main Dishes,Main Dish Soups And Stews,2,"1 large egg, lightly beaten",,0,1,1.0,1.0,,,"large egg, lightly beaten",egg,large; lightly beaten,0,0,0,0,parsed_partial,preparation_note_from_commas; count_without_measure_unit,preparation_note_inline,preparation_note_inline|count_without_standard_unit,safe_for_mapping_now
pilot_recipe_final_100,"Kale, Quinoa, and Avocado Salad with Lemon Dijon Vinaigrette",Dinner,Main Dish Salads,4,"½ avocado, peeled, pitted, and diced",,0,1/2,0.5,0.5,,,"avocado, peeled, pitted, and diced",and diced,avocado; peeled; pitted,0,0,0,0,parsed_partial,preparation_note_from_commas; count_without_measure_unit,preparation_note_inline,preparation_note_inline|count_without_standard_unit,safe_for_mapping_now
pilot_recipe_final_054,Korean Barbecue Short Ribs Teriyaki,Beef Recipes,Beef Ribs,8,"2 pounds beef short ribs, cut flanken-style",,0,2,2.0,2.0,pounds,pound,"beef short ribs, cut flanken-style",beef short ribs,cut flanken-style,0,0,0,0,parsed_partial,preparation_note_from_commas,preparation_note_inline,preparation_note_inline,safe_for_mapping_now
pilot_recipe_final_055,Lemon Panko-Crusted Salmon,Dinner,Quick And Easy Dinners For One,9,"1 tablespoon butter, melted",,0,1,1.0,1.0,tablespoon,tablespoon,"butter, melted",butter,melted,0,0,0,0,parsed_partial,preparation_note_from_commas,preparation_note_inline,preparation_note_inline,safe_for_mapping_now
pilot_recipe_final_057,Marinated Barbequed Vegetables,Vegetarian,Vegetarian Bbq & Grilling,1,"1 small eggplant, cut into 3/4 inch thick slices",,0,1,1.0,1.0,,,"small eggplant, cut into 3/4 inch thick slices",eggplant,small; cut into 3/4 inch thick slices,0,0,0,0,parsed_partial,preparation_note_from_commas; count_without_measure_unit,preparation_note_inline,preparation_note_inline|count_without_standard_unit,safe_for_mapping_now
pilot_recipe_final_057,Marinated Barbequed Vegetables,Vegetarian,Vegetarian Bbq & Grilling,2,"2 small red bell peppers, seeded and cut into wide strips",,0,2,2.0,2.0,,,"small red bell peppers, seeded and cut into wide strips",seeded and cut into wide strips,small red bell peppers,0,0,0,0,parsed_partial,preparation_note_from_commas; count_without_measure_unit,preparation_note_inline,preparation_note_inline|count_without_standard_unit,safe_for_mapping_now
pilot_recipe_final_057,Marinated Barbequed Vegetables,Vegetarian,Vegetarian Bbq & Grilling,3,"3 zucchinis, sliced",,0,3,3.0,3.0,,,"zucchinis, sliced",zucchinis,sliced,0,0,0,0,parsed_partial,preparation_note_from_commas; count_without_measure_unit,preparation_note_inline,preparation_note_inline|count_without_standard_unit,safe_for_mapping_now
pilot_recipe_final_057,Marinated Barbequed Vegetables,Vegetarian,Vegetarian Bbq & Grilling,4,"6 fresh mushrooms, stems removed",,0,6,6.0,6.0,,,"fresh mushrooms, stems removed",fresh mushrooms,stems removed,0,0,0,0,parsed_partial,preparation_note_from_commas; count_without_measure_unit,preparation_note_inline,preparation_note_inline|count_without_standard_unit,safe_for_mapping_now
pilot_recipe_final_101,Mediterranean Lentil Salad,Vegetarian,Vegan Recipes,3,"1 cup red onion, diced",,0,1,1.0,1.0,cup,cup,"red onion, diced",red onion,diced,0,0,0,0,parsed_partial,preparation_note_from_commas,preparation_note_inline,preparation_note_inline,safe_for_mapping_now
pilot_recipe_final_059,Million Dollar Chicken Breasts,Dinner,Main Dishes,8,"1/2 cup green onion, divided",,0,1/2,0.5,0.5,cup,cup,"green onion, divided",green onion,divided,0,0,0,0,parsed_partial,preparation_note_from_commas,preparation_note_inline,preparation_note_inline,safe_for_mapping_now
pilot_recipe_final_062,Mujaddara Arabic Lentil Rice,Vegetarian,Vegetarian Whole Grain,1,"2 3/4 cups water, divided",,0,2 3/4,2.75,2.75,cups,cup,"water, divided",water,divided,0,0,0,0,parsed_partial,preparation_note_from_commas,preparation_note_inline,preparation_note_inline,safe_for_mapping_now
pilot_recipe_final_062,Mujaddara Arabic Lentil Rice,Vegetarian,Vegetarian Whole Grain,2,"1 cup dry lentils, rinsed",,0,1,1.0,1.0,cup,cup,"dry lentils, rinsed",dry lentils,rinsed,0,0,0,0,parsed_partial,preparation_note_from_commas,preparation_note_inline,preparation_note_inline,safe_for_mapping_now
pilot_recipe_final_062,Mujaddara Arabic Lentil Rice,Vegetarian,Vegetarian Whole Grain,5,"2 teaspoons salt, divided",,0,2,2.0,2.0,teaspoons,teaspoon,"salt, divided",salt,divided,0,0,0,0,parsed_partial,preparation_note_from_commas,preparation_note_inline,preparation_note_inline,safe_for_mapping_now
pilot_recipe_final_062,Mujaddara Arabic Lentil Rice,Vegetarian,Vegetarian Whole Grain,6,"¾ cup white rice, rinsed",,0,3/4,0.75,0.75,cup,cup,"white rice, rinsed",white rice,rinsed,0,0,0,0,parsed_partial,preparation_note_from_commas,preparation_note_inline,preparation_note_inline,safe_for_mapping_now
pilot_recipe_final_062,Mujaddara Arabic Lentil Rice,Vegetarian,Vegetarian Whole Grain,9,"3 white onions, sliced into 1/4-inch rings",,0,3,3.0,3.0,,,"white onions, sliced into 1/4-inch rings",white onions,sliced into 1/4-inch rings,0,0,0,0,parsed_partial,preparation_note_from_commas; count_without_measure_unit,preparation_note_inline,preparation_note_inline|count_without_standard_unit,safe_for_mapping_now
pilot_recipe_final_103,Oven Roasted Potatoes,Vegetarian,Vegetarian Side Dishes,11,"4 large potatoes, peeled and cubed",,0,4,4.0,4.0,,,"large potatoes, peeled and cubed",potatoes,large; peeled and cubed,0,0,0,0,parsed_partial,preparation_note_from_commas; count_without_measure_unit,preparation_note_inline,preparation_note_inline|count_without_standard_unit,safe_for_mapping_now
pilot_recipe_final_065,Pizza Casserole,Beef Recipes,Beef Casserole,3,"1 onion, chopped",,0,1,1.0,1.0,,,"onion, chopped",onion,chopped,0,0,0,0,parsed_partial,preparation_note_from_commas; count_without_measure_unit,preparation_note_inline,preparation_note_inline|count_without_standard_unit,safe_for_mapping_now
pilot_recipe_final_065,Pizza Casserole,Beef Recipes,Beef Casserole,4,"1 green bell pepper, chopped",,0,1,1.0,1.0,,,"green bell pepper, chopped",green bell pepper,chopped,0,0,0,0,parsed_partial,preparation_note_from_commas; count_without_measure_unit,preparation_note_inline,preparation_note_inline|count_without_standard_unit,safe_for_mapping_now
pilot_recipe_final_066,Pork Tenderloin with Dijon Marsala Sauce,Pork,Pork Tenderloin,5,"2 shallots, minced",,0,2,2.0,2.0,,,"shallots, minced",shallots,minced,0,0,0,0,parsed_partial,preparation_note_from_commas; count_without_measure_unit,preparation_note_inline,preparation_note_inline|count_without_standard_unit,safe_for_mapping_now
pilot_recipe_final_067,Portuguese Pork with Red Peppers,Healthy Recipes,Low-Calorie Recipes,1,"4 large cloves garlic, peeled",,0,4,4.0,4.0,,,"large cloves garlic, peeled",cloves garlic,large; peeled,0,0,0,0,parsed_partial,preparation_note_from_commas; count_without_measure_unit,preparation_note_inline,preparation_note_inline|count_without_standard_unit,safe_for_mapping_now
pilot_recipe_final_067,Portuguese Pork with Red Peppers,Healthy Recipes,Low-Calorie Recipes,5,"2 pounds pork tenderloin, cut into 1 inch medallions",,0,2,2.0,2.0,pounds,pound,"pork tenderloin, cut into 1 inch medallions",pork tenderloin,cut into 1 inch medallions,0,0,0,0,parsed_partial,preparation_note_from_commas,preparation_note_inline,preparation_note_inline,safe_for_mapping_now
pilot_recipe_final_067,Portuguese Pork with Red Peppers,Healthy Recipes,Low-Calorie Recipes,6,"2 red bell peppers, julienned",,0,2,2.0,2.0,,,"red bell peppers, julienned",red bell peppers,julienned,0,0,0,0,parsed_partial,preparation_note_from_commas; count_without_measure_unit,preparation_note_inline,preparation_note_inline|count_without_standard_unit,safe_for_mapping_now
pilot_recipe_final_068,Posole Soup,Mexican,Mexican Soups And Stews,7,"1 small head cabbage, shredded",,0,1,1.0,1.0,,,"small head cabbage, shredded",head cabbage,small; shredded,0,0,0,0,parsed_partial,preparation_note_from_commas; count_without_measure_unit,preparation_note_inline,preparation_note_inline|count_without_standard_unit,safe_for_mapping_now
pilot_recipe_final_068,Posole Soup,Mexican,Mexican Soups And Stews,9,"1 lime, cut into wedges",,0,1,1.0,1.0,,,"lime, cut into wedges",lime,cut into wedges,0,0,0,0,parsed_partial,preparation_note_from_commas; count_without_measure_unit,preparation_note_inline,preparation_note_inline|count_without_standard_unit,safe_for_mapping_now
pilot_recipe_final_069,President Ford's Braised Eye Round Steak,Dinner,Beef Steaks,2,"2 large onions, sliced",,0,2,2.0,2.0,,,"large onions, sliced",onions,large; sliced,0,0,0,0,parsed_partial,preparation_note_from_commas; count_without_measure_unit,preparation_note_inline,preparation_note_inline|count_without_standard_unit,safe_for_mapping_now
pilot_recipe_final_070,Quick Beef Stir-Fry,Main Dishes,Stir-Fries,2,"1 pound beef sirloin, cut into 2-inch strips",,0,1,1.0,1.0,pound,pound,"beef sirloin, cut into 2-inch strips",beef sirloin,cut into 2-inch strips,0,0,0,0,parsed_partial,preparation_note_from_commas,preparation_note_inline,preparation_note_inline,safe_for_mapping_now
pilot_recipe_final_070,Quick Beef Stir-Fry,Main Dishes,Stir-Fries,4,"1 red bell pepper, cut into matchsticks",,0,1,1.0,1.0,,,"red bell pepper, cut into matchsticks",red bell pepper,cut into matchsticks,0,0,0,0,parsed_partial,preparation_note_from_commas; count_without_measure_unit,preparation_note_inline,preparation_note_inline|count_without_standard_unit,safe_for_mapping_now
pilot_recipe_final_070,Quick Beef Stir-Fry,Main Dishes,Stir-Fries,5,"2 carrots, thinly sliced",,0,2,2.0,2.0,,,"carrots, thinly sliced",carrots,thinly sliced,0,0,0,0,parsed_partial,preparation_note_from_commas; count_without_measure_unit,preparation_note_inline,preparation_note_inline|count_without_standard_unit,safe_for_mapping_now
pilot_recipe_final_070,Quick Beef Stir-Fry,Main Dishes,Stir-Fries,6,"1 green onion, chopped",,0,1,1.0,1.0,,,"green onion, chopped",green onion,chopped,0,0,0,0,parsed_partial,preparation_note_from_commas; count_without_measure_unit,preparation_note_inline,preparation_note_inline|count_without_standard_unit,safe_for_mapping_now
pilot_recipe_final_070,Quick Beef Stir-Fry,Main Dishes,Stir-Fries,9,"2 tablespoons sesame seeds, toasted",,0,2,2.0,2.0,tablespoons,tablespoon,"sesame seeds, toasted",sesame seeds,toasted,0,0,0,0,parsed_partial,preparation_note_from_commas,preparation_note_inline,preparation_note_inline,safe_for_mapping_now
pilot_recipe_final_071,Quick Super-Delicious Zuppa Toscana,Italian,Italian Soups And Stews,4,"1 large onion, diced",,0,1,1.0,1.0,,,"large onion, diced",onion,large; diced,0,0,0,0,parsed_partial,preparation_note_from_commas; count_without_measure_unit,preparation_note_inline,preparation_note_inline|count_without_standard_unit,safe_for_mapping_now
pilot_recipe_final_071,Quick Super-Delicious Zuppa Toscana,Italian,Italian Soups And Stews,7,"6 potatoes, thinly sliced",,0,6,6.0,6.0,,,"potatoes, thinly sliced",potatoes,thinly sliced,0,0,0,0,parsed_partial,preparation_note_from_commas; count_without_measure_unit,preparation_note_inline,preparation_note_inline|count_without_standard_unit,safe_for_mapping_now
pilot_recipe_final_072,Quick and Easy Chicken,Healthy Recipes,Dairy-Free Recipes,2,"1 onion, chopped",,0,1,1.0,1.0,,,"onion, chopped",onion,chopped,0,0,0,0,parsed_partial,preparation_note_from_commas; count_without_measure_unit,preparation_note_inline,preparation_note_inline|count_without_standard_unit,safe_for_mapping_now
pilot_recipe_final_072,Quick and Easy Chicken,Healthy Recipes,Dairy-Free Recipes,3,"4 skinless, boneless chicken breasts",,0,4,4.0,4.0,,,"skinless, boneless chicken breasts",boneless chicken breasts,skinless,0,0,0,0,parsed_partial,preparation_note_from_commas; count_without_measure_unit,preparation_note_inline,preparation_note_inline|count_without_standard_unit|other,safe_for_mapping_now
pilot_recipe_final_073,Red Pepper Soup,Healthy Recipes,Weight-Loss Recipes,2,"4 red bell peppers, chopped",,0,4,4.0,4.0,,,"red bell peppers, chopped",red bell peppers,chopped,0,0,0,0,parsed_partial,preparation_note_from_commas; count_without_measure_unit,preparation_note_inline,preparation_note_inline|count_without_standard_unit,safe_for_mapping_now
pilot_recipe_final_073,Red Pepper Soup,Healthy Recipes,Weight-Loss Recipes,3,"1 onion, chopped",,0,1,1.0,1.0,,,"onion, chopped",onion,chopped,0,0,0,0,parsed_partial,preparation_note_from_commas; count_without_measure_unit,preparation_note_inline,preparation_note_inline|count_without_standard_unit,safe_for_mapping_now
pilot_recipe_final_075,Rich Italian Sausage and Potato Soup,Italian,Italian Soups And Stews,4,"1 ¼ teaspoons garlic, minced",,0,1 1/4,1.25,1.25,teaspoons,teaspoon,"garlic, minced",garlic,minced,0,0,0,0,parsed_partial,preparation_note_from_commas,preparation_note_inline,preparation_note_inline,safe_for_mapping_now
pilot_recipe_final_075,Rich Italian Sausage and Potato Soup,Italian,Italian Soups And Stews,7,"2 potatoes, cubed",,0,2,2.0,2.0,,,"potatoes, cubed",potatoes,cubed,0,0,0,0,parsed_partial,preparation_note_from_commas; count_without_measure_unit,preparation_note_inline,preparation_note_inline|count_without_standard_unit,safe_for_mapping_now
pilot_recipe_final_075,Rich Italian Sausage and Potato Soup,Italian,Italian Soups And Stews,8,"2 cups kale, rinsed and julienned",,0,2,2.0,2.0,cups,cup,"kale, rinsed and julienned",kale,rinsed and julienned,0,0,0,0,parsed_partial,preparation_note_from_commas,preparation_note_inline,preparation_note_inline,safe_for_mapping_now
pilot_recipe_final_077,Sheet Pan Halibut with Orange and Fennel,Dinner,Sheet Pan Dinners,2,"3 teaspoons olive oil, divided",,0,3,3.0,3.0,teaspoons,teaspoon,"olive oil, divided",olive oil,divided,0,0,0,0,parsed_partial,preparation_note_from_commas,preparation_note_inline,preparation_note_inline,safe_for_mapping_now
pilot_recipe_final_077,Sheet Pan Halibut with Orange and Fennel,Dinner,Sheet Pan Dinners,4,"2 teaspoons talian seasoning, divided",,0,2,2.0,2.0,teaspoons,teaspoon,"talian seasoning, divided",talian seasoning,divided,0,0,0,0,parsed_partial,preparation_note_from_commas,preparation_note_inline,preparation_note_inline,safe_for_mapping_now
pilot_recipe_final_077,Sheet Pan Halibut with Orange and Fennel,Dinner,Sheet Pan Dinners,5,"1/4 teaspoon salt, divided",,0,1/4,0.25,0.25,teaspoon,teaspoon,"salt, divided",salt,divided,0,0,0,0,parsed_partial,preparation_note_from_commas,preparation_note_inline,preparation_note_inline,safe_for_mapping_now
pilot_recipe_final_077,Sheet Pan Halibut with Orange and Fennel,Dinner,Sheet Pan Dinners,6,"1/4 teaspoon black pepper, divided",,0,1/4,0.25,0.25,teaspoon,teaspoon,"black pepper, divided",black pepper,divided,0,0,0,0,parsed_partial,preparation_note_from_commas,preparation_note_inline,preparation_note_inline,safe_for_mapping_now
pilot_recipe_final_077,Sheet Pan Halibut with Orange and Fennel,Dinner,Sheet Pan Dinners,8,"1 orange, thinly sliced",,0,1,1.0,1.0,,,"orange, thinly sliced",orange,thinly sliced,0,0,0,0,parsed_partial,preparation_note_from_commas; count_without_measure_unit,preparation_note_inline,preparation_note_inline|count_without_standard_unit,safe_for_mapping_now
pilot_recipe_final_078,Sheet Pan Lemon Balsamic Chicken and Potatoes,Dinner,Sheet Pan Dinners,1,"1 1/2 pounds skinless, boneless chicken thighs",,0,1 1/2,1.5,1.5,pounds,pound,"skinless, boneless chicken thighs",boneless chicken thighs,skinless,0,0,0,0,parsed_partial,preparation_note_from_commas,preparation_note_inline,preparation_note_inline|other,safe_for_mapping_now
pilot_recipe_final_079,Sheet Pan Salmon and Veggies,Dinner,Sheet Pan Dinners,5,"1 cup grape tomatoes, halved",,0,1,1.0,1.0,cup,cup,"grape tomatoes, halved",grape tomatoes,halved,0,0,0,0,parsed_partial,preparation_note_from_commas,preparation_note_inline,preparation_note_inline,safe_for_mapping_now
pilot_recipe_final_079,Sheet Pan Salmon and Veggies,Dinner,Sheet Pan Dinners,6,"1 red onion, thinly sliced",,0,1,1.0,1.0,,,"red onion, thinly sliced",red onion,thinly sliced,0,0,0,0,parsed_partial,preparation_note_from_commas; count_without_measure_unit,preparation_note_inline,preparation_note_inline|count_without_standard_unit,safe_for_mapping_now
pilot_recipe_final_080,Simple Slow Roast Chicken,Dinner,Baked And Roasted Chicken,9,"1 onion, quartered",,0,1,1.0,1.0,,,"onion, quartered",onion,quartered,0,0,0,0,parsed_partial,preparation_note_from_commas; count_without_measure_unit,preparation_note_inline,preparation_note_inline|count_without_standard_unit,safe_for_mapping_now
pilot_recipe_final_104,Slow Cooker Vegetarian Curry,Vegetarian,Vegetarian Slow Cooker Recipes,3,"3 potatoes, chopped",,0,3,3.0,3.0,,,"potatoes, chopped",potatoes,chopped,0,0,0,0,parsed_partial,preparation_note_from_commas; count_without_measure_unit,preparation_note_inline,preparation_note_inline|count_without_standard_unit,safe_for_mapping_now
pilot_recipe_final_104,Slow Cooker Vegetarian Curry,Vegetarian,Vegetarian Slow Cooker Recipes,4,"3 tomatoes, chopped",,0,3,3.0,3.0,,,"tomatoes, chopped",tomatoes,chopped,0,0,0,0,parsed_partial,preparation_note_from_commas; count_without_measure_unit,preparation_note_inline,preparation_note_inline|count_without_standard_unit,safe_for_mapping_now
pilot_recipe_final_082,Sriracha Honey Chicken,Dinner,Quick And Easy Dinners For One,3,"1 tablespoon butter, melted",,0,1,1.0,1.0,tablespoon,tablespoon,"butter, melted",butter,melted,0,0,0,0,parsed_partial,preparation_note_from_commas,preparation_note_inline,preparation_note_inline,safe_for_mapping_now
pilot_recipe_final_082,Sriracha Honey Chicken,Dinner,Quick And Easy Dinners For One,9,"2 skinless, boneless chicken breasts",,0,2,2.0,2.0,,,"skinless, boneless chicken breasts",boneless chicken breasts,skinless,0,0,0,0,parsed_partial,preparation_note_from_commas; count_without_measure_unit,preparation_note_inline,preparation_note_inline|count_without_standard_unit|other,safe_for_mapping_now
pilot_recipe_final_086,Sweet and Sour Ground Pork Stir-Fry,Pork,Pork Stir-Fry,2,"1 onion, sliced",,0,1,1.0,1.0,,,"onion, sliced",onion,sliced,0,0,0,0,parsed_partial,preparation_note_from_commas; count_without_measure_unit,preparation_note_inline,preparation_note_inline|count_without_standard_unit,safe_for_mapping_now
pilot_recipe_final_086,Sweet and Sour Ground Pork Stir-Fry,Pork,Pork Stir-Fry,3,"2 carrots, peeled and sliced",,0,2,2.0,2.0,,,"carrots, peeled and sliced",carrots,peeled and sliced,0,0,0,0,parsed_partial,preparation_note_from_commas; count_without_measure_unit,preparation_note_inline,preparation_note_inline|count_without_standard_unit,safe_for_mapping_now
pilot_recipe_final_086,Sweet and Sour Ground Pork Stir-Fry,Pork,Pork Stir-Fry,9,"1 green bell pepper, chopped",,0,1,1.0,1.0,,,"green bell pepper, chopped",green bell pepper,chopped,0,0,0,0,parsed_partial,preparation_note_from_commas; count_without_measure_unit,preparation_note_inline,preparation_note_inline|count_without_standard_unit,safe_for_mapping_now
pilot_recipe_final_087,Texas Chicken Quesadillas,Mexican,Quesadillas,1,"2 tablespoons vegetable oil, divided",,0,2,2.0,2.0,tablespoons,tablespoon,"vegetable oil, divided",vegetable oil,divided,0,0,0,0,parsed_partial,preparation_note_from_commas,preparation_note_inline,preparation_note_inline,safe_for_mapping_now
pilot_recipe_final_087,Texas Chicken Quesadillas,Mexican,Quesadillas,2,"1 onion, sliced into rings",,0,1,1.0,1.0,,,"onion, sliced into rings",onion,sliced into rings,0,0,0,0,parsed_partial,preparation_note_from_commas; count_without_measure_unit,preparation_note_inline,preparation_note_inline|count_without_standard_unit,safe_for_mapping_now
pilot_recipe_final_087,Texas Chicken Quesadillas,Mexican,Quesadillas,4,"2 skinless, boneless chicken breast halves - cut into strips",,0,2,2.0,2.0,,,"skinless, boneless chicken breast halves - cut into strips",boneless chicken breast halves - cut into strips,skinless,0,0,0,0,parsed_partial,preparation_note_from_commas; count_without_measure_unit,preparation_note_inline,preparation_note_inline|count_without_standard_unit|other,safe_for_mapping_now
pilot_recipe_final_088,The Real Deal Korean Beef Ribs,Beef Recipes,Beef Ribs,1,"4 pounds Korean-style short ribs (beef chuck flanken, cut 1/3 to 1/2 inch thick across bones)",,0,4,4.0,4.0,pounds,pound,"Korean-style short ribs (beef chuck flanken, cut 1/3 to 1/2 inch thick across bones)",Korean-style short ribs (beef chuck flanken,cut 1/3 to 1/2 inch thick across bones),0,0,0,0,parsed_partial,preparation_note_from_commas,preparation_note_inline,preparation_note_inline,safe_for_mapping_now
pilot_recipe_final_106,Vegan Broccoli Soup,Vegetarian,Vegetarian Soups And Stews,2,"5 cups vegetable broth, divided",,0,5,5.0,5.0,cups,cup,"vegetable broth, divided",vegetable broth,divided,0,0,0,0,parsed_partial,preparation_note_from_commas,preparation_note_inline,preparation_note_inline,safe_for_mapping_now
pilot_recipe_final_106,Vegan Broccoli Soup,Vegetarian,Vegetarian Soups And Stews,3,"2 Yukon Gold potatoes, cut into 1/2-inch cubes",,0,2,2.0,2.0,,,"Yukon Gold potatoes, cut into 1/2-inch cubes",Yukon Gold potatoes,cut into 1/2-inch cubes,0,0,0,0,parsed_partial,preparation_note_from_commas; count_without_measure_unit,preparation_note_inline,preparation_note_inline|count_without_standard_unit,safe_for_mapping_now
pilot_recipe_final_106,Vegan Broccoli Soup,Vegetarian,Vegetarian Soups And Stews,4,"1 onion, finely chopped",,0,1,1.0,1.0,,,"onion, finely chopped",onion,finely chopped,0,0,0,0,parsed_partial,preparation_note_from_commas; count_without_measure_unit,preparation_note_inline,preparation_note_inline|count_without_standard_unit,safe_for_mapping_now
pilot_recipe_final_089,Vegan Sweet Potato and Bean Burritos,Mexican,Burritos,1,"1 cup sweet potato, peeled and cut into 1/4-inch cubes",,0,1,1.0,1.0,cup,cup,"sweet potato, peeled and cut into 1/4-inch cubes",sweet potato,peeled and cut into 1/4-inch cubes,0,0,0,0,parsed_partial,preparation_note_from_commas,preparation_note_inline,preparation_note_inline,safe_for_mapping_now
pilot_recipe_final_089,Vegan Sweet Potato and Bean Burritos,Mexican,Burritos,2,"½ cup yellow onion, sliced",,0,1/2,0.5,0.5,cup,cup,"yellow onion, sliced",yellow onion,sliced,0,0,0,0,parsed_partial,preparation_note_from_commas,preparation_note_inline,preparation_note_inline,safe_for_mapping_now
pilot_recipe_final_090,Vegetable Quesadillas,Mexican,Quesadillas,1,"1 zucchini, cubed",,0,1,1.0,1.0,,,"zucchini, cubed",zucchini,cubed,0,0,0,0,parsed_partial,preparation_note_from_commas; count_without_measure_unit,preparation_note_inline,preparation_note_inline|count_without_standard_unit,safe_for_mapping_now
pilot_recipe_final_090,Vegetable Quesadillas,Mexican,Quesadillas,3,"1 red bell pepper, chopped",,0,1,1.0,1.0,,,"red bell pepper, chopped",red bell pepper,chopped,0,0,0,0,parsed_partial,preparation_note_from_commas; count_without_measure_unit,preparation_note_inline,preparation_note_inline|count_without_standard_unit,safe_for_mapping_now
pilot_recipe_final_090,Vegetable Quesadillas,Mexican,Quesadillas,4,"1 carrot, chopped",,0,1,1.0,1.0,,,"carrot, chopped",carrot,chopped,0,0,0,0,parsed_partial,preparation_note_from_commas; count_without_measure_unit,preparation_note_inline,preparation_note_inline|count_without_standard_unit,safe_for_mapping_now
pilot_recipe_final_090,Vegetable Quesadillas,Mexican,Quesadillas,5,"1 yellow onion, chopped",,0,1,1.0,1.0,,,"yellow onion, chopped",yellow onion,chopped,0,0,0,0,parsed_partial,preparation_note_from_commas; count_without_measure_unit,preparation_note_inline,preparation_note_inline|count_without_standard_unit,safe_for_mapping_now
pilot_recipe_final_090,Vegetable Quesadillas,Mexican,Quesadillas,6,"4 small button mushrooms, chopped",,0,4,4.0,4.0,,,"small button mushrooms, chopped",button mushrooms,small; chopped,0,0,0,0,parsed_partial,preparation_note_from_commas; count_without_measure_unit,preparation_note_inline,preparation_note_inline|count_without_standard_unit,safe_for_mapping_now
pilot_recipe_final_091,Vegetarian Pho (Vietnamese Noodle Soup),Vegetarian,Vegetarian Protein,2,"1 onion, peeled and halved",,0,1,1.0,1.0,,,"onion, peeled and halved",onion,peeled and halved,0,0,0,0,parsed_partial,preparation_note_from_commas; count_without_measure_unit,preparation_note_inline,preparation_note_inline|count_without_standard_unit,safe_for_mapping_now
pilot_recipe_final_093,Zesty Carnitas Tacos,Mexican,Mexican Slow Cooker Recipes,6,"1 teaspoon dried oregano, crushed",,0,1,1.0,1.0,teaspoon,teaspoon,"dried oregano, crushed",dried oregano,crushed,0,0,0,0,parsed_partial,preparation_note_from_commas,preparation_note_inline,preparation_note_inline,safe_for_mapping_now
pilot_recipe_final_004,Apple Butter Meatballs,Main Dishes,Meatballs,5,1 large egg,,0,1,1.0,1.0,,,large egg,egg,large,0,0,0,0,parsed_partial,preparation_note_from_commas; count_without_measure_unit,size_descriptor_only,size_descriptor_only|preparation_note_inline|count_without_standard_unit,safe_with_small_cleanup
pilot_recipe_final_017,Cajun Shrimp and Sausage Sheet Pan Dinner,Dinner,Sheet Pan Dinners,4,1/2 medium red onion,,0,1/2,0.5,0.5,,,medium red onion,red onion,medium,0,0,0,0,parsed_partial,preparation_note_from_commas; count_without_measure_unit,size_descriptor_only,size_descriptor_only|preparation_note_inline|count_without_standard_unit,safe_with_small_cleanup
pilot_recipe_final_097,Easy Black Bean Soup for Two,Dinner,Cooking For Two,3,1 small jalapeno,,0,1,1.0,1.0,,,small jalapeno,jalapeno,small,0,0,0,0,parsed_partial,preparation_note_from_commas; count_without_measure_unit,size_descriptor_only,size_descriptor_only|preparation_note_inline|count_without_standard_unit,safe_with_small_cleanup
pilot_recipe_final_098,Grilled Stuffed Portobello Mushroom Caps,Vegetarian,Vegetarian Bbq & Grilling,1,4 large portobello mushrooms,,0,4,4.0,4.0,,,large portobello mushrooms,portobello mushrooms,large,0,0,0,0,parsed_partial,preparation_note_from_commas; count_without_measure_unit,size_descriptor_only,size_descriptor_only|preparation_note_inline|count_without_standard_unit,safe_with_small_cleanup
pilot_recipe_final_045,Healthier Eggplant Parmesan,Healthy Recipes,Healthy Makeover Recipes,1,1 large egg,,0,1,1.0,1.0,,,large egg,egg,large,0,0,0,0,parsed_partial,preparation_note_from_commas; count_without_measure_unit,size_descriptor_only,size_descriptor_only|preparation_note_inline|count_without_standard_unit,safe_with_small_cleanup
pilot_recipe_final_045,Healthier Eggplant Parmesan,Healthy Recipes,Healthy Makeover Recipes,2,3 large egg whites,,0,3,3.0,3.0,,,large egg whites,egg whites,large,0,0,0,0,parsed_partial,preparation_note_from_commas; count_without_measure_unit,size_descriptor_only,size_descriptor_only|preparation_note_inline|count_without_standard_unit,safe_with_small_cleanup
pilot_recipe_final_046,Healthier Ultimate Twice-Baked Potatoes,Healthy Recipes,Healthy Makeover Recipes,1,4 large baking potatoes,,0,4,4.0,4.0,,,large baking potatoes,baking potatoes,large,0,0,0,0,parsed_partial,preparation_note_from_commas; count_without_measure_unit,size_descriptor_only,size_descriptor_only|preparation_note_inline|count_without_standard_unit,safe_with_small_cleanup
pilot_recipe_final_089,Vegan Sweet Potato and Bean Burritos,Mexican,Burritos,6,4 large vegan tortillas,,0,4,4.0,4.0,,,large vegan tortillas,vegan tortillas,large,0,0,0,0,parsed_partial,preparation_note_from_commas; count_without_measure_unit,size_descriptor_only,size_descriptor_only|preparation_note_inline|count_without_standard_unit,safe_with_small_cleanup
