recipe_id_candidate,source_index,display_name,ingredient_position,ingredient_raw_text,ingredient_name_parsed,ingredient_name_normalized,quantity_value,quantity_unit,quantity_grams_estimated,parse_status,fooddb_version_used,mapped_food_id,mapped_food_canonical_name,mapping_status,mapping_confidence,mapping_method,mapping_notes
recipes_v1_1_candidate_001,59497,Pork and Pepper Stir Fry,5,salt and ground black pepper to taste,salt and ground black pepper,salt and black pepper,,,,review_needed,fooddb_v1_1_draft_round2,,,review_needed,low,review_candidate,compound_or_alternative_ingredient_name
recipes_v1_1_candidate_002,42042,Alysia's Basic Meat Lasagna,7,1 (8 ounce) can tomato sauce,tomato sauce,tomato sauce,1.0,can,,review_needed,fooddb_v1_1_draft_round2,,,review_needed,low,review_candidate,"family_name_candidate_only; candidate_count=2; preview=food_tomato_sauce_with_meat_or_bolognese_sauce_prepacked,food_tomato_sauce_with_onions_prepacked"
recipes_v1_1_candidate_003,45080,Salmon Couscous Salad,1,1/2 cup mayonnaise,mayonnaise,mayonnaise,0.5,cup,,parsed_partial,fooddb_v1_1_draft_round2,,,review_needed,low,review_candidate,"family_name_candidate_only; candidate_count=2; preview=food_mayonnaise_70_fat_and_more_prepacked,food_mayonnaise_reduced_fat_or_light_mayonnaise_prepacked"
recipes_v1_1_candidate_003,45080,Salmon Couscous Salad,6,ground black pepper to taste,ground black pepper,black pepper,,,,review_needed,fooddb_v1_1_draft_round2,food_black_pepper_powder,black_pepper_powder,review_needed,low,safe_alias_v1_1,safe_alias_v1_1:black pepper->food_black_pepper_powder; parse_status_review_gate
recipes_v1_1_candidate_005,12639,Portuguese Cod Fish Casserole,6,1 tablespoon chopped fresh parsley,chopped fresh parsley,parsley,1.0,tablespoon,,parsed_partial,fooddb_v1_1_draft_round2,,,review_needed,low,review_candidate,family_name_candidate_only; candidate_count=1; preview=food_parsley_dried
recipes_v1_1_candidate_005,12639,Portuguese Cod Fish Casserole,9,3 tablespoons tomato sauce,tomato sauce,tomato sauce,3.0,tablespoon,,parsed_partial,fooddb_v1_1_draft_round2,,,review_needed,low,review_candidate,"family_name_candidate_only; candidate_count=2; preview=food_tomato_sauce_with_meat_or_bolognese_sauce_prepacked,food_tomato_sauce_with_onions_prepacked"
recipes_v1_1_candidate_008,46240,White Chili with Ground Turkey,7,1 teaspoon ground cinnamon,ground cinnamon,cinnamon,1.0,teaspoon,,parsed_partial,fooddb_v1_1_draft_round2,,,review_needed,low,review_candidate,family_name_candidate_only; candidate_count=1; preview=food_cinnamon_powder
recipes_v1_1_candidate_008,46240,White Chili with Ground Turkey,8,ground cayenne pepper to taste,ground cayenne pepper,cayenne pepper,,,,review_needed,fooddb_v1_1_draft_round2,food_cayenne_pepper,cayenne_pepper,review_needed,low,exact_match,exact display_name match; parse_status_review_gate
recipes_v1_1_candidate_008,46240,White Chili with Ground Turkey,9,ground white pepper to taste,ground white pepper,white pepper,,,,review_needed,fooddb_v1_1_draft_round2,,,review_needed,low,review_candidate,family_name_candidate_only; candidate_count=1; preview=food_white_pepper_powder
recipes_v1_1_candidate_011,52979,Grilled Mediterranean Vegetable Sandwich,1,"1 eggplant, sliced into strips",eggplant,eggplant,1.0,count,50.0,parsed_partial,fooddb_v1_1_draft_round2,,,review_needed,low,review_candidate,"family_name_candidate_only; candidate_count=2; preview=food_eggplant_cooked,food_eggplant_raw"
recipes_v1_1_candidate_011,52979,Grilled Mediterranean Vegetable Sandwich,6,4 tablespoons mayonnaise,mayonnaise,mayonnaise,4.0,tablespoon,,parsed_partial,fooddb_v1_1_draft_round2,,,review_needed,low,review_candidate,"family_name_candidate_only; candidate_count=2; preview=food_mayonnaise_70_fat_and_more_prepacked,food_mayonnaise_reduced_fat_or_light_mayonnaise_prepacked"
recipes_v1_1_candidate_012,52970,Garbanzo Stir-Fry,2,1 tablespoon chopped fresh oregano,chopped fresh oregano,oregano,1.0,tablespoon,,parsed_partial,fooddb_v1_1_draft_round2,,,review_needed,low,review_candidate,family_name_candidate_only; candidate_count=1; preview=food_oregano_dried
recipes_v1_1_candidate_012,52970,Garbanzo Stir-Fry,3,1 tablespoon chopped fresh basil,chopped fresh basil,basil,1.0,tablespoon,,parsed_partial,fooddb_v1_1_draft_round2,,,review_needed,low,review_candidate,family_name_candidate_only; candidate_count=1; preview=food_basil_dried
recipes_v1_1_candidate_012,52970,Garbanzo Stir-Fry,5,ground black pepper to taste,ground black pepper,black pepper,,,,review_needed,fooddb_v1_1_draft_round2,food_black_pepper_powder,black_pepper_powder,review_needed,low,safe_alias_v1_1,safe_alias_v1_1:black pepper->food_black_pepper_powder; parse_status_review_gate
recipes_v1_1_candidate_012,52970,Garbanzo Stir-Fry,10,"1 tomato, chopped",tomato,tomato,1.0,count,,parsed_partial,fooddb_v1_1_draft_round2,,,review_needed,low,review_candidate,"family_name_candidate_only; candidate_count=4; preview=food_tomato_dried,food_tomato_raw,food_tomato_roasted_baked,food_tomato_roasted_baked_with_skin"
recipes_v1_1_candidate_013,12444,Ground Beef Casserole with Rice,3,"1 medium tomato, chopped",tomato,tomato,1.0,count,,parsed_partial,fooddb_v1_1_draft_round2,,,review_needed,low,review_candidate,"family_name_candidate_only; candidate_count=4; preview=food_tomato_dried,food_tomato_raw,food_tomato_roasted_baked,food_tomato_roasted_baked_with_skin"
recipes_v1_1_candidate_013,12444,Ground Beef Casserole with Rice,10,salt and ground black pepper to taste,salt and ground black pepper,salt and black pepper,,,,review_needed,fooddb_v1_1_draft_round2,,,review_needed,low,review_candidate,compound_or_alternative_ingredient_name
recipes_v1_1_candidate_014,59533,Korean Fried Pork With Stir-Fried Celery,7,2 tablespoons grated fresh ginger,grated fresh ginger,ginger,2.0,tablespoon,,parsed_partial,fooddb_v1_1_draft_round2,,,review_needed,low,review_candidate,"family_name_candidate_only; candidate_count=2; preview=food_ginger_powder,food_ginger_raw"
recipes_v1_1_candidate_014,59533,Korean Fried Pork With Stir-Fried Celery,10,"1 pound pork loin, cut into strips",pork loin,pork loin,1.0,pound,453.59,parsed_partial,fooddb_v1_1_draft_round2,,,review_needed,low,review_candidate,"family_name_candidate_only; candidate_count=3; preview=food_pork_loin_cooked,food_pork_loin_raw,food_pork_loin_roasted_baked"
recipes_v1_1_candidate_015,26203,Sheet Pan Garlic Butter Steak Bites with Veggies,11,2 teaspoons fresh rosemary,fresh rosemary,rosemary,2.0,teaspoon,,parsed_partial,fooddb_v1_1_draft_round2,,,review_needed,low,review_candidate,family_name_candidate_only; candidate_count=1; preview=food_rosemary_dried
recipes_v1_1_candidate_016,26208,Sheet Pan Tilapia and Potatoes,10,1 teaspoon lemon zest,lemon zest,lemon zest,1.0,teaspoon,,parsed_partial,fooddb_v1_1_draft_round2,,,review_needed,low,review_candidate,family_name_candidate_only; candidate_count=1; preview=food_lemon_zest_raw
recipes_v1_1_candidate_017,36637,Stir Fried Pasta with Veggies,9,salt to taste,salt,salt,,,,review_needed,fooddb_v1_1_draft_round2,food_salt_white_sea_igneous_or_rock_no_enrichment,salt_white_sea_igneous_or_rock_no_enrichment,review_needed,low,safe_alias_v1_1,safe_alias_v1_1:salt->food_salt_white_sea_igneous_or_rock_no_enrichment; parse_status_review_gate
recipes_v1_1_candidate_017,36637,Stir Fried Pasta with Veggies,10,ground black pepper to taste,ground black pepper,black pepper,,,,review_needed,fooddb_v1_1_draft_round2,food_black_pepper_powder,black_pepper_powder,review_needed,low,safe_alias_v1_1,safe_alias_v1_1:black pepper->food_black_pepper_powder; parse_status_review_gate
recipes_v1_1_candidate_018,45807,Shrimp Marinara,7,1 (15 ounce) can tomato sauce,tomato sauce,tomato sauce,1.0,can,,review_needed,fooddb_v1_1_draft_round2,,,review_needed,low,review_candidate,"family_name_candidate_only; candidate_count=2; preview=food_tomato_sauce_with_meat_or_bolognese_sauce_prepacked,food_tomato_sauce_with_onions_prepacked"
recipes_v1_1_candidate_018,45807,Shrimp Marinara,8,"1/4 cup chopped fresh basil, plus more for garnish",chopped fresh basil,basil,0.25,cup,,review_needed,fooddb_v1_1_draft_round2,,,review_needed,low,review_candidate,family_name_candidate_only; candidate_count=1; preview=food_basil_dried
recipes_v1_1_candidate_019,46997,Turmeric Black Pepper Chicken with Broccoli,5,1 1/2 teaspoons ground turmeric,ground turmeric,turmeric,1.5,teaspoon,,parsed_partial,fooddb_v1_1_draft_round2,,,review_needed,low,review_candidate,family_name_candidate_only; candidate_count=1; preview=food_turmeric_powder
recipes_v1_1_candidate_019,46997,Turmeric Black Pepper Chicken with Broccoli,9,1/2 pound broccoli,broccoli,broccoli,0.5,pound,226.8,parsed_clean,fooddb_v1_1_draft_round2,,,review_needed,low,review_candidate,"family_name_candidate_only; candidate_count=7; preview=food_broccoli_boiled_cooked_in_water_crunchy,food_broccoli_boiled_cooked_in_water_tender,food_broccoli_cooked,food_broccoli_frozen_cooked,food_broccoli_frozen_raw"
recipes_v1_1_candidate_020,48701,Thai Fried Rice,4,"1 large tomato, cubed",tomato,tomato,1.0,count,,parsed_partial,fooddb_v1_1_draft_round2,,,review_needed,low,review_candidate,"family_name_candidate_only; candidate_count=4; preview=food_tomato_dried,food_tomato_raw,food_tomato_roasted_baked,food_tomato_roasted_baked_with_skin"
recipes_v1_1_candidate_021,46164,Kelsey's Favorite Stuffed Green Peppers,7,salt to taste,salt,salt,,,,review_needed,fooddb_v1_1_draft_round2,food_salt_white_sea_igneous_or_rock_no_enrichment,salt_white_sea_igneous_or_rock_no_enrichment,review_needed,low,safe_alias_v1_1,safe_alias_v1_1:salt->food_salt_white_sea_igneous_or_rock_no_enrichment; parse_status_review_gate
recipes_v1_1_candidate_021,46164,Kelsey's Favorite Stuffed Green Peppers,8,ground black pepper to taste,ground black pepper,black pepper,,,,review_needed,fooddb_v1_1_draft_round2,food_black_pepper_powder,black_pepper_powder,review_needed,low,safe_alias_v1_1,safe_alias_v1_1:black pepper->food_black_pepper_powder; parse_status_review_gate
recipes_v1_1_candidate_021,46164,Kelsey's Favorite Stuffed Green Peppers,9,1 (15 ounce) can tomato sauce,tomato sauce,tomato sauce,1.0,can,,review_needed,fooddb_v1_1_draft_round2,,,review_needed,low,review_candidate,"family_name_candidate_only; candidate_count=2; preview=food_tomato_sauce_with_meat_or_bolognese_sauce_prepacked,food_tomato_sauce_with_onions_prepacked"
recipes_v1_1_candidate_022,15547,Grandma's Chinese Vegetable Soup,8,salt to taste,salt,salt,,,,review_needed,fooddb_v1_1_draft_round2,food_salt_white_sea_igneous_or_rock_no_enrichment,salt_white_sea_igneous_or_rock_no_enrichment,review_needed,low,safe_alias_v1_1,safe_alias_v1_1:salt->food_salt_white_sea_igneous_or_rock_no_enrichment; parse_status_review_gate
recipes_v1_1_candidate_026,26447,Hibachi Chicken and Rice Casserole,7,"1 tablespoon fresh ginger,",fresh ginger,ginger,1.0,tablespoon,,parsed_partial,fooddb_v1_1_draft_round2,,,review_needed,low,review_candidate,"family_name_candidate_only; candidate_count=2; preview=food_ginger_powder,food_ginger_raw"
recipes_v1_1_candidate_026,26447,Hibachi Chicken and Rice Casserole,10,1 cup broccoli,broccoli,broccoli,1.0,cup,,parsed_partial,fooddb_v1_1_draft_round2,,,review_needed,low,review_candidate,"family_name_candidate_only; candidate_count=7; preview=food_broccoli_boiled_cooked_in_water_crunchy,food_broccoli_boiled_cooked_in_water_tender,food_broccoli_cooked,food_broccoli_frozen_cooked,food_broccoli_frozen_raw"
recipes_v1_1_candidate_029,56,Air Fryer Everything-Bagel Salmon Dinner,2,"1 sweet potato, cut into 1/4-inch wedges",sweet potato,sweet potato,1.0,count,,parsed_partial,fooddb_v1_1_draft_round2,,,review_needed,low,review_candidate,"family_name_candidate_only; candidate_count=2; preview=food_sweet_potato_cooked,food_sweet_potato_raw"
recipes_v1_1_candidate_029,56,Air Fryer Everything-Bagel Salmon Dinner,8,2 teaspoons mayonnaise,mayonnaise,mayonnaise,2.0,teaspoon,,parsed_partial,fooddb_v1_1_draft_round2,,,review_needed,low,review_candidate,"family_name_candidate_only; candidate_count=2; preview=food_mayonnaise_70_fat_and_more_prepacked,food_mayonnaise_reduced_fat_or_light_mayonnaise_prepacked"
recipes_v1_1_candidate_030,47574,Stuffed Eggplant,1,"1 (1½ pound) eggplant, halved lengthwise",eggplant,eggplant,1.0,count,50.0,parsed_partial,fooddb_v1_1_draft_round2,,,review_needed,low,review_candidate,"family_name_candidate_only; candidate_count=2; preview=food_eggplant_cooked,food_eggplant_raw"
recipes_v1_1_candidate_030,47574,Stuffed Eggplant,9,2 tablespoons chopped fresh basil,chopped fresh basil,basil,2.0,tablespoon,,parsed_partial,fooddb_v1_1_draft_round2,,,review_needed,low,review_candidate,family_name_candidate_only; candidate_count=1; preview=food_basil_dried
recipes_v1_1_candidate_031,13917,Spaghetti Squash Carbonara,3,salt to taste,salt,salt,,,,review_needed,fooddb_v1_1_draft_round2,food_salt_white_sea_igneous_or_rock_no_enrichment,salt_white_sea_igneous_or_rock_no_enrichment,review_needed,low,safe_alias_v1_1,safe_alias_v1_1:salt->food_salt_white_sea_igneous_or_rock_no_enrichment; parse_status_review_gate
recipes_v1_1_candidate_031,13917,Spaghetti Squash Carbonara,4,8 ounces pancetta,pancetta,pancetta,8.0,ounce,226.8,parsed_clean,fooddb_v1_1_draft_round2,,,review_needed,low,review_candidate,family_name_candidate_only; candidate_count=1; preview=food_pancetta_dried
recipes_v1_1_candidate_033,641,Ground Turkey and Zucchini Skillet,12,salt and freshly ground black pepper to taste,salt and freshly ground black pepper,salt and freshly black pepper,,,,review_needed,fooddb_v1_1_draft_round2,,,review_needed,low,review_candidate,compound_or_alternative_ingredient_name
recipes_v1_1_candidate_033,641,Ground Turkey and Zucchini Skillet,13,chopped fresh parsley,chopped fresh parsley,parsley,,,,parsed_partial,fooddb_v1_1_draft_round2,,,review_needed,low,review_candidate,family_name_candidate_only; candidate_count=1; preview=food_parsley_dried
recipes_v1_1_candidate_034,26250,Slow Cooker Chicken and Rice,2,1 cup rice,rice,rice,1.0,cup,185.0,parsed_clean,fooddb_v1_1_draft_round2,,,review_needed,low,review_candidate,"family_name_candidate_only; candidate_count=2; preview=food_rice_cooked_unsalted,food_rice_raw"
recipes_v1_1_candidate_034,26250,Slow Cooker Chicken and Rice,7,1 (10-ounce) package frozen peas and carrots,frozen peas and carrots,peas and carrots,1.0,package,,review_needed,fooddb_v1_1_draft_round2,,,review_needed,low,review_candidate,compound_or_alternative_ingredient_name
recipes_v1_1_candidate_034,26250,Slow Cooker Chicken and Rice,11,1/4 cup chopped fresh parsley (optional),chopped fresh parsley,parsley,0.25,cup,,parsed_partial,fooddb_v1_1_draft_round2,,,review_needed,low,review_candidate,family_name_candidate_only; candidate_count=1; preview=food_parsley_dried
recipes_v1_1_candidate_036,42384,Prime Rib Soup,3,"1 potato, peeled and cut into 3/4 inch pieces",potato,potato,1.0,count,,parsed_partial,fooddb_v1_1_draft_round2,,,review_needed,low,review_candidate,"family_name_candidate_only; candidate_count=4; preview=food_potato_boiled_cooked_in_water,food_potato_canned_drained,food_potato_cooked,food_potato_roasted_baked"
recipes_v1_1_candidate_038,25687,Classic Turkey and Rice Soup,6,1 teaspoon dried rosemary,dried rosemary,rosemary,1.0,teaspoon,,parsed_partial,fooddb_v1_1_draft_round2,,,review_needed,low,review_candidate,family_name_candidate_only; candidate_count=1; preview=food_rosemary_dried
recipes_v1_1_candidate_038,25687,Classic Turkey and Rice Soup,9,salt and ground black pepper to taste,salt and ground black pepper,salt and black pepper,,,,review_needed,fooddb_v1_1_draft_round2,,,review_needed,low,review_candidate,compound_or_alternative_ingredient_name
recipes_v1_1_candidate_039,43741,Black-Eyed Peas and Rice,10,salt and ground black pepper to taste,salt and ground black pepper,salt and black pepper,,,,review_needed,fooddb_v1_1_draft_round2,,,review_needed,low,review_candidate,compound_or_alternative_ingredient_name
recipes_v1_1_candidate_041,25796,Harvest Patties,3,"1 parsnip, peeled and grated",parsnip,parsnip,1.0,count,,parsed_partial,fooddb_v1_1_draft_round2,,,review_needed,low,review_candidate,"family_name_candidate_only; candidate_count=2; preview=food_parsnip_cooked,food_parsnip_raw"
recipes_v1_1_candidate_041,25796,Harvest Patties,7,1 tablespoon ground cinnamon,ground cinnamon,cinnamon,1.0,tablespoon,,parsed_partial,fooddb_v1_1_draft_round2,,,review_needed,low,review_candidate,family_name_candidate_only; candidate_count=1; preview=food_cinnamon_powder
recipes_v1_1_candidate_042,48781,Greek Feta and Spinach Potato Casserole,2,8 ounces spinach,spinach,spinach,8.0,ounce,226.8,parsed_clean,fooddb_v1_1_draft_round2,,,review_needed,low,review_candidate,"family_name_candidate_only; candidate_count=6; preview=food_spinach_boiled_cooked_in_water,food_spinach_canned_drained,food_spinach_cooked,food_spinach_frozen_cooked,food_spinach_frozen_raw"
recipes_v1_1_candidate_042,48781,Greek Feta and Spinach Potato Casserole,7,2 teaspoons lemon zest,lemon zest,lemon zest,2.0,teaspoon,,parsed_partial,fooddb_v1_1_draft_round2,,,review_needed,low,review_candidate,family_name_candidate_only; candidate_count=1; preview=food_lemon_zest_raw
recipes_v1_1_candidate_044,14323,Easy Chicken and Dumplings with Vegetables,6,1 tablespoon dried rosemary,dried rosemary,rosemary,1.0,tablespoon,,parsed_partial,fooddb_v1_1_draft_round2,,,review_needed,low,review_candidate,family_name_candidate_only; candidate_count=1; preview=food_rosemary_dried
recipes_v1_1_candidate_045,55162,BLT Pasta Carbonara,5,1 egg yolk,egg yolk,egg yolk,1.0,count,50.0,parsed_partial,fooddb_v1_1_draft_round2,,,review_needed,low,review_candidate,"family_name_candidate_only; candidate_count=3; preview=food_egg_yolk_cooked,food_egg_yolk_powder,food_egg_yolk_raw"
recipes_v1_1_candidate_045,55162,BLT Pasta Carbonara,6,salt and freshly ground black pepper to taste,salt and freshly ground black pepper,salt and freshly black pepper,,,,review_needed,fooddb_v1_1_draft_round2,,,review_needed,low,review_candidate,compound_or_alternative_ingredient_name
recipes_v1_1_candidate_045,55162,BLT Pasta Carbonara,10,"1 bunch fresh spinach, stems removed and leaves torn into bite-sized pieces",stems removed and leaves torn into bite-sized pieces,stems removed and leaves torn into bite sized pieces,1.0,bunch,,parsed_partial,fooddb_v1_1_draft_round2,,,review_needed,low,review_candidate,compound_or_alternative_ingredient_name
recipes_v1_1_candidate_047,40706,Greek Green Beans,7,salt to taste,salt,salt,,,,review_needed,fooddb_v1_1_draft_round2,food_salt_white_sea_igneous_or_rock_no_enrichment,salt_white_sea_igneous_or_rock_no_enrichment,review_needed,low,safe_alias_v1_1,safe_alias_v1_1:salt->food_salt_white_sea_igneous_or_rock_no_enrichment; parse_status_review_gate
recipes_v1_1_candidate_048,38085,Baked Rigatoni,6,3 tablespoons chopped fresh basil,chopped fresh basil,basil,3.0,tablespoon,,parsed_partial,fooddb_v1_1_draft_round2,,,review_needed,low,review_candidate,family_name_candidate_only; candidate_count=1; preview=food_basil_dried
recipes_v1_1_candidate_048,38085,Baked Rigatoni,7,1 tablespoon chopped fresh oregano,chopped fresh oregano,oregano,1.0,tablespoon,,parsed_partial,fooddb_v1_1_draft_round2,,,review_needed,low,review_candidate,family_name_candidate_only; candidate_count=1; preview=food_oregano_dried
recipes_v1_1_candidate_048,38085,Baked Rigatoni,8,1 tablespoon chopped fresh parsley,chopped fresh parsley,parsley,1.0,tablespoon,,parsed_partial,fooddb_v1_1_draft_round2,,,review_needed,low,review_candidate,family_name_candidate_only; candidate_count=1; preview=food_parsley_dried
recipes_v1_1_candidate_049,46209,Classic Goulash,6,2 (15 ounce) cans tomato sauce,tomato sauce,tomato sauce,2.0,can,,review_needed,fooddb_v1_1_draft_round2,,,review_needed,low,review_candidate,"family_name_candidate_only; candidate_count=2; preview=food_tomato_sauce_with_meat_or_bolognese_sauce_prepacked,food_tomato_sauce_with_onions_prepacked"
recipes_v1_1_candidate_050,46018,Zucchini Chicken Rice Casserole,11,1 teaspoon lemon zest,lemon zest,lemon zest,1.0,teaspoon,,parsed_partial,fooddb_v1_1_draft_round2,,,review_needed,low,review_candidate,family_name_candidate_only; candidate_count=1; preview=food_lemon_zest_raw
recipes_v1_1_candidate_050,46018,Zucchini Chicken Rice Casserole,15,"3 tablespoons fresh parsley, divided",fresh parsley,parsley,3.0,tablespoon,,parsed_partial,fooddb_v1_1_draft_round2,,,review_needed,low,review_candidate,family_name_candidate_only; candidate_count=1; preview=food_parsley_dried
recipes_v1_1_candidate_050,46018,Zucchini Chicken Rice Casserole,16,2 tablespoons fresh mint,fresh mint,mint,2.0,tablespoon,,parsed_partial,fooddb_v1_1_draft_round2,,,review_needed,low,review_candidate,family_name_candidate_only; candidate_count=1; preview=food_mint_dried
recipes_v1_1_candidate_051,5680,Cabbage Borsht,6,3 large peeled and diced red potatoes,peeled and diced red potatoes,and red potatoes,3.0,count,,parsed_partial,fooddb_v1_1_draft_round2,,,review_needed,low,review_candidate,compound_or_alternative_ingredient_name
recipes_v1_1_candidate_051,5680,Cabbage Borsht,10,2 tablespoons chopped fresh parsley,chopped fresh parsley,parsley,2.0,tablespoon,,parsed_partial,fooddb_v1_1_draft_round2,,,review_needed,low,review_candidate,family_name_candidate_only; candidate_count=1; preview=food_parsley_dried
recipes_v1_1_candidate_052,14727,Teriyaki Chicken with Mushrooms and Broccoli,5,"4 teaspoons fresh ginger, minced",fresh ginger,ginger,4.0,teaspoon,,parsed_partial,fooddb_v1_1_draft_round2,,,review_needed,low,review_candidate,"family_name_candidate_only; candidate_count=2; preview=food_ginger_powder,food_ginger_raw"
recipes_v1_1_candidate_053,28309,Baked Chicken and Vegetable Rice Paper Rolls,3,2 teaspoons minced fresh ginger,minced fresh ginger,ginger,2.0,teaspoon,,parsed_partial,fooddb_v1_1_draft_round2,,,review_needed,low,review_candidate,"family_name_candidate_only; candidate_count=2; preview=food_ginger_powder,food_ginger_raw"
recipes_v1_1_candidate_054,36407,Dad's Lima Bean Soup with Ham Bone,2,"8 cups water, plus more as needed",water,water,8.0,cup,1920.0,review_needed,fooddb_v1_1_draft_round2,food_water_municipal,water_municipal,review_needed,low,review_promotion_v1_1,review_promotion_v1_1:water_low_macro_impact; parse_status_review_gate
recipes_v1_1_candidate_055,46266,Chicken Adobo Fried Rice,11,1 pinch white pepper,white pepper,white pepper,1.0,pinch,,parsed_partial,fooddb_v1_1_draft_round2,,,review_needed,low,review_candidate,family_name_candidate_only; candidate_count=1; preview=food_white_pepper_powder
recipes_v1_1_candidate_057,48399,Neck Bones and Lima Beans,7,salt and pepper to taste,salt and pepper,salt and pepper,,,,review_needed,fooddb_v1_1_draft_round2,,,review_needed,low,review_candidate,compound_or_alternative_ingredient_name
recipes_v1_1_candidate_058,48498,Filipino Pancit Bihon with Canton,6,salt and ground black pepper to taste,salt and ground black pepper,salt and black pepper,,,,review_needed,fooddb_v1_1_draft_round2,,,review_needed,low,review_candidate,compound_or_alternative_ingredient_name
recipes_v1_1_candidate_059,649,Italian Meatballs on Parmesan Noodles,3,1/4 cup chopped fresh parsley,chopped fresh parsley,parsley,0.25,cup,,parsed_partial,fooddb_v1_1_draft_round2,,,review_needed,low,review_candidate,family_name_candidate_only; candidate_count=1; preview=food_parsley_dried
recipes_v1_1_candidate_059,649,Italian Meatballs on Parmesan Noodles,5,1/2 tablespoon garlic or garlic paste,garlic or garlic paste,garlic or garlic paste,0.5,tablespoon,,review_needed,fooddb_v1_1_draft_round2,,,review_needed,low,review_candidate,compound_or_alternative_ingredient_name
recipes_v1_1_candidate_061,55167,Zoodles alla Carbonara,2,1 egg yolk,egg yolk,egg yolk,1.0,count,50.0,parsed_partial,fooddb_v1_1_draft_round2,,,review_needed,low,review_candidate,"family_name_candidate_only; candidate_count=3; preview=food_egg_yolk_cooked,food_egg_yolk_powder,food_egg_yolk_raw"
recipes_v1_1_candidate_061,55167,Zoodles alla Carbonara,3,"⅔ cup shredded Pecorino cheese, or to taste",or,or,0.6667,cup,,review_needed,fooddb_v1_1_draft_round2,,,review_needed,low,review_candidate,compound_or_alternative_ingredient_name
recipes_v1_1_candidate_061,55167,Zoodles alla Carbonara,5,"2 ounces cubed pancetta, or to taste",or,or,2.0,ounce,56.7,review_needed,fooddb_v1_1_draft_round2,,,review_needed,low,review_candidate,compound_or_alternative_ingredient_name
recipes_v1_1_candidate_065,50784,Vegetarian Refried Beans,3,"1 medium tomato, diced",tomato,tomato,1.0,count,,parsed_partial,fooddb_v1_1_draft_round2,,,review_needed,low,review_candidate,"family_name_candidate_only; candidate_count=4; preview=food_tomato_dried,food_tomato_raw,food_tomato_roasted_baked,food_tomato_roasted_baked_with_skin"
recipes_v1_1_candidate_065,50784,Vegetarian Refried Beans,7,salt to taste,salt,salt,,,,review_needed,fooddb_v1_1_draft_round2,food_salt_white_sea_igneous_or_rock_no_enrichment,salt_white_sea_igneous_or_rock_no_enrichment,review_needed,low,safe_alias_v1_1,safe_alias_v1_1:salt->food_salt_white_sea_igneous_or_rock_no_enrichment; parse_status_review_gate
recipes_v1_1_candidate_066,60027,Jasmine Rice,7,salt to taste,salt,salt,,,,review_needed,fooddb_v1_1_draft_round2,food_salt_white_sea_igneous_or_rock_no_enrichment,salt_white_sea_igneous_or_rock_no_enrichment,review_needed,low,safe_alias_v1_1,safe_alias_v1_1:salt->food_salt_white_sea_igneous_or_rock_no_enrichment; parse_status_review_gate
recipes_v1_1_candidate_067,60282,Simple Cauliflower Soup,3,"1 head cauliflower, broken into small florets",cauliflower,cauliflower,1.0,head,,parsed_partial,fooddb_v1_1_draft_round2,,,review_needed,low,review_candidate,"family_name_candidate_only; candidate_count=5; preview=food_cauliflower_cooked,food_cauliflower_frozen_cooked,food_cauliflower_frozen_raw,food_cauliflower_raw,food_cauliflower_steamed"
recipes_v1_1_candidate_067,60282,Simple Cauliflower Soup,4,"1 potato, peeled and diced",potato,potato,1.0,count,,parsed_partial,fooddb_v1_1_draft_round2,,,review_needed,low,review_candidate,"family_name_candidate_only; candidate_count=4; preview=food_potato_boiled_cooked_in_water,food_potato_canned_drained,food_potato_cooked,food_potato_roasted_baked"
recipes_v1_1_candidate_067,60282,Simple Cauliflower Soup,7,salt and pepper to taste,salt and pepper,salt and pepper,,,,review_needed,fooddb_v1_1_draft_round2,,,review_needed,low,review_candidate,compound_or_alternative_ingredient_name
recipes_v1_1_candidate_068,37882,Instant Pot Potato and Bacon Soup,6,1 teaspoon ground thyme,ground thyme,thyme,1.0,teaspoon,,parsed_partial,fooddb_v1_1_draft_round2,,,review_needed,low,review_candidate,family_name_candidate_only; candidate_count=1; preview=food_thyme_dried
recipes_v1_1_candidate_068,37882,Instant Pot Potato and Bacon Soup,12,salt and ground black pepper to taste,salt and ground black pepper,salt and black pepper,,,,review_needed,fooddb_v1_1_draft_round2,,,review_needed,low,review_candidate,compound_or_alternative_ingredient_name
recipes_v1_1_candidate_069,2095,Vietnamese Salad Rolls,2,"8 ounces cooked, peeled shrimp, cut in half lengthwise",cooked,,8.0,ounce,226.8,parsed_partial,fooddb_v1_1_draft_round2,,,review_needed,low,no_match,missing_normalized_ingredient_name
recipes_v1_1_candidate_069,2095,Vietnamese Salad Rolls,5,1 cup shredded lettuce,shredded lettuce,lettuce,1.0,cup,,parsed_partial,fooddb_v1_1_draft_round2,,,review_needed,low,review_candidate,family_name_candidate_only; candidate_count=1; preview=food_lettuce_raw
recipes_v1_1_candidate_069,2095,Vietnamese Salad Rolls,6,¼ cup chopped fresh basil,chopped fresh basil,basil,0.25,cup,,parsed_partial,fooddb_v1_1_draft_round2,,,review_needed,low,review_candidate,family_name_candidate_only; candidate_count=1; preview=food_basil_dried
recipes_v1_1_candidate_069,2095,Vietnamese Salad Rolls,8,water as needed,water,water,,,,review_needed,fooddb_v1_1_draft_round2,food_water_municipal,water_municipal,review_needed,low,review_promotion_v1_1,review_promotion_v1_1:water_low_macro_impact; parse_status_review_gate
recipes_v1_1_candidate_070,45090,Hot Honey Salmon Bowls,2,1/2 cup quinoa or rice,quinoa or rice,quinoa or rice,0.5,cup,92.5,review_needed,fooddb_v1_1_draft_round2,,,review_needed,low,review_candidate,compound_or_alternative_ingredient_name
recipes_v1_1_candidate_071,26312,Roasted Tomato Hummus Toast,1,"1 large tomato, cut into 8 slices",tomato,tomato,1.0,count,,parsed_partial,fooddb_v1_1_draft_round2,,,review_needed,low,review_candidate,"family_name_candidate_only; candidate_count=4; preview=food_tomato_dried,food_tomato_raw,food_tomato_roasted_baked,food_tomato_roasted_baked_with_skin"
recipes_v1_1_candidate_071,26312,Roasted Tomato Hummus Toast,6,1/3 cup chopped fresh parsley,chopped fresh parsley,parsley,0.3333,cup,,parsed_partial,fooddb_v1_1_draft_round2,,,review_needed,low,review_candidate,family_name_candidate_only; candidate_count=1; preview=food_parsley_dried
recipes_v1_1_candidate_072,15134,Dutch Oven Chili Colorado,3,1 pinch salt and freshly ground black pepper to taste,salt and freshly ground black pepper,salt and freshly black pepper,1.0,pinch,,review_needed,fooddb_v1_1_draft_round2,,,review_needed,low,review_candidate,compound_or_alternative_ingredient_name
recipes_v1_1_candidate_073,35509,Mongo Guisado (Mung Bean Soup),6,"4 ounces boneless pork loin, cut into 1-inch cubes",pork loin,pork loin,4.0,ounce,113.4,parsed_partial,fooddb_v1_1_draft_round2,,,review_needed,low,review_candidate,"family_name_candidate_only; candidate_count=3; preview=food_pork_loin_cooked,food_pork_loin_raw,food_pork_loin_roasted_baked"
recipes_v1_1_candidate_073,35509,Mongo Guisado (Mung Bean Soup),7,salt and ground black pepper to taste,salt and ground black pepper,salt and black pepper,,,,review_needed,fooddb_v1_1_draft_round2,,,review_needed,low,review_candidate,compound_or_alternative_ingredient_name
recipes_v1_1_candidate_073,35509,Mongo Guisado (Mung Bean Soup),8,4 ounces peeled and deveined prawns,peeled and deveined prawns,and deveined prawns,4.0,ounce,113.4,parsed_clean,fooddb_v1_1_draft_round2,,,review_needed,low,review_candidate,compound_or_alternative_ingredient_name
recipes_v1_1_candidate_073,35509,Mongo Guisado (Mung Bean Soup),9,"1 small tomato, diced",tomato,tomato,1.0,count,,parsed_partial,fooddb_v1_1_draft_round2,,,review_needed,low,review_candidate,"family_name_candidate_only; candidate_count=4; preview=food_tomato_dried,food_tomato_raw,food_tomato_roasted_baked,food_tomato_roasted_baked_with_skin"
recipes_v1_1_candidate_073,35509,Mongo Guisado (Mung Bean Soup),10,"3 cups chicken broth, or more as needed",chicken broth,chicken broth,3.0,cup,720,review_needed,fooddb_v1_1_draft_round2,food_chicken_broth_ready_to_serve,chicken_broth_ready_to_serve,review_needed,low,round2_promotion_v1_1,round2_promotion_v1_1:chicken_broth_exact; parse_status_review_gate
recipes_v1_1_candidate_074,42803,Adas bil Hamod (Lebanese Lentil Lemon Soup),6,"1 tablespoon dried mint, crushed",dried mint,mint,1.0,tablespoon,,parsed_partial,fooddb_v1_1_draft_round2,,,review_needed,low,review_candidate,family_name_candidate_only; candidate_count=1; preview=food_mint_dried
recipes_v1_1_candidate_074,42803,Adas bil Hamod (Lebanese Lentil Lemon Soup),7,salt to taste,salt,salt,,,,review_needed,fooddb_v1_1_draft_round2,food_salt_white_sea_igneous_or_rock_no_enrichment,salt_white_sea_igneous_or_rock_no_enrichment,review_needed,low,safe_alias_v1_1,safe_alias_v1_1:salt->food_salt_white_sea_igneous_or_rock_no_enrichment; parse_status_review_gate
recipes_v1_1_candidate_075,48330,Mom's Goulash in the Microwave,7,1 (10 ounce) can tomato sauce,tomato sauce,tomato sauce,1.0,can,,review_needed,fooddb_v1_1_draft_round2,,,review_needed,low,review_candidate,"family_name_candidate_only; candidate_count=2; preview=food_tomato_sauce_with_meat_or_bolognese_sauce_prepacked,food_tomato_sauce_with_onions_prepacked"
recipes_v1_1_candidate_075,48330,Mom's Goulash in the Microwave,12,"1 pinch cayenne pepper, or to taste",cayenne pepper,cayenne pepper,1.0,pinch,,review_needed,fooddb_v1_1_draft_round2,food_cayenne_pepper,cayenne_pepper,review_needed,low,exact_match,exact display_name match; parse_status_review_gate
recipes_v1_1_candidate_076,55386,Shrimp Vermicelli Salad,4,1 tablespoon chopped fresh parsley,chopped fresh parsley,parsley,1.0,tablespoon,,parsed_partial,fooddb_v1_1_draft_round2,,,review_needed,low,review_candidate,family_name_candidate_only; candidate_count=1; preview=food_parsley_dried
recipes_v1_1_candidate_076,55386,Shrimp Vermicelli Salad,7,1 cup mayonnaise,mayonnaise,mayonnaise,1.0,cup,,parsed_partial,fooddb_v1_1_draft_round2,,,review_needed,low,review_candidate,"family_name_candidate_only; candidate_count=2; preview=food_mayonnaise_70_fat_and_more_prepacked,food_mayonnaise_reduced_fat_or_light_mayonnaise_prepacked"
recipes_v1_1_candidate_076,55386,Shrimp Vermicelli Salad,9,salt and pepper to taste,salt and pepper,salt and pepper,,,,review_needed,fooddb_v1_1_draft_round2,,,review_needed,low,review_candidate,compound_or_alternative_ingredient_name
recipes_v1_1_candidate_077,55464,"Asian Pasta Salad with Beef, Broccoli and Bean Sprouts",6,1 teaspoon ground ginger,ground ginger,ginger,1.0,teaspoon,,parsed_partial,fooddb_v1_1_draft_round2,,,review_needed,low,review_candidate,"family_name_candidate_only; candidate_count=2; preview=food_ginger_powder,food_ginger_raw"
recipes_v1_1_candidate_077,55464,"Asian Pasta Salad with Beef, Broccoli and Bean Sprouts",8,2 tablespoons mayonnaise,mayonnaise,mayonnaise,2.0,tablespoon,,parsed_partial,fooddb_v1_1_draft_round2,,,review_needed,low,review_candidate,"family_name_candidate_only; candidate_count=2; preview=food_mayonnaise_70_fat_and_more_prepacked,food_mayonnaise_reduced_fat_or_light_mayonnaise_prepacked"
recipes_v1_1_candidate_079,34517,Chinese Garlic Green Beans,1,"1 tablespoon oil, peanut or sesame",peanut or sesame,peanut or sesame,1.0,tablespoon,,review_needed,fooddb_v1_1_draft_round2,,,review_needed,low,review_candidate,compound_or_alternative_ingredient_name
recipes_v1_1_candidate_080,36604,Mexican Rice and Beans,5,1 cup basmati rice,basmati rice,basmati rice,1.0,cup,185.0,parsed_clean,fooddb_v1_1_draft_round2,,,review_needed,low,review_candidate,family_name_candidate_only; candidate_count=1; preview=food_basmati_rice_raw
recipes_v1_1_candidate_080,36604,Mexican Rice and Beans,9,salt and ground black pepper to taste,salt and ground black pepper,salt and black pepper,,,,review_needed,fooddb_v1_1_draft_round2,,,review_needed,low,review_candidate,compound_or_alternative_ingredient_name
recipes_v1_1_candidate_081,48286,Tofu and Rice Stuffed Peppers,7,salt to taste,salt,salt,,,,review_needed,fooddb_v1_1_draft_round2,food_salt_white_sea_igneous_or_rock_no_enrichment,salt_white_sea_igneous_or_rock_no_enrichment,review_needed,low,safe_alias_v1_1,safe_alias_v1_1:salt->food_salt_white_sea_igneous_or_rock_no_enrichment; parse_status_review_gate
recipes_v1_1_candidate_081,48286,Tofu and Rice Stuffed Peppers,8,ground black pepper to taste,ground black pepper,black pepper,,,,review_needed,fooddb_v1_1_draft_round2,food_black_pepper_powder,black_pepper_powder,review_needed,low,safe_alias_v1_1,safe_alias_v1_1:black pepper->food_black_pepper_powder; parse_status_review_gate
recipes_v1_1_candidate_081,48286,Tofu and Rice Stuffed Peppers,12,8 slices tomato,tomato,tomato,8.0,slice,,parsed_partial,fooddb_v1_1_draft_round2,,,review_needed,low,review_candidate,"family_name_candidate_only; candidate_count=4; preview=food_tomato_dried,food_tomato_raw,food_tomato_roasted_baked,food_tomato_roasted_baked_with_skin"
recipes_v1_1_candidate_082,52996,Vegetable Curry with Coconut Milk,7,"1 large potato, chopped",potato,potato,1.0,count,,parsed_partial,fooddb_v1_1_draft_round2,,,review_needed,low,review_candidate,"family_name_candidate_only; candidate_count=4; preview=food_potato_boiled_cooked_in_water,food_potato_canned_drained,food_potato_cooked,food_potato_roasted_baked"
recipes_v1_1_candidate_082,52996,Vegetable Curry with Coconut Milk,8,"1 medium parsnip, chopped",parsnip,parsnip,1.0,count,,parsed_partial,fooddb_v1_1_draft_round2,,,review_needed,low,review_candidate,"family_name_candidate_only; candidate_count=2; preview=food_parsnip_cooked,food_parsnip_raw"
recipes_v1_1_candidate_082,52996,Vegetable Curry with Coconut Milk,9,"½ head broccoli, cut into florets",broccoli,broccoli,0.5,head,,parsed_partial,fooddb_v1_1_draft_round2,,,review_needed,low,review_candidate,"family_name_candidate_only; candidate_count=7; preview=food_broccoli_boiled_cooked_in_water_crunchy,food_broccoli_boiled_cooked_in_water_tender,food_broccoli_cooked,food_broccoli_frozen_cooked,food_broccoli_frozen_raw"
recipes_v1_1_candidate_082,52996,Vegetable Curry with Coconut Milk,10,"¼ head cauliflower, cut into florets",cauliflower,cauliflower,0.25,head,,parsed_partial,fooddb_v1_1_draft_round2,,,review_needed,low,review_candidate,"family_name_candidate_only; candidate_count=5; preview=food_cauliflower_cooked,food_cauliflower_frozen_cooked,food_cauliflower_frozen_raw,food_cauliflower_raw,food_cauliflower_steamed"
recipes_v1_1_candidate_083,640,Air Fryer Turkey Stuffed Peppers,3,"3/4 teaspoon salt, divided, or to taste",salt,salt,0.75,teaspoon,4.5,review_needed,fooddb_v1_1_draft_round2,food_salt_white_sea_igneous_or_rock_no_enrichment,salt_white_sea_igneous_or_rock_no_enrichment,review_needed,low,safe_alias_v1_1,safe_alias_v1_1:salt->food_salt_white_sea_igneous_or_rock_no_enrichment; parse_status_review_gate
recipes_v1_1_candidate_083,640,Air Fryer Turkey Stuffed Peppers,15,"parsley, for garnish (optional)",parsley,parsley,,,,review_needed,fooddb_v1_1_draft_round2,,,review_needed,low,review_candidate,family_name_candidate_only; candidate_count=1; preview=food_parsley_dried
recipes_v1_1_candidate_084,45168,Copycat McChicken Sandwich,4,1/4 teaspoon white pepper,white pepper,white pepper,0.25,teaspoon,,parsed_partial,fooddb_v1_1_draft_round2,,,review_needed,low,review_candidate,family_name_candidate_only; candidate_count=1; preview=food_white_pepper_powder
recipes_v1_1_candidate_084,45168,Copycat McChicken Sandwich,13,"shredded iceberg lettuce, to taste",shredded iceberg lettuce,iceberg lettuce,,,,review_needed,fooddb_v1_1_draft_round2,,,review_needed,low,review_candidate,family_name_candidate_only; candidate_count=1; preview=food_iceberg_lettuce_raw
recipes_v1_1_candidate_084,45168,Copycat McChicken Sandwich,14,3 tablespoons mayonnaise,mayonnaise,mayonnaise,3.0,tablespoon,,parsed_partial,fooddb_v1_1_draft_round2,,,review_needed,low,review_candidate,"family_name_candidate_only; candidate_count=2; preview=food_mayonnaise_70_fat_and_more_prepacked,food_mayonnaise_reduced_fat_or_light_mayonnaise_prepacked"
recipes_v1_1_candidate_086,46267,One Pot Turmeric Chicken and Rice,2,salt and freshly ground black pepper,salt and freshly ground black pepper,salt and freshly black pepper,,,,parsed_partial,fooddb_v1_1_draft_round2,,,review_needed,low,review_candidate,compound_or_alternative_ingredient_name
recipes_v1_1_candidate_086,46267,One Pot Turmeric Chicken and Rice,4,1 teaspoon ground turmeric,ground turmeric,turmeric,1.0,teaspoon,,parsed_partial,fooddb_v1_1_draft_round2,,,review_needed,low,review_candidate,family_name_candidate_only; candidate_count=1; preview=food_turmeric_powder
recipes_v1_1_candidate_086,46267,One Pot Turmeric Chicken and Rice,6,2 teaspoons fresh ginger,fresh ginger,ginger,2.0,teaspoon,,parsed_partial,fooddb_v1_1_draft_round2,,,review_needed,low,review_candidate,"family_name_candidate_only; candidate_count=2; preview=food_ginger_powder,food_ginger_raw"
recipes_v1_1_candidate_086,46267,One Pot Turmeric Chicken and Rice,8,1 cup tomato,tomato,tomato,1.0,cup,,parsed_partial,fooddb_v1_1_draft_round2,,,review_needed,low,review_candidate,"family_name_candidate_only; candidate_count=4; preview=food_tomato_dried,food_tomato_raw,food_tomato_roasted_baked,food_tomato_roasted_baked_with_skin"
recipes_v1_1_candidate_086,46267,One Pot Turmeric Chicken and Rice,11,1 pinch ground cinnamon,ground cinnamon,cinnamon,1.0,pinch,,parsed_partial,fooddb_v1_1_draft_round2,,,review_needed,low,review_candidate,family_name_candidate_only; candidate_count=1; preview=food_cinnamon_powder
recipes_v1_1_candidate_087,42899,Shrimp Lemon Pepper Linguini,7,½ teaspoon lemon zest,lemon zest,lemon zest,0.5,teaspoon,,parsed_partial,fooddb_v1_1_draft_round2,,,review_needed,low,review_candidate,family_name_candidate_only; candidate_count=1; preview=food_lemon_zest_raw
recipes_v1_1_candidate_087,42899,Shrimp Lemon Pepper Linguini,8,salt to taste,salt,salt,,,,review_needed,fooddb_v1_1_draft_round2,food_salt_white_sea_igneous_or_rock_no_enrichment,salt_white_sea_igneous_or_rock_no_enrichment,review_needed,low,safe_alias_v1_1,safe_alias_v1_1:salt->food_salt_white_sea_igneous_or_rock_no_enrichment; parse_status_review_gate
recipes_v1_1_candidate_087,42899,Shrimp Lemon Pepper Linguini,12,3 tablespoons chopped fresh parsley,chopped fresh parsley,parsley,3.0,tablespoon,,parsed_partial,fooddb_v1_1_draft_round2,,,review_needed,low,review_candidate,family_name_candidate_only; candidate_count=1; preview=food_parsley_dried
recipes_v1_1_candidate_087,42899,Shrimp Lemon Pepper Linguini,13,1 tablespoon chopped fresh basil,chopped fresh basil,basil,1.0,tablespoon,,parsed_partial,fooddb_v1_1_draft_round2,,,review_needed,low,review_candidate,family_name_candidate_only; candidate_count=1; preview=food_basil_dried
recipes_v1_1_candidate_088,41037,African Chicken Stew,2,"1 (3 pound) roasting chicken, deboned and cut into bite size pieces",deboned and cut into bite size pieces,deboned and cut into bite size pieces,1.0,count,,parsed_partial,fooddb_v1_1_draft_round2,,,review_needed,low,review_candidate,compound_or_alternative_ingredient_name
recipes_v1_1_candidate_088,41037,African Chicken Stew,3,"1 large potato, diced",potato,potato,1.0,count,,parsed_partial,fooddb_v1_1_draft_round2,,,review_needed,low,review_candidate,"family_name_candidate_only; candidate_count=4; preview=food_potato_boiled_cooked_in_water,food_potato_canned_drained,food_potato_cooked,food_potato_roasted_baked"
recipes_v1_1_candidate_089,14613,Filipino Chicken Salad,6,"1 apple, cored and diced",cored and diced,cored and,1.0,count,,parsed_partial,fooddb_v1_1_draft_round2,,,review_needed,low,review_candidate,compound_or_alternative_ingredient_name
recipes_v1_1_candidate_089,14613,Filipino Chicken Salad,8,1 cup mayonnaise,mayonnaise,mayonnaise,1.0,cup,,parsed_partial,fooddb_v1_1_draft_round2,,,review_needed,low,review_candidate,"family_name_candidate_only; candidate_count=2; preview=food_mayonnaise_70_fat_and_more_prepacked,food_mayonnaise_reduced_fat_or_light_mayonnaise_prepacked"
recipes_v1_1_candidate_090,673,BBQ Meatballs,1,"1 pound ground beef, 20% fat or higher preferred",20% fat or higher preferred,20 fat or higher preferred,1.0,pound,453.59,review_needed,fooddb_v1_1_draft_round2,,,review_needed,low,review_candidate,compound_or_alternative_ingredient_name
recipes_v1_1_candidate_090,673,BBQ Meatballs,10,1/2 teaspoon oregano,oregano,oregano,0.5,teaspoon,,parsed_partial,fooddb_v1_1_draft_round2,,,review_needed,low,review_candidate,family_name_candidate_only; candidate_count=1; preview=food_oregano_dried
recipes_v1_1_candidate_092,31775,Thanksgiving Gluten-Free Stuffing,5,1 teaspoon chopped fresh sage,chopped fresh sage,sage,1.0,teaspoon,,parsed_partial,fooddb_v1_1_draft_round2,,,review_needed,low,review_candidate,family_name_candidate_only; candidate_count=1; preview=food_sage_dried
recipes_v1_1_candidate_092,31775,Thanksgiving Gluten-Free Stuffing,8,ground black pepper to taste,ground black pepper,black pepper,,,,review_needed,fooddb_v1_1_draft_round2,food_black_pepper_powder,black_pepper_powder,review_needed,low,safe_alias_v1_1,safe_alias_v1_1:black pepper->food_black_pepper_powder; parse_status_review_gate
recipes_v1_1_candidate_093,36519,Savory Vegetarian Quinoa,7,2 cups quinoa,quinoa,quinoa,2.0,cup,,parsed_partial,fooddb_v1_1_draft_round2,,,review_needed,low,review_candidate,"family_name_candidate_only; candidate_count=2; preview=food_quinoa_boiled_cooked_in_water_unsalted,food_quinoa_raw"
recipes_v1_1_candidate_093,36519,Savory Vegetarian Quinoa,9,1 teaspoon ground ginger,ground ginger,ginger,1.0,teaspoon,,parsed_partial,fooddb_v1_1_draft_round2,,,review_needed,low,review_candidate,"family_name_candidate_only; candidate_count=2; preview=food_ginger_powder,food_ginger_raw"
recipes_v1_1_candidate_094,9748,Sweet and Sour Stuffed Cabbage,8,salt and ground black pepper to taste,salt and ground black pepper,salt and black pepper,,,,review_needed,fooddb_v1_1_draft_round2,,,review_needed,low,review_candidate,compound_or_alternative_ingredient_name
recipes_v1_1_candidate_095,15139,Beef and Butternut Squash Chili,8,½ teaspoon ground cinnamon,ground cinnamon,cinnamon,0.5,teaspoon,,parsed_partial,fooddb_v1_1_draft_round2,,,review_needed,low,review_candidate,family_name_candidate_only; candidate_count=1; preview=food_cinnamon_powder
recipes_v1_1_candidate_097,15181,Granny's Easy Chili,10,salt and pepper to taste,salt and pepper,salt and pepper,,,,review_needed,fooddb_v1_1_draft_round2,,,review_needed,low,review_candidate,compound_or_alternative_ingredient_name
recipes_v1_1_candidate_098,42830,Indian Sweet Potato and Lentil Soup,5,½ teaspoon ground turmeric,ground turmeric,turmeric,0.5,teaspoon,,parsed_partial,fooddb_v1_1_draft_round2,,,review_needed,low,review_candidate,family_name_candidate_only; candidate_count=1; preview=food_turmeric_powder
recipes_v1_1_candidate_098,42830,Indian Sweet Potato and Lentil Soup,10,4 cups chopped fresh spinach,chopped fresh spinach,spinach,4.0,cup,,parsed_partial,fooddb_v1_1_draft_round2,,,review_needed,low,review_candidate,"family_name_candidate_only; candidate_count=6; preview=food_spinach_boiled_cooked_in_water,food_spinach_canned_drained,food_spinach_cooked,food_spinach_frozen_cooked,food_spinach_frozen_raw"
recipes_v1_1_candidate_098,42830,Indian Sweet Potato and Lentil Soup,11,salt to taste,salt,salt,,,,review_needed,fooddb_v1_1_draft_round2,food_salt_white_sea_igneous_or_rock_no_enrichment,salt_white_sea_igneous_or_rock_no_enrichment,review_needed,low,safe_alias_v1_1,safe_alias_v1_1:salt->food_salt_white_sea_igneous_or_rock_no_enrichment; parse_status_review_gate
recipes_v1_1_candidate_099,37610,Spicy Indian Dahl,7,"3 jalapeno peppers, seeded and minced",seeded and minced,seeded and,3.0,count,,parsed_partial,fooddb_v1_1_draft_round2,,,review_needed,low,review_candidate,compound_or_alternative_ingredient_name
recipes_v1_1_candidate_099,37610,Spicy Indian Dahl,13,salt to taste,salt,salt,,,,review_needed,fooddb_v1_1_draft_round2,food_salt_white_sea_igneous_or_rock_no_enrichment,salt_white_sea_igneous_or_rock_no_enrichment,review_needed,low,safe_alias_v1_1,safe_alias_v1_1:salt->food_salt_white_sea_igneous_or_rock_no_enrichment; parse_status_review_gate
recipes_v1_1_candidate_100,731,Easy Deviled Egg Potato Salad,3,1/4 cup mayonnaise,mayonnaise,mayonnaise,0.25,cup,,parsed_partial,fooddb_v1_1_draft_round2,,,review_needed,low,review_candidate,"family_name_candidate_only; candidate_count=2; preview=food_mayonnaise_70_fat_and_more_prepacked,food_mayonnaise_reduced_fat_or_light_mayonnaise_prepacked"
recipes_v1_1_candidate_101,15553,Simple Hot and Sour Soup,4,"1 (8 ounce) can bamboo shoots, cut into thin matchstick-size pieces",bamboo shoots,bamboo shoots,1.0,can,,review_needed,fooddb_v1_1_draft_round2,,,review_needed,low,review_candidate,"family_name_candidate_only; candidate_count=2; preview=food_bamboo_shoots_canned_drained,food_bamboo_shoots_raw"
recipes_v1_1_candidate_101,15553,Simple Hot and Sour Soup,6,1 teaspoon ground white pepper,ground white pepper,white pepper,1.0,teaspoon,,parsed_partial,fooddb_v1_1_draft_round2,,,review_needed,low,review_candidate,family_name_candidate_only; candidate_count=1; preview=food_white_pepper_powder
recipes_v1_1_candidate_101,15553,Simple Hot and Sour Soup,11,salt to taste,salt,salt,,,,review_needed,fooddb_v1_1_draft_round2,food_salt_white_sea_igneous_or_rock_no_enrichment,salt_white_sea_igneous_or_rock_no_enrichment,review_needed,low,safe_alias_v1_1,safe_alias_v1_1:salt->food_salt_white_sea_igneous_or_rock_no_enrichment; parse_status_review_gate
recipes_v1_1_candidate_103,60492,Breadless Stuffing,10,2 teaspoons dried sage,dried sage,sage,2.0,teaspoon,,parsed_partial,fooddb_v1_1_draft_round2,,,review_needed,low,review_candidate,family_name_candidate_only; candidate_count=1; preview=food_sage_dried
recipes_v1_1_candidate_104,30139,Steak Fried Rice,10,1 teaspoon grated ginger,grated ginger,ginger,1.0,teaspoon,,parsed_partial,fooddb_v1_1_draft_round2,,,review_needed,low,review_candidate,"family_name_candidate_only; candidate_count=2; preview=food_ginger_powder,food_ginger_raw"
recipes_v1_1_candidate_105,37080,Spinach and Ricotta Tortellini,1,"10 cups fresh spinach, trimmed",fresh spinach,spinach,10.0,cup,,parsed_partial,fooddb_v1_1_draft_round2,,,review_needed,low,review_candidate,"family_name_candidate_only; candidate_count=6; preview=food_spinach_boiled_cooked_in_water,food_spinach_canned_drained,food_spinach_cooked,food_spinach_frozen_cooked,food_spinach_frozen_raw"
recipes_v1_1_candidate_105,37080,Spinach and Ricotta Tortellini,3,salt to taste,salt,salt,,,,review_needed,fooddb_v1_1_draft_round2,food_salt_white_sea_igneous_or_rock_no_enrichment,salt_white_sea_igneous_or_rock_no_enrichment,review_needed,low,safe_alias_v1_1,safe_alias_v1_1:salt->food_salt_white_sea_igneous_or_rock_no_enrichment; parse_status_review_gate
recipes_v1_1_candidate_105,37080,Spinach and Ricotta Tortellini,8,ground black pepper to taste,ground black pepper,black pepper,,,,review_needed,fooddb_v1_1_draft_round2,food_black_pepper_powder,black_pepper_powder,review_needed,low,safe_alias_v1_1,safe_alias_v1_1:black pepper->food_black_pepper_powder; parse_status_review_gate
recipes_v1_1_candidate_106,46275,Cabbage Fried Rice,11,2 teaspoons ginger,ginger,ginger,2.0,teaspoon,,parsed_partial,fooddb_v1_1_draft_round2,,,review_needed,low,review_candidate,"family_name_candidate_only; candidate_count=2; preview=food_ginger_powder,food_ginger_raw"
recipes_v1_1_candidate_107,39511,American Potato Salad,3,2 cups mayonnaise,mayonnaise,mayonnaise,2.0,cup,,parsed_partial,fooddb_v1_1_draft_round2,,,review_needed,low,review_candidate,"family_name_candidate_only; candidate_count=2; preview=food_mayonnaise_70_fat_and_more_prepacked,food_mayonnaise_reduced_fat_or_light_mayonnaise_prepacked"
recipes_v1_1_candidate_108,662,Steak and Broccoli Stir Fry,3,salt and freshly ground black pepper to taste,salt and freshly ground black pepper,salt and freshly black pepper,,,,review_needed,fooddb_v1_1_draft_round2,,,review_needed,low,review_candidate,compound_or_alternative_ingredient_name
recipes_v1_1_candidate_108,662,Steak and Broccoli Stir Fry,8,2 tablespoons fresh ginger,fresh ginger,ginger,2.0,tablespoon,,parsed_partial,fooddb_v1_1_draft_round2,,,review_needed,low,review_candidate,"family_name_candidate_only; candidate_count=2; preview=food_ginger_powder,food_ginger_raw"
recipes_v1_1_candidate_108,662,Steak and Broccoli Stir Fry,9,1 shallot,shallot,shallot,1.0,count,,parsed_partial,fooddb_v1_1_draft_round2,,,review_needed,low,review_candidate,"family_name_candidate_only; candidate_count=3; preview=food_shallot_cooked,food_shallot_grilled_pan_fried_without_fat,food_shallot_raw"
recipes_v1_1_candidate_110,42369,Cold Rice Salad,11,"1 bunch raw broccoli, with stalk, chopped",raw broccoli,broccoli,1.0,bunch,,parsed_partial,fooddb_v1_1_draft_round2,,,review_needed,low,review_candidate,"family_name_candidate_only; candidate_count=7; preview=food_broccoli_boiled_cooked_in_water_crunchy,food_broccoli_boiled_cooked_in_water_tender,food_broccoli_cooked,food_broccoli_frozen_cooked,food_broccoli_frozen_raw"
recipes_v1_1_candidate_111,52973,Nut Loaf Supreme,7,1 teaspoon dried marjoram,dried marjoram,marjoram,1.0,teaspoon,,parsed_partial,fooddb_v1_1_draft_round2,,,review_needed,low,review_candidate,family_name_candidate_only; candidate_count=1; preview=food_marjoram_dried
recipes_v1_1_candidate_111,52973,Nut Loaf Supreme,8,1 teaspoon dried sage,dried sage,sage,1.0,teaspoon,,parsed_partial,fooddb_v1_1_draft_round2,,,review_needed,low,review_candidate,family_name_candidate_only; candidate_count=1; preview=food_sage_dried
recipes_v1_1_candidate_111,52973,Nut Loaf Supreme,11,1 ½ cups cooked wild rice,cooked wild rice,wild rice,1.5,cup,277.5,parsed_clean,fooddb_v1_1_draft_round2,,,review_needed,low,review_candidate,"family_name_candidate_only; candidate_count=2; preview=food_wild_rice_cooked_unsalted,food_wild_rice_raw"
recipes_v1_1_candidate_111,52973,Nut Loaf Supreme,14,2 tablespoons chopped fresh parsley,chopped fresh parsley,parsley,2.0,tablespoon,,parsed_partial,fooddb_v1_1_draft_round2,,,review_needed,low,review_candidate,family_name_candidate_only; candidate_count=1; preview=food_parsley_dried
recipes_v1_1_candidate_113,13881,Campfire Carnitas,1,4 pounds pork shoulder,pork shoulder,pork shoulder,4.0,pound,1814.37,parsed_clean,fooddb_v1_1_draft_round2,,,review_needed,low,review_candidate,"family_name_candidate_only; candidate_count=2; preview=food_pork_shoulder_cooked,food_pork_shoulder_raw"
recipes_v1_1_candidate_113,13881,Campfire Carnitas,4,1/2 teaspoon oregano,oregano,oregano,0.5,teaspoon,,parsed_partial,fooddb_v1_1_draft_round2,,,review_needed,low,review_candidate,family_name_candidate_only; candidate_count=1; preview=food_oregano_dried
recipes_v1_1_candidate_113,13881,Campfire Carnitas,6,"1 chili pepper,",chili pepper,chili pepper,1.0,count,,parsed_partial,fooddb_v1_1_draft_round2,,,review_needed,low,review_candidate,family_name_candidate_only; candidate_count=1; preview=food_chili_pepper_raw
recipes_v1_1_candidate_114,42380,Fried Rice with Tofu,1,½ cup tofu,tofu,tofu,0.5,cup,,parsed_partial,fooddb_v1_1_draft_round2,,,review_needed,low,review_candidate,"family_name_candidate_only; candidate_count=2; preview=food_tofu_plain,food_tofu_smoked"
recipes_v1_1_candidate_114,42380,Fried Rice with Tofu,2,"3 tablespoons soy sauce, divided, or to taste",soy sauce,soy sauce,3.0,tablespoon,48.0,review_needed,fooddb_v1_1_draft_round2,food_soy_sauce_prepacked,soy_sauce_prepacked,review_needed,low,safe_alias_v1_1,safe_alias_v1_1:soy sauce->food_soy_sauce_prepacked; parse_status_review_gate
recipes_v1_1_candidate_114,42380,Fried Rice with Tofu,6,"2 ½ cups cooked rice, or to taste",cooked rice,rice,2.5,cup,462.5,review_needed,fooddb_v1_1_draft_round2,food_rice_cooked_unsalted,rice_cooked_unsalted,review_needed,low,review_promotion_v1_1,review_promotion_v1_1:rice_preparation_clear:cooked rice; parsed_name=cooked rice; parse_status_review_gate
recipes_v1_1_candidate_114,42380,Fried Rice with Tofu,8,"1 tomato, chopped",tomato,tomato,1.0,count,,parsed_partial,fooddb_v1_1_draft_round2,,,review_needed,low,review_candidate,"family_name_candidate_only; candidate_count=4; preview=food_tomato_dried,food_tomato_raw,food_tomato_roasted_baked,food_tomato_roasted_baked_with_skin"
recipes_v1_1_candidate_114,42380,Fried Rice with Tofu,10,salt to taste,salt,salt,,,,review_needed,fooddb_v1_1_draft_round2,food_salt_white_sea_igneous_or_rock_no_enrichment,salt_white_sea_igneous_or_rock_no_enrichment,review_needed,low,safe_alias_v1_1,safe_alias_v1_1:salt->food_salt_white_sea_igneous_or_rock_no_enrichment; parse_status_review_gate
recipes_v1_1_candidate_114,42380,Fried Rice with Tofu,11,ground white pepper to taste,ground white pepper,white pepper,,,,review_needed,fooddb_v1_1_draft_round2,,,review_needed,low,review_candidate,family_name_candidate_only; candidate_count=1; preview=food_white_pepper_powder
recipes_v1_1_candidate_116,15457,"Velveting Chicken Breast, Chinese Restaurant Style",1,1 large egg white,egg white,egg white,1.0,count,50.0,parsed_partial,fooddb_v1_1_draft_round2,,,review_needed,low,review_candidate,"family_name_candidate_only; candidate_count=3; preview=food_egg_white_cooked,food_egg_white_powder,food_egg_white_raw"
recipes_v1_1_candidate_117,26089,Tomato Basil Salmon,3,"1 tomato, thinly sliced",tomato,tomato,1.0,count,,parsed_partial,fooddb_v1_1_draft_round2,,,review_needed,low,review_candidate,"family_name_candidate_only; candidate_count=4; preview=food_tomato_dried,food_tomato_raw,food_tomato_roasted_baked,food_tomato_roasted_baked_with_skin"
recipes_v1_1_candidate_119,46950,Grilled Beef Tenderloin with Herb-Garlic-Pepper Coating,4,2 tablespoons minced fresh rosemary,minced fresh rosemary,rosemary,2.0,tablespoon,,parsed_partial,fooddb_v1_1_draft_round2,,,review_needed,low,review_candidate,family_name_candidate_only; candidate_count=1; preview=food_rosemary_dried
recipes_v1_1_candidate_120,14428,Super Easy Chicken Noodle Soup,2,"1 pound boneless, skinless chicken meat",chicken meat,chicken meat,1.0,pound,453.59,parsed_partial,fooddb_v1_1_draft_round2,,,review_needed,low,review_candidate,family_name_candidate_only; candidate_count=1; preview=food_chicken_meat_raw
recipes_v1_1_candidate_121,43095,Broccoli Beef I,8,4 cups chopped fresh broccoli,chopped fresh broccoli,broccoli,4.0,cup,,parsed_partial,fooddb_v1_1_draft_round2,,,review_needed,low,review_candidate,"family_name_candidate_only; candidate_count=7; preview=food_broccoli_boiled_cooked_in_water_crunchy,food_broccoli_boiled_cooked_in_water_tender,food_broccoli_cooked,food_broccoli_frozen_cooked,food_broccoli_frozen_raw"
recipes_v1_1_candidate_122,47609,Gourmet Chicken Sandwich,2,ground black pepper to taste,ground black pepper,black pepper,,,,review_needed,fooddb_v1_1_draft_round2,food_black_pepper_powder,black_pepper_powder,review_needed,low,safe_alias_v1_1,safe_alias_v1_1:black pepper->food_black_pepper_powder; parse_status_review_gate
recipes_v1_1_candidate_122,47609,Gourmet Chicken Sandwich,5,2 tablespoons mayonnaise,mayonnaise,mayonnaise,2.0,tablespoon,,parsed_partial,fooddb_v1_1_draft_round2,,,review_needed,low,review_candidate,"family_name_candidate_only; candidate_count=2; preview=food_mayonnaise_70_fat_and_more_prepacked,food_mayonnaise_reduced_fat_or_light_mayonnaise_prepacked"
recipes_v1_1_candidate_122,47609,Gourmet Chicken Sandwich,7,1 teaspoon chopped fresh rosemary,chopped fresh rosemary,rosemary,1.0,teaspoon,,parsed_partial,fooddb_v1_1_draft_round2,,,review_needed,low,review_candidate,family_name_candidate_only; candidate_count=1; preview=food_rosemary_dried
recipes_v1_1_candidate_122,47609,Gourmet Chicken Sandwich,8,8 slices garlic and rosemary focaccia bread,garlic and rosemary focaccia bread,garlic and rosemary focaccia bread,8.0,slice,,parsed_partial,fooddb_v1_1_draft_round2,,,review_needed,low,review_candidate,compound_or_alternative_ingredient_name
recipes_v1_1_candidate_124,51399,Fish Tacos al Pastor,4,salt to taste,salt,salt,,,,review_needed,fooddb_v1_1_draft_round2,food_salt_white_sea_igneous_or_rock_no_enrichment,salt_white_sea_igneous_or_rock_no_enrichment,review_needed,low,safe_alias_v1_1,safe_alias_v1_1:salt->food_salt_white_sea_igneous_or_rock_no_enrichment; parse_status_review_gate
recipes_v1_1_candidate_125,46510,Chipotle Chicken Burgers,1,1/4 cup mayonnaise,mayonnaise,mayonnaise,0.25,cup,,parsed_partial,fooddb_v1_1_draft_round2,,,review_needed,low,review_candidate,"family_name_candidate_only; candidate_count=2; preview=food_mayonnaise_70_fat_and_more_prepacked,food_mayonnaise_reduced_fat_or_light_mayonnaise_prepacked"
recipes_v1_1_candidate_126,15634,Beefy Chinese Dumplings,2,2 cups shredded Chinese cabbage,shredded Chinese cabbage,chinese cabbage,2.0,cup,,parsed_partial,fooddb_v1_1_draft_round2,,,review_needed,low,review_candidate,"family_name_candidate_only; candidate_count=2; preview=food_chinese_cabbage_nappa_cabbage_or_bok_choy_cooked,food_chinese_cabbage_nappa_cabbage_or_bok_choy_raw"
recipes_v1_1_candidate_129,26740,Garlic Butter Steak Bites With Mushrooms,1,1/4 cup coconut aminos or light soy sauce,coconut aminos or light soy sauce,coconut aminos or light soy sauce,0.25,cup,,review_needed,fooddb_v1_1_draft_round2,,,review_needed,low,review_candidate,compound_or_alternative_ingredient_name
recipes_v1_1_candidate_130,15730,Easy Moo Shu Pork,3,1 tablespoon grated fresh ginger,grated fresh ginger,ginger,1.0,tablespoon,,parsed_partial,fooddb_v1_1_draft_round2,,,review_needed,low,review_candidate,"family_name_candidate_only; candidate_count=2; preview=food_ginger_powder,food_ginger_raw"
recipes_v1_1_candidate_130,15730,Easy Moo Shu Pork,5,"¾ pound pork tenderloin, fat trimmed and pork cut into 1/4-inch strips",and pork cut into 1/4-inch strips,and pork cut into 1 4 inch strips,0.75,pound,340.19,parsed_partial,fooddb_v1_1_draft_round2,,,review_needed,low,review_candidate,compound_or_alternative_ingredient_name
recipes_v1_1_candidate_130,15730,Easy Moo Shu Pork,9,salt and ground black pepper to taste,salt and ground black pepper,salt and black pepper,,,,review_needed,fooddb_v1_1_draft_round2,,,review_needed,low,review_candidate,compound_or_alternative_ingredient_name
recipes_v1_1_candidate_131,36642,Garlic Chicken Stir Fry,3,1 teaspoon grated fresh ginger,grated fresh ginger,ginger,1.0,teaspoon,,parsed_partial,fooddb_v1_1_draft_round2,,,review_needed,low,review_candidate,"family_name_candidate_only; candidate_count=2; preview=food_ginger_powder,food_ginger_raw"
recipes_v1_1_candidate_134,5080,Spicy Slow-Cooked Beanless Chili,2,2 (8 ounce) cans tomato sauce,tomato sauce,tomato sauce,2.0,can,,review_needed,fooddb_v1_1_draft_round2,,,review_needed,low,review_candidate,"family_name_candidate_only; candidate_count=2; preview=food_tomato_sauce_with_meat_or_bolognese_sauce_prepacked,food_tomato_sauce_with_onions_prepacked"
recipes_v1_1_candidate_135,5226,Spicy Beef Curry Stew for the Slow Cooker,3,salt and pepper to taste,salt and pepper,salt and pepper,,,,review_needed,fooddb_v1_1_draft_round2,,,review_needed,low,review_candidate,compound_or_alternative_ingredient_name
recipes_v1_1_candidate_135,5226,Spicy Beef Curry Stew for the Slow Cooker,5,1 teaspoon chopped fresh ginger,chopped fresh ginger,ginger,1.0,teaspoon,,parsed_partial,fooddb_v1_1_draft_round2,,,review_needed,low,review_candidate,"family_name_candidate_only; candidate_count=2; preview=food_ginger_powder,food_ginger_raw"
recipes_v1_1_candidate_136,15543,Chinese Shrimp and Tofu Soup,3,"1 ( fresh ginger, minced",( fresh ginger,ginger,1.0,count,,parsed_partial,fooddb_v1_1_draft_round2,,,review_needed,low,review_candidate,"family_name_candidate_only; candidate_count=2; preview=food_ginger_powder,food_ginger_raw"
recipes_v1_1_candidate_136,15543,Chinese Shrimp and Tofu Soup,4,"6 ounces raw small shrimp, shelled and deveined",shelled and deveined,shelled and deveined,6.0,ounce,170.1,parsed_partial,fooddb_v1_1_draft_round2,,,review_needed,low,review_candidate,compound_or_alternative_ingredient_name
recipes_v1_1_candidate_136,15543,Chinese Shrimp and Tofu Soup,6,"8 ounces tofu, diced small",tofu,tofu,8.0,ounce,226.8,parsed_partial,fooddb_v1_1_draft_round2,,,review_needed,low,review_candidate,"family_name_candidate_only; candidate_count=2; preview=food_tofu_plain,food_tofu_smoked"
recipes_v1_1_candidate_137,20405,Chicken Zoodle Soup in a Jar,3,1/2 teaspoon dried rosemary,dried rosemary,rosemary,0.5,teaspoon,,parsed_partial,fooddb_v1_1_draft_round2,,,review_needed,low,review_candidate,family_name_candidate_only; candidate_count=1; preview=food_rosemary_dried
recipes_v1_1_candidate_137,20405,Chicken Zoodle Soup in a Jar,4,1/2 teaspoon sage,sage,sage,0.5,teaspoon,,parsed_partial,fooddb_v1_1_draft_round2,,,review_needed,low,review_candidate,family_name_candidate_only; candidate_count=1; preview=food_sage_dried
recipes_v1_1_candidate_138,70,Air Fryer Lemon Garlic Parmesan Chicken,3,1 teaspoon lemon zest,lemon zest,lemon zest,1.0,teaspoon,,parsed_partial,fooddb_v1_1_draft_round2,,,review_needed,low,review_candidate,family_name_candidate_only; candidate_count=1; preview=food_lemon_zest_raw
recipes_v1_1_candidate_139,26222,Sheet Pan Lemon Butter Garlic Shrimp with Asparagus,2,"1 pound fresh asparagus, trimmed",fresh asparagus,asparagus,1.0,pound,453.59,parsed_partial,fooddb_v1_1_draft_round2,,,review_needed,low,review_candidate,"family_name_candidate_only; candidate_count=2; preview=food_asparagus_boiled_cooked_in_water,food_asparagus_canned_drained"
recipes_v1_1_candidate_143,1708,Sausage Pinwheels,4,1 tablespoon chopped fresh parsley,chopped fresh parsley,parsley,1.0,tablespoon,,parsed_partial,fooddb_v1_1_draft_round2,,,review_needed,low,review_candidate,family_name_candidate_only; candidate_count=1; preview=food_parsley_dried
recipes_v1_1_candidate_143,1708,Sausage Pinwheels,5,ground black pepper to taste,ground black pepper,black pepper,,,,review_needed,fooddb_v1_1_draft_round2,food_black_pepper_powder,black_pepper_powder,review_needed,low,safe_alias_v1_1,safe_alias_v1_1:black pepper->food_black_pepper_powder; parse_status_review_gate
recipes_v1_1_candidate_146,48803,Margaret's Keftedes (Greek Meatballs),5,4 teaspoons dried mint,dried mint,mint,4.0,teaspoon,,parsed_partial,fooddb_v1_1_draft_round2,,,review_needed,low,review_candidate,family_name_candidate_only; candidate_count=1; preview=food_mint_dried
recipes_v1_1_candidate_146,48803,Margaret's Keftedes (Greek Meatballs),7,ground black pepper to taste,ground black pepper,black pepper,,,,review_needed,fooddb_v1_1_draft_round2,food_black_pepper_powder,black_pepper_powder,review_needed,low,safe_alias_v1_1,safe_alias_v1_1:black pepper->food_black_pepper_powder; parse_status_review_gate
recipes_v1_1_candidate_147,52558,Creamy Morel Mushroom Soup,10,salt to taste,salt,salt,,,,review_needed,fooddb_v1_1_draft_round2,food_salt_white_sea_igneous_or_rock_no_enrichment,salt_white_sea_igneous_or_rock_no_enrichment,review_needed,low,safe_alias_v1_1,safe_alias_v1_1:salt->food_salt_white_sea_igneous_or_rock_no_enrichment; parse_status_review_gate
recipes_v1_1_candidate_148,684,Chimichurri Shrimp,1,1/2 cup fresh parsley,fresh parsley,parsley,0.5,cup,,parsed_partial,fooddb_v1_1_draft_round2,,,review_needed,low,review_candidate,family_name_candidate_only; candidate_count=1; preview=food_parsley_dried
recipes_v1_1_candidate_148,684,Chimichurri Shrimp,3,"1/2 shallot,",shallot,shallot,0.5,count,,parsed_partial,fooddb_v1_1_draft_round2,,,review_needed,low,review_candidate,"family_name_candidate_only; candidate_count=3; preview=food_shallot_cooked,food_shallot_grilled_pan_fried_without_fat,food_shallot_raw"
recipes_v1_1_candidate_148,684,Chimichurri Shrimp,4,2 tablespoons fresh oregano,fresh oregano,oregano,2.0,tablespoon,,parsed_partial,fooddb_v1_1_draft_round2,,,review_needed,low,review_candidate,family_name_candidate_only; candidate_count=1; preview=food_oregano_dried
recipes_v1_1_candidate_148,684,Chimichurri Shrimp,9,1 teaspoon black or white pepper,black or white pepper,black or white pepper,1.0,teaspoon,,review_needed,fooddb_v1_1_draft_round2,,,review_needed,low,review_candidate,compound_or_alternative_ingredient_name
recipes_v1_1_candidate_149,15459,Chicken Fried Rice,7,"1 cup cooked, chopped chicken meat",cooked,,1.0,cup,,parsed_partial,fooddb_v1_1_draft_round2,,,review_needed,low,no_match,missing_normalized_ingredient_name
recipes_v1_1_candidate_149,15459,Chicken Fried Rice,9,1 teaspoon ground black pepper or to taste,ground black pepper or,black pepper or,1.0,teaspoon,,review_needed,fooddb_v1_1_draft_round2,,,review_needed,low,review_candidate,compound_or_alternative_ingredient_name
recipes_v1_1_candidate_150,14587,Smoky Chicken Salad,7,30 ounces mayonnaise,mayonnaise,mayonnaise,30.0,ounce,850.49,parsed_clean,fooddb_v1_1_draft_round2,,,review_needed,low,review_candidate,"family_name_candidate_only; candidate_count=2; preview=food_mayonnaise_70_fat_and_more_prepacked,food_mayonnaise_reduced_fat_or_light_mayonnaise_prepacked"
recipes_v1_1_candidate_151,33310,Low-Carb Meatloaf,5,2 cups chopped fresh spinach,chopped fresh spinach,spinach,2.0,cup,,parsed_partial,fooddb_v1_1_draft_round2,,,review_needed,low,review_candidate,"family_name_candidate_only; candidate_count=6; preview=food_spinach_boiled_cooked_in_water,food_spinach_canned_drained,food_spinach_cooked,food_spinach_frozen_cooked,food_spinach_frozen_raw"
recipes_v1_1_candidate_152,15465,Szechwan Shrimp,7,¼ teaspoon ground ginger,ground ginger,ginger,0.25,teaspoon,,parsed_partial,fooddb_v1_1_draft_round2,,,review_needed,low,review_candidate,"family_name_candidate_only; candidate_count=2; preview=food_ginger_powder,food_ginger_raw"
recipes_v1_1_candidate_153,15631,Asian Fire Meat,6,ground black pepper to taste,ground black pepper,black pepper,,,,review_needed,fooddb_v1_1_draft_round2,food_black_pepper_powder,black_pepper_powder,review_needed,low,safe_alias_v1_1,safe_alias_v1_1:black pepper->food_black_pepper_powder; parse_status_review_gate
recipes_v1_1_candidate_154,26517,Mary's Meatloaf,3,salt to taste,salt,salt,,,,review_needed,fooddb_v1_1_draft_round2,food_salt_white_sea_igneous_or_rock_no_enrichment,salt_white_sea_igneous_or_rock_no_enrichment,review_needed,low,safe_alias_v1_1,safe_alias_v1_1:salt->food_salt_white_sea_igneous_or_rock_no_enrichment; parse_status_review_gate
recipes_v1_1_candidate_154,26517,Mary's Meatloaf,4,ground black pepper to taste,ground black pepper,black pepper,,,,review_needed,fooddb_v1_1_draft_round2,food_black_pepper_powder,black_pepper_powder,review_needed,low,safe_alias_v1_1,safe_alias_v1_1:black pepper->food_black_pepper_powder; parse_status_review_gate
recipes_v1_1_candidate_155,40232,Korean BBQ Beef (Pul-Kogi),3,"½ pear - peeled, cored, and minced",pear - peeled,pear,0.5,count,,parsed_partial,fooddb_v1_1_draft_round2,,,review_needed,low,review_candidate,"family_name_candidate_only; candidate_count=2; preview=food_pear_canned_in_light_syrup_drained,food_pear_canned_in_light_syrup_not_drained"
recipes_v1_1_candidate_155,40232,Korean BBQ Beef (Pul-Kogi),10,1 teaspoon minced fresh ginger,minced fresh ginger,ginger,1.0,teaspoon,,parsed_partial,fooddb_v1_1_draft_round2,,,review_needed,low,review_candidate,"family_name_candidate_only; candidate_count=2; preview=food_ginger_powder,food_ginger_raw"
recipes_v1_1_candidate_156,8759,Potato Leek Latkes,2,"1 leek, cut into small pieces",leek,leek,1.0,count,,parsed_partial,fooddb_v1_1_draft_round2,,,review_needed,low,review_candidate,"family_name_candidate_only; candidate_count=4; preview=food_leek_boiled_cooked_in_water,food_leek_cooked,food_leek_frozen_raw,food_leek_raw"
recipes_v1_1_candidate_157,48501,Crab Omelet,2,"1 small potato, peeled and diced",potato,potato,1.0,count,,parsed_partial,fooddb_v1_1_draft_round2,,,review_needed,low,review_candidate,"family_name_candidate_only; candidate_count=4; preview=food_potato_boiled_cooked_in_water,food_potato_canned_drained,food_potato_cooked,food_potato_roasted_baked"
recipes_v1_1_candidate_157,48501,Crab Omelet,6,salt and pepper to taste,salt and pepper,salt and pepper,,,,review_needed,fooddb_v1_1_draft_round2,,,review_needed,low,review_candidate,compound_or_alternative_ingredient_name
recipes_v1_1_candidate_157,48501,Crab Omelet,7,"1 small tomato, diced",tomato,tomato,1.0,count,,parsed_partial,fooddb_v1_1_draft_round2,,,review_needed,low,review_candidate,"family_name_candidate_only; candidate_count=4; preview=food_tomato_dried,food_tomato_raw,food_tomato_roasted_baked,food_tomato_roasted_baked_with_skin"
recipes_v1_1_candidate_158,30356,Potato and Zucchini Frittata,8,salt and ground black pepper to taste,salt and ground black pepper,salt and black pepper,,,,review_needed,fooddb_v1_1_draft_round2,,,review_needed,low,review_candidate,compound_or_alternative_ingredient_name
recipes_v1_1_candidate_159,44763,Egg Scramble,1,"1 potato, peeled",potato,potato,1.0,count,,parsed_partial,fooddb_v1_1_draft_round2,,,review_needed,low,review_candidate,"family_name_candidate_only; candidate_count=4; preview=food_potato_boiled_cooked_in_water,food_potato_canned_drained,food_potato_cooked,food_potato_roasted_baked"
recipes_v1_1_candidate_159,44763,Egg Scramble,4,½ cup chopped fresh spinach,chopped fresh spinach,spinach,0.5,cup,,parsed_partial,fooddb_v1_1_draft_round2,,,review_needed,low,review_candidate,"family_name_candidate_only; candidate_count=6; preview=food_spinach_boiled_cooked_in_water,food_spinach_canned_drained,food_spinach_cooked,food_spinach_frozen_cooked,food_spinach_frozen_raw"
recipes_v1_1_candidate_159,44763,Egg Scramble,6,"2 tomatoes, seeded and chopped",seeded and chopped,seeded and,2.0,count,,parsed_partial,fooddb_v1_1_draft_round2,,,review_needed,low,review_candidate,compound_or_alternative_ingredient_name
recipes_v1_1_candidate_159,44763,Egg Scramble,7,salt and pepper to taste,salt and pepper,salt and pepper,,,,review_needed,fooddb_v1_1_draft_round2,,,review_needed,low,review_candidate,compound_or_alternative_ingredient_name
recipes_v1_1_candidate_159,44763,Egg Scramble,8,ground cayenne pepper to taste,ground cayenne pepper,cayenne pepper,,,,review_needed,fooddb_v1_1_draft_round2,food_cayenne_pepper,cayenne_pepper,review_needed,low,exact_match,exact display_name match; parse_status_review_gate
recipes_v1_1_candidate_161,31914,Camp Breakfast,4,salt and ground black pepper to taste,salt and ground black pepper,salt and black pepper,,,,review_needed,fooddb_v1_1_draft_round2,,,review_needed,low,review_candidate,compound_or_alternative_ingredient_name
recipes_v1_1_candidate_162,8712,Sweet Potato and Chorizo Hash,2,"1 medium sweet potato, peeled and cut into 1/2-inch cubes",sweet potato,sweet potato,1.0,count,,parsed_partial,fooddb_v1_1_draft_round2,,,review_needed,low,review_candidate,"family_name_candidate_only; candidate_count=2; preview=food_sweet_potato_cooked,food_sweet_potato_raw"
recipes_v1_1_candidate_162,8712,Sweet Potato and Chorizo Hash,3,1 teaspoon chopped fresh rosemary,chopped fresh rosemary,rosemary,1.0,teaspoon,,parsed_partial,fooddb_v1_1_draft_round2,,,review_needed,low,review_candidate,family_name_candidate_only; candidate_count=1; preview=food_rosemary_dried
recipes_v1_1_candidate_162,8712,Sweet Potato and Chorizo Hash,4,salt and ground black pepper to taste,salt and ground black pepper,salt and black pepper,,,,review_needed,fooddb_v1_1_draft_round2,,,review_needed,low,review_candidate,compound_or_alternative_ingredient_name
recipes_v1_1_candidate_163,48801,My Big Fat Greek Omelet,4,"Black pepper, to taste",Black pepper,black pepper,,,,review_needed,fooddb_v1_1_draft_round2,food_black_pepper_powder,black_pepper_powder,review_needed,low,safe_alias_v1_1,safe_alias_v1_1:black pepper->food_black_pepper_powder; parse_status_review_gate
recipes_v1_1_candidate_163,48801,My Big Fat Greek Omelet,7,"1 (10 ounce) package chopped frozen spinach, thawed and squeezed dry",thawed and squeezed dry,and squeezed dry,1.0,package,,review_needed,fooddb_v1_1_draft_round2,,,review_needed,low,review_candidate,compound_or_alternative_ingredient_name
recipes_v1_1_candidate_165,7592,"Turkey Sausage, Potato, Brussels Sprouts, and Apple Hash",7,2 tablespoons fresh sage,fresh sage,sage,2.0,tablespoon,,parsed_partial,fooddb_v1_1_draft_round2,,,review_needed,low,review_candidate,family_name_candidate_only; candidate_count=1; preview=food_sage_dried
recipes_v1_1_candidate_166,7583,French Toast Waffles,3,1 teaspoon ground cinnamon,ground cinnamon,cinnamon,1.0,teaspoon,,parsed_partial,fooddb_v1_1_draft_round2,,,review_needed,low,review_candidate,family_name_candidate_only; candidate_count=1; preview=food_cinnamon_powder
recipes_v1_1_candidate_167,43560,Cinnamon and Sugar French Waffle Toast,5,1 teaspoon cinnamon,cinnamon,cinnamon,1.0,teaspoon,,parsed_partial,fooddb_v1_1_draft_round2,,,review_needed,low,review_candidate,family_name_candidate_only; candidate_count=1; preview=food_cinnamon_powder
recipes_v1_1_candidate_168,47626,Asparagus and Mushroom Frittata,2,"8 ounces fresh asparagus, trimmed and cut into 1-inch pieces",fresh asparagus,asparagus,8.0,ounce,226.8,parsed_partial,fooddb_v1_1_draft_round2,,,review_needed,low,review_candidate,"family_name_candidate_only; candidate_count=2; preview=food_asparagus_boiled_cooked_in_water,food_asparagus_canned_drained"
recipes_v1_1_candidate_168,47626,Asparagus and Mushroom Frittata,7,1 teaspoon chopped fresh thyme,chopped fresh thyme,thyme,1.0,teaspoon,,parsed_partial,fooddb_v1_1_draft_round2,,,review_needed,low,review_candidate,family_name_candidate_only; candidate_count=1; preview=food_thyme_dried
recipes_v1_1_candidate_172,7760,Potato and Cheese Frittata,4,salt and pepper to taste,salt and pepper,salt and pepper,,,,review_needed,fooddb_v1_1_draft_round2,,,review_needed,low,review_candidate,compound_or_alternative_ingredient_name
recipes_v1_1_candidate_173,7395,Amish Baked Oatmeal,8,1 teaspoon ground cinnamon,ground cinnamon,cinnamon,1.0,teaspoon,,parsed_partial,fooddb_v1_1_draft_round2,,,review_needed,low,review_candidate,family_name_candidate_only; candidate_count=1; preview=food_cinnamon_powder
recipes_v1_1_candidate_175,7768,Nan's Potato and Egg Frittata,4,salt and pepper to taste,salt and pepper,salt and pepper,,,,review_needed,fooddb_v1_1_draft_round2,,,review_needed,low,review_candidate,compound_or_alternative_ingredient_name
recipes_v1_1_candidate_176,1450,Potato Salad Deviled Eggs,2,"1 large potato, coarsely chopped",potato,potato,1.0,count,,parsed_partial,fooddb_v1_1_draft_round2,,,review_needed,low,review_candidate,"family_name_candidate_only; candidate_count=4; preview=food_potato_boiled_cooked_in_water,food_potato_canned_drained,food_potato_cooked,food_potato_roasted_baked"
recipes_v1_1_candidate_176,1450,Potato Salad Deviled Eggs,6,salt to taste,salt,salt,,,,review_needed,fooddb_v1_1_draft_round2,food_salt_white_sea_igneous_or_rock_no_enrichment,salt_white_sea_igneous_or_rock_no_enrichment,review_needed,low,safe_alias_v1_1,safe_alias_v1_1:salt->food_salt_white_sea_igneous_or_rock_no_enrichment; parse_status_review_gate
recipes_v1_1_candidate_176,1450,Potato Salad Deviled Eggs,7,ground black pepper to taste,ground black pepper,black pepper,,,,review_needed,fooddb_v1_1_draft_round2,food_black_pepper_powder,black_pepper_powder,review_needed,low,safe_alias_v1_1,safe_alias_v1_1:black pepper->food_black_pepper_powder; parse_status_review_gate
recipes_v1_1_candidate_176,1450,Potato Salad Deviled Eggs,8,paprika for garnish,paprika,paprika,,,,review_needed,fooddb_v1_1_draft_round2,food_paprika,paprika,review_needed,low,exact_match,exact canonical_name match; parse_status_review_gate
recipes_v1_1_candidate_178,37138,Garlic Hummus,4,1 tablespoon tahini,tahini,tahini,1.0,tablespoon,,parsed_partial,fooddb_v1_1_draft_round2,,,review_needed,low,review_candidate,family_name_candidate_only; candidate_count=1; preview=food_tahini_sesame_paste
recipes_v1_1_candidate_179,60092,Fried Cauliflower,1,"1 head cauliflower, broken into small florets",cauliflower,cauliflower,1.0,head,,parsed_partial,fooddb_v1_1_draft_round2,,,review_needed,low,review_candidate,"family_name_candidate_only; candidate_count=5; preview=food_cauliflower_cooked,food_cauliflower_frozen_cooked,food_cauliflower_frozen_raw,food_cauliflower_raw,food_cauliflower_steamed"
recipes_v1_1_candidate_180,352,Pistachio Hummus,4,1 (14-ounce) can garbanzo beans drained and rinsed,garbanzo beans drained and rinsed,garbanzo beans drained and rinsed,1.0,can,,review_needed,fooddb_v1_1_draft_round2,,,review_needed,low,review_candidate,compound_or_alternative_ingredient_name
recipes_v1_1_candidate_180,352,Pistachio Hummus,5,1/2 teaspoon lemon zest,lemon zest,lemon zest,0.5,teaspoon,,parsed_partial,fooddb_v1_1_draft_round2,,,review_needed,low,review_candidate,family_name_candidate_only; candidate_count=1; preview=food_lemon_zest_raw
recipes_v1_1_candidate_181,1512,Hummus III,2,⅓ cup tahini,tahini,tahini,0.3333,cup,,parsed_partial,fooddb_v1_1_draft_round2,,,review_needed,low,review_candidate,family_name_candidate_only; candidate_count=1; preview=food_tahini_sesame_paste
recipes_v1_1_candidate_181,1512,Hummus III,8,1 teaspoon minced fresh parsley,minced fresh parsley,parsley,1.0,teaspoon,,parsed_partial,fooddb_v1_1_draft_round2,,,review_needed,low,review_candidate,family_name_candidate_only; candidate_count=1; preview=food_parsley_dried
recipes_v1_1_candidate_185,1478,Real Hummus,4,2 tablespoons tahini,tahini,tahini,2.0,tablespoon,,parsed_partial,fooddb_v1_1_draft_round2,,,review_needed,low,review_candidate,family_name_candidate_only; candidate_count=1; preview=food_tahini_sesame_paste
recipes_v1_1_candidate_185,1478,Real Hummus,5,"1 teaspoon salt, or to taste",salt,salt,1.0,teaspoon,6.0,review_needed,fooddb_v1_1_draft_round2,food_salt_white_sea_igneous_or_rock_no_enrichment,salt_white_sea_igneous_or_rock_no_enrichment,review_needed,low,safe_alias_v1_1,safe_alias_v1_1:salt->food_salt_white_sea_igneous_or_rock_no_enrichment; parse_status_review_gate
recipes_v1_1_candidate_185,1478,Real Hummus,7,black pepper to taste,black pepper,black pepper,,,,review_needed,fooddb_v1_1_draft_round2,food_black_pepper_powder,black_pepper_powder,review_needed,low,safe_alias_v1_1,safe_alias_v1_1:black pepper->food_black_pepper_powder; parse_status_review_gate
recipes_v1_1_candidate_187,47374,Homemade Turkey Sausage Patties,2,1/2 cup apple,apple,apple,0.5,cup,,parsed_partial,fooddb_v1_1_draft_round2,,,review_needed,low,review_candidate,family_name_candidate_only; candidate_count=1; preview=food_apple_dried
recipes_v1_1_candidate_188,47405,Easy Herb-Roasted Turkey,1,"1 (12 pound) whole turkey, neck and giblets removed",neck and giblets removed,neck and giblets removed,1.0,count,,parsed_partial,fooddb_v1_1_draft_round2,,,review_needed,low,review_candidate,compound_or_alternative_ingredient_name
recipes_v1_1_candidate_188,47405,Easy Herb-Roasted Turkey,5,1 teaspoon ground sage,ground sage,sage,1.0,teaspoon,,parsed_partial,fooddb_v1_1_draft_round2,,,review_needed,low,review_candidate,family_name_candidate_only; candidate_count=1; preview=food_sage_dried
recipes_v1_1_candidate_189,39764,Greek Chicken,4,1 tablespoon chopped fresh rosemary,chopped fresh rosemary,rosemary,1.0,tablespoon,,parsed_partial,fooddb_v1_1_draft_round2,,,review_needed,low,review_candidate,family_name_candidate_only; candidate_count=1; preview=food_rosemary_dried
recipes_v1_1_candidate_189,39764,Greek Chicken,5,1 tablespoon chopped fresh thyme,chopped fresh thyme,thyme,1.0,tablespoon,,parsed_partial,fooddb_v1_1_draft_round2,,,review_needed,low,review_candidate,family_name_candidate_only; candidate_count=1; preview=food_thyme_dried
recipes_v1_1_candidate_189,39764,Greek Chicken,6,1 tablespoon chopped fresh oregano,chopped fresh oregano,oregano,1.0,tablespoon,,parsed_partial,fooddb_v1_1_draft_round2,,,review_needed,low,review_candidate,family_name_candidate_only; candidate_count=1; preview=food_oregano_dried
recipes_v1_1_candidate_190,4631,Tri-Tip Bulgogi,1,1 pear,pear,pear,1.0,count,,parsed_partial,fooddb_v1_1_draft_round2,,,review_needed,low,review_candidate,"family_name_candidate_only; candidate_count=2; preview=food_pear_canned_in_light_syrup_drained,food_pear_canned_in_light_syrup_not_drained"
recipes_v1_1_candidate_191,26863,Swamp Rice,10,2 cups basmati rice,basmati rice,basmati rice,2.0,cup,370.0,parsed_clean,fooddb_v1_1_draft_round2,,,review_needed,low,review_candidate,family_name_candidate_only; candidate_count=1; preview=food_basmati_rice_raw
recipes_v1_1_candidate_192,25863,Lemon Herb Quinoa,2,1 cup quinoa,quinoa,quinoa,1.0,cup,,parsed_partial,fooddb_v1_1_draft_round2,,,review_needed,low,review_candidate,"family_name_candidate_only; candidate_count=2; preview=food_quinoa_boiled_cooked_in_water_unsalted,food_quinoa_raw"
recipes_v1_1_candidate_192,25863,Lemon Herb Quinoa,4,1 tablespoon chopped fresh parsley,chopped fresh parsley,parsley,1.0,tablespoon,,parsed_partial,fooddb_v1_1_draft_round2,,,review_needed,low,review_candidate,family_name_candidate_only; candidate_count=1; preview=food_parsley_dried
recipes_v1_1_candidate_192,25863,Lemon Herb Quinoa,5,1 tablespoon chopped fresh basil,chopped fresh basil,basil,1.0,tablespoon,,parsed_partial,fooddb_v1_1_draft_round2,,,review_needed,low,review_candidate,family_name_candidate_only; candidate_count=1; preview=food_basil_dried
recipes_v1_1_candidate_192,25863,Lemon Herb Quinoa,7,1 teaspoon roasted red pepper and garlic seasoning blend,roasted red pepper and garlic seasoning blend,roasted red pepper and garlic seasoning blend,1.0,teaspoon,,parsed_partial,fooddb_v1_1_draft_round2,,,review_needed,low,review_candidate,compound_or_alternative_ingredient_name
recipes_v1_1_candidate_193,38716,Spaghetti all'Assassina (Assassin's Spaghetti),3,3 cups tomato puree,tomato puree,tomato puree,3.0,cup,,parsed_partial,fooddb_v1_1_draft_round2,,,review_needed,low,review_candidate,family_name_candidate_only; candidate_count=1; preview=food_tomato_puree_canned
recipes_v1_1_candidate_193,38716,Spaghetti all'Assassina (Assassin's Spaghetti),5,"1 teaspoon salt, or to taste",salt,salt,1.0,teaspoon,6.0,review_needed,fooddb_v1_1_draft_round2,food_salt_white_sea_igneous_or_rock_no_enrichment,salt_white_sea_igneous_or_rock_no_enrichment,review_needed,low,safe_alias_v1_1,safe_alias_v1_1:salt->food_salt_white_sea_igneous_or_rock_no_enrichment; parse_status_review_gate
recipes_v1_1_candidate_194,133,Air Fryer Lemon-Thyme Baby Red Potatoes,4,1 teaspoon fresh thyme,fresh thyme,thyme,1.0,teaspoon,,parsed_partial,fooddb_v1_1_draft_round2,,,review_needed,low,review_candidate,family_name_candidate_only; candidate_count=1; preview=food_thyme_dried
recipes_v1_1_candidate_195,13950,Chef John's Jollof Rice,1,1 large tomato,tomato,tomato,1.0,count,,parsed_partial,fooddb_v1_1_draft_round2,,,review_needed,low,review_candidate,"family_name_candidate_only; candidate_count=4; preview=food_tomato_dried,food_tomato_raw,food_tomato_roasted_baked,food_tomato_roasted_baked_with_skin"
recipes_v1_1_candidate_195,13950,Chef John's Jollof Rice,6,1 tablespoon ginger,ginger,ginger,1.0,tablespoon,,parsed_partial,fooddb_v1_1_draft_round2,,,review_needed,low,review_candidate,"family_name_candidate_only; candidate_count=2; preview=food_ginger_powder,food_ginger_raw"
recipes_v1_1_candidate_196,50951,One - Two - Three - Mexican Macaroni Salad,3,1 cup mayonnaise,mayonnaise,mayonnaise,1.0,cup,,parsed_partial,fooddb_v1_1_draft_round2,,,review_needed,low,review_candidate,"family_name_candidate_only; candidate_count=2; preview=food_mayonnaise_70_fat_and_more_prepacked,food_mayonnaise_reduced_fat_or_light_mayonnaise_prepacked"
recipes_v1_1_candidate_196,50951,One - Two - Three - Mexican Macaroni Salad,8,ground black pepper to taste,ground black pepper,black pepper,,,,review_needed,fooddb_v1_1_draft_round2,food_black_pepper_powder,black_pepper_powder,review_needed,low,safe_alias_v1_1,safe_alias_v1_1:black pepper->food_black_pepper_powder; parse_status_review_gate
recipes_v1_1_candidate_197,49103,Make-Ahead Spinach Salad in a Jar,3,1 cup quinoa,quinoa,quinoa,1.0,cup,,parsed_partial,fooddb_v1_1_draft_round2,,,review_needed,low,review_candidate,"family_name_candidate_only; candidate_count=2; preview=food_quinoa_boiled_cooked_in_water_unsalted,food_quinoa_raw"
recipes_v1_1_candidate_198,32352,Roasted Sweet Potato and Kale Salad,1,"2 sweet potatoes or jewel yams, cut into 1-inch cubes",sweet potatoes or jewel yams,sweet potatoes or jewel yams,2.0,count,,review_needed,fooddb_v1_1_draft_round2,,,review_needed,low,review_candidate,compound_or_alternative_ingredient_name
recipes_v1_1_candidate_198,32352,Roasted Sweet Potato and Kale Salad,3,salt and freshly ground black pepper to taste,salt and freshly ground black pepper,salt and freshly black pepper,,,,review_needed,fooddb_v1_1_draft_round2,,,review_needed,low,review_candidate,compound_or_alternative_ingredient_name
recipes_v1_1_candidate_198,32352,Roasted Sweet Potato and Kale Salad,9,1 teaspoon chopped fresh thyme,chopped fresh thyme,thyme,1.0,teaspoon,,parsed_partial,fooddb_v1_1_draft_round2,,,review_needed,low,review_candidate,family_name_candidate_only; candidate_count=1; preview=food_thyme_dried
recipes_v1_1_candidate_199,38569,Mid-Summer Italian Bread Salad,3,2 cups chopped fresh basil,chopped fresh basil,basil,2.0,cup,,parsed_partial,fooddb_v1_1_draft_round2,,,review_needed,low,review_candidate,family_name_candidate_only; candidate_count=1; preview=food_basil_dried
recipes_v1_1_candidate_199,38569,Mid-Summer Italian Bread Salad,5,"1 cup peeled, seeded, and chopped cucumber",and chopped cucumber,and cucumber,1.0,cup,,parsed_partial,fooddb_v1_1_draft_round2,,,review_needed,low,review_candidate,compound_or_alternative_ingredient_name
recipes_v1_1_candidate_199,38569,Mid-Summer Italian Bread Salad,7,2 tablespoons chopped fresh thyme,chopped fresh thyme,thyme,2.0,tablespoon,,parsed_partial,fooddb_v1_1_draft_round2,,,review_needed,low,review_candidate,family_name_candidate_only; candidate_count=1; preview=food_thyme_dried
recipes_v1_1_candidate_199,38569,Mid-Summer Italian Bread Salad,9,"¼ cup olive oil, or as needed",olive oil,olive oil,0.25,cup,54.0,review_needed,fooddb_v1_1_draft_round2,food_olive_oil_extra_virgin,olive_oil_extra_virgin,review_needed,low,safe_alias_v1_1,safe_alias_v1_1:olive oil->food_olive_oil_extra_virgin; parse_status_review_gate
recipes_v1_1_candidate_200,15471,Broccoli and Carrot Stir Fry,6,salt to taste,salt,salt,,,,review_needed,fooddb_v1_1_draft_round2,food_salt_white_sea_igneous_or_rock_no_enrichment,salt_white_sea_igneous_or_rock_no_enrichment,review_needed,low,safe_alias_v1_1,safe_alias_v1_1:salt->food_salt_white_sea_igneous_or_rock_no_enrichment; parse_status_review_gate
