ingredient_name_normalized,proposed_action,safety,affected_ingredient_rows,affected_rows_with_grams,total_grams_affected,affected_recipe_count,example_recipe_ids,example_recipes,why_it_matters_for_generator
beef,alias_to_existing,needs_review,15,15,8164.65,15,recipes_v1_1_candidate_002 | recipes_v1_1_candidate_009 | recipes_v1_1_candidate_013 | recipes_v1_1_candidate_021 | recipes_v1_1_candidate_027 | recipes_v1_1_candidate_028 | recipes_v1_1_candidate_049 | recipes_v1_1_candidate_059,Alysia's Basic Meat Lasagna | Polish Stuffed Cabbage | Ground Beef Casserole with Rice | Kelsey's Favorite Stuffed Green Peppers | Linda's Lasagna Recipe,protein_macro_coverage_for_main_meals
onion,alias_to_existing,needs_review,73,59,6390,72,recipes_v1_1_candidate_002 | recipes_v1_1_candidate_007 | recipes_v1_1_candidate_008 | recipes_v1_1_candidate_013 | recipes_v1_1_candidate_017 | recipes_v1_1_candidate_020 | recipes_v1_1_candidate_021 | recipes_v1_1_candidate_022,Alysia's Basic Meat Lasagna | Spicy Sausage and Rice Casserole | White Chili with Ground Turkey | Ground Beef Casserole with Rice | Stir Fried Pasta with Veggies,large_weight_coverage_for_recipe_totals
chicken breasts,alias_to_existing,safe_auto,6,5,4989.5,6,recipes_v1_1_candidate_052 | recipes_v1_1_candidate_110 | recipes_v1_1_candidate_112 | recipes_v1_1_candidate_131 | recipes_v1_1_candidate_140 | recipes_v1_1_candidate_150,Teriyaki Chicken with Mushrooms and Broccoli | Cold Rice Salad | Lemon Chicken Gnocchi | Garlic Chicken Stir Fry | Hot Honey Feta Chicken Skewers,protein_macro_coverage_for_main_meals
red potatoes,alias_to_existing,needs_review,4,3,3855.53,4,recipes_v1_1_candidate_016 | recipes_v1_1_candidate_043 | recipes_v1_1_candidate_068 | recipes_v1_1_candidate_107,"Sheet Pan Tilapia and Potatoes | Slow Cooker Chicken Thighs, Green Beans, and Potatoes | Instant Pot Potato and Bacon Soup | American Potato Salad",carb_and_energy_coverage_for_complete_meals
beef chuck,alias_to_existing,safe_auto,3,3,3628.74,3,recipes_v1_1_candidate_072 | recipes_v1_1_candidate_094 | recipes_v1_1_candidate_095,Dutch Oven Chili Colorado | Sweet and Sour Stuffed Cabbage | Beef and Butternut Squash Chili,protein_macro_coverage_for_main_meals
turkey,alias_to_existing,needs_review,6,6,3401.93,6,recipes_v1_1_candidate_008 | recipes_v1_1_candidate_083 | recipes_v1_1_candidate_115 | recipes_v1_1_candidate_132 | recipes_v1_1_candidate_151 | recipes_v1_1_candidate_187,White Chili with Ground Turkey | Air Fryer Turkey Stuffed Peppers | Ground Turkey Lettuce Wraps | Amy's Delicious Turkey Burgers | Low-Carb Meatloaf,protein_macro_coverage_for_main_meals
milk,alias_to_existing,needs_review,15,15,3040,14,recipes_v1_1_candidate_032 | recipes_v1_1_candidate_059 | recipes_v1_1_candidate_067 | recipes_v1_1_candidate_068 | recipes_v1_1_candidate_145 | recipes_v1_1_candidate_146 | recipes_v1_1_candidate_154 | recipes_v1_1_candidate_160,Slow Cooker Tuscan Chicken Meatballs with Gnocchi | Italian Meatballs on Parmesan Noodles | Simple Cauliflower Soup | Instant Pot Potato and Bacon Soup | Bacon-Flavored Dog Biscuits,protein_fat_and_energy_coverage_for_dairy
shrimp,alias_to_existing,safe_auto,7,6,2608.14,7,recipes_v1_1_candidate_004 | recipes_v1_1_candidate_018 | recipes_v1_1_candidate_058 | recipes_v1_1_candidate_076 | recipes_v1_1_candidate_087 | recipes_v1_1_candidate_123 | recipes_v1_1_candidate_152,Seafood Lasagna II | Shrimp Marinara | Filipino Pancit Bihon with Canton | Shrimp Vermicelli Salad | Shrimp Lemon Pepper Linguini,protein_macro_coverage_for_main_meals
rice,alias_to_existing,needs_review,7,7,2312.5,7,recipes_v1_1_candidate_009 | recipes_v1_1_candidate_013 | recipes_v1_1_candidate_034 | recipes_v1_1_candidate_039 | recipes_v1_1_candidate_055 | recipes_v1_1_candidate_083 | recipes_v1_1_candidate_114,Polish Stuffed Cabbage | Ground Beef Casserole with Rice | Slow Cooker Chicken and Rice | Black-Eyed Peas and Rice | Chicken Adobo Fried Rice,carb_and_energy_coverage_for_complete_meals
chicken breast,alias_to_existing,safe_auto,6,4,2041.16,6,recipes_v1_1_candidate_010 | recipes_v1_1_candidate_084 | recipes_v1_1_candidate_086 | recipes_v1_1_candidate_089 | recipes_v1_1_candidate_116 | recipes_v1_1_candidate_128,"Angela's Asian-Inspired Chicken Noodle Soup | Copycat McChicken Sandwich | One Pot Turmeric Chicken and Rice | Filipino Chicken Salad | Velveting Chicken Breast, Chinese Restaurant Style",protein_macro_coverage_for_main_meals
onions,alias_to_existing,needs_review,10,6,1770,10,recipes_v1_1_candidate_005 | recipes_v1_1_candidate_047 | recipes_v1_1_candidate_056 | recipes_v1_1_candidate_072 | recipes_v1_1_candidate_074 | recipes_v1_1_candidate_092 | recipes_v1_1_candidate_099 | recipes_v1_1_candidate_100,Portuguese Cod Fish Casserole | Greek Green Beans | Braised Beef Short Ribs | Dutch Oven Chili Colorado | Adas bil Hamod (Lebanese Lentil Lemon Soup),large_weight_coverage_for_recipe_totals
green onions,alias_to_existing,needs_review,12,7,1730,12,recipes_v1_1_candidate_014 | recipes_v1_1_candidate_026 | recipes_v1_1_candidate_042 | recipes_v1_1_candidate_055 | recipes_v1_1_candidate_091 | recipes_v1_1_candidate_107 | recipes_v1_1_candidate_108 | recipes_v1_1_candidate_131,Korean Fried Pork With Stir-Fried Celery | Hibachi Chicken and Rice Casserole | Greek Feta and Spinach Potato Casserole | Chicken Adobo Fried Rice | Vegetable Fried Rice,large_weight_coverage_for_recipe_totals
white rice,alias_to_existing,safe_auto,4,4,1480,4,recipes_v1_1_candidate_050 | recipes_v1_1_candidate_104 | recipes_v1_1_candidate_106 | recipes_v1_1_candidate_149,Zucchini Chicken Rice Casserole | Steak Fried Rice | Cabbage Fried Rice | Chicken Fried Rice,carb_and_energy_coverage_for_complete_meals
jasmine rice,alias_to_existing,needs_review,3,3,1202.5,3,recipes_v1_1_candidate_020 | recipes_v1_1_candidate_053 | recipes_v1_1_candidate_086,Thai Fried Rice | Baked Chicken and Vegetable Rice Paper Rolls | One Pot Turmeric Chicken and Rice,carb_and_energy_coverage_for_complete_meals
potatoes,alias_to_existing,needs_review,7,2,907.18,7,recipes_v1_1_candidate_005 | recipes_v1_1_candidate_015 | recipes_v1_1_candidate_022 | recipes_v1_1_candidate_046 | recipes_v1_1_candidate_056 | recipes_v1_1_candidate_100 | recipes_v1_1_candidate_158,Portuguese Cod Fish Casserole | Sheet Pan Garlic Butter Steak Bites with Veggies | Grandma's Chinese Vegetable Soup | Alison's Slow Cooker Vegetable Beef Soup | Braised Beef Short Ribs,carb_and_energy_coverage_for_complete_meals
mushrooms,alias_to_existing,needs_review,10,3,680.4,10,recipes_v1_1_candidate_012 | recipes_v1_1_candidate_025 | recipes_v1_1_candidate_030 | recipes_v1_1_candidate_036 | recipes_v1_1_candidate_040 | recipes_v1_1_candidate_052 | recipes_v1_1_candidate_082 | recipes_v1_1_candidate_093,Garbanzo Stir-Fry | 10-Minute Mushroom Carbonara | Stuffed Eggplant | Prime Rib Soup | Quinoa Chard Pilaf,large_weight_coverage_for_recipe_totals
brown sugar,alias_to_existing,safe_auto,10,10,674.6,10,recipes_v1_1_candidate_001 | recipes_v1_1_candidate_026 | recipes_v1_1_candidate_037 | recipes_v1_1_candidate_090 | recipes_v1_1_candidate_097 | recipes_v1_1_candidate_127 | recipes_v1_1_candidate_153 | recipes_v1_1_candidate_154,Pork and Pepper Stir Fry | Hibachi Chicken and Rice Casserole | Asian Chicken Salad | BBQ Meatballs | Granny's Easy Chili,large_weight_coverage_for_recipe_totals
yellow onion,alias_to_existing,safe_auto,6,6,620,6,recipes_v1_1_candidate_049 | recipes_v1_1_candidate_091 | recipes_v1_1_candidate_095 | recipes_v1_1_candidate_106 | recipes_v1_1_candidate_115 | recipes_v1_1_candidate_141,Classic Goulash | Vegetable Fried Rice | Beef and Butternut Squash Chili | Cabbage Fried Rice | Ground Turkey Lettuce Wraps,large_weight_coverage_for_recipe_totals
uncooked white rice,alias_to_existing,safe_auto,3,3,493.34,3,recipes_v1_1_candidate_021 | recipes_v1_1_candidate_094 | recipes_v1_1_candidate_110,Kelsey's Favorite Stuffed Green Peppers | Sweet and Sour Stuffed Cabbage | Cold Rice Salad,carb_and_energy_coverage_for_complete_meals
celery,alias_to_existing,safe_auto,18,1,453.59,18,recipes_v1_1_candidate_014 | recipes_v1_1_candidate_038 | recipes_v1_1_candidate_044 | recipes_v1_1_candidate_054 | recipes_v1_1_candidate_058 | recipes_v1_1_candidate_075 | recipes_v1_1_candidate_076 | recipes_v1_1_candidate_089,Korean Fried Pork With Stir-Fried Celery | Classic Turkey and Rice Soup | Easy Chicken and Dumplings with Vegetables | Dad's Lima Bean Soup with Ham Bone | Filipino Pancit Bihon with Canton,secondary_macro_or_weight_coverage
vegetable oil,alias_to_existing,safe_auto,15,15,450,15,recipes_v1_1_candidate_019 | recipes_v1_1_candidate_037 | recipes_v1_1_candidate_053 | recipes_v1_1_candidate_055 | recipes_v1_1_candidate_056 | recipes_v1_1_candidate_077 | recipes_v1_1_candidate_104 | recipes_v1_1_candidate_114,Turmeric Black Pepper Chicken with Broccoli | Asian Chicken Salad | Baked Chicken and Vegetable Rice Paper Rolls | Chicken Adobo Fried Rice | Braised Beef Short Ribs,fat_and_energy_coverage_for_oils_or_butter
lemon,alias_to_existing,needs_review,7,7,406,7,recipes_v1_1_candidate_003 | recipes_v1_1_candidate_016 | recipes_v1_1_candidate_087 | recipes_v1_1_candidate_128 | recipes_v1_1_candidate_141 | recipes_v1_1_candidate_178 | recipes_v1_1_candidate_192,Salmon Couscous Salad | Sheet Pan Tilapia and Potatoes | Shrimp Lemon Pepper Linguini | Grilled Chicken and Strawberry Mason Jar Salad with Poppyseed Dressing | Lobster Ravioli in Tomato Cream Sauce with Shrimp,secondary_macro_or_weight_coverage
red onion,alias_to_existing,safe_auto,6,3,330,6,recipes_v1_1_candidate_015 | recipes_v1_1_candidate_070 | recipes_v1_1_candidate_123 | recipes_v1_1_candidate_150 | recipes_v1_1_candidate_153 | recipes_v1_1_candidate_199,Sheet Pan Garlic Butter Steak Bites with Veggies | Hot Honey Salmon Bowls | Blackened Shrimp Tacos | Smoky Chicken Salad | Asian Fire Meat,secondary_macro_or_weight_coverage
butter,alias_to_existing,needs_review,8,6,120.7,8,recipes_v1_1_candidate_015 | recipes_v1_1_candidate_087 | recipes_v1_1_candidate_139 | recipes_v1_1_candidate_147 | recipes_v1_1_candidate_149 | recipes_v1_1_candidate_165 | recipes_v1_1_candidate_168 | recipes_v1_1_candidate_170,Sheet Pan Garlic Butter Steak Bites with Veggies | Shrimp Lemon Pepper Linguini | Sheet Pan Lemon Butter Garlic Shrimp with Asparagus | Creamy Morel Mushroom Soup | Chicken Fried Rice,fat_and_energy_coverage_for_oils_or_butter
unsalted butter,alias_to_existing,safe_auto,5,4,85.2,5,recipes_v1_1_candidate_031 | recipes_v1_1_candidate_067 | recipes_v1_1_candidate_086 | recipes_v1_1_candidate_112 | recipes_v1_1_candidate_164,Spaghetti Squash Carbonara | Simple Cauliflower Soup | One Pot Turmeric Chicken and Rice | Lemon Chicken Gnocchi | Easy French Toast Casserole,fat_and_energy_coverage_for_oils_or_butter
kosher salt,alias_to_existing,needs_review,9,8,78,9,recipes_v1_1_candidate_015 | recipes_v1_1_candidate_018 | recipes_v1_1_candidate_035 | recipes_v1_1_candidate_042 | recipes_v1_1_candidate_059 | recipes_v1_1_candidate_104 | recipes_v1_1_candidate_113 | recipes_v1_1_candidate_116,Sheet Pan Garlic Butter Steak Bites with Veggies | Shrimp Marinara | Homemade Roasted Chicken Noodle Soup | Greek Feta and Spinach Potato Casserole | Italian Meatballs on Parmesan Noodles,secondary_macro_or_weight_coverage
carrot,alias_to_existing,safe_auto,16,0,0,16,recipes_v1_1_candidate_010 | recipes_v1_1_candidate_022 | recipes_v1_1_candidate_036 | recipes_v1_1_candidate_038 | recipes_v1_1_candidate_041 | recipes_v1_1_candidate_051 | recipes_v1_1_candidate_053 | recipes_v1_1_candidate_058,Angela's Asian-Inspired Chicken Noodle Soup | Grandma's Chinese Vegetable Soup | Prime Rib Soup | Classic Turkey and Rice Soup | Harvest Patties,secondary_macro_or_weight_coverage
carrots,alias_to_existing,safe_auto,8,0,0,8,recipes_v1_1_candidate_035 | recipes_v1_1_candidate_054 | recipes_v1_1_candidate_055 | recipes_v1_1_candidate_056 | recipes_v1_1_candidate_082 | recipes_v1_1_candidate_093 | recipes_v1_1_candidate_096 | recipes_v1_1_candidate_144,Homemade Roasted Chicken Noodle Soup | Dad's Lima Bean Soup with Ham Bone | Chicken Adobo Fried Rice | Braised Beef Short Ribs | Vegetable Curry with Coconut Milk,secondary_macro_or_weight_coverage
green beans,add_to_fooddb_draft,needs_review,11,10,4705.99,11,recipes_v1_1_candidate_006 | recipes_v1_1_candidate_015 | recipes_v1_1_candidate_043 | recipes_v1_1_candidate_047 | recipes_v1_1_candidate_062 | recipes_v1_1_candidate_063 | recipes_v1_1_candidate_064 | recipes_v1_1_candidate_070,"Filipino Pork Adobo | Sheet Pan Garlic Butter Steak Bites with Veggies | Slow Cooker Chicken Thighs, Green Beans, and Potatoes | Greek Green Beans | Air Fryer Garlic Green Beans",large_weight_coverage_for_recipe_totals
chicken thighs,add_to_fooddb_draft,needs_review,7,6,3515.33,7,recipes_v1_1_candidate_019 | recipes_v1_1_candidate_026 | recipes_v1_1_candidate_034 | recipes_v1_1_candidate_043 | recipes_v1_1_candidate_050 | recipes_v1_1_candidate_084 | recipes_v1_1_candidate_138,"Turmeric Black Pepper Chicken with Broccoli | Hibachi Chicken and Rice Casserole | Slow Cooker Chicken and Rice | Slow Cooker Chicken Thighs, Green Beans, and Potatoes | Zucchini Chicken Rice Casserole",protein_macro_coverage_for_main_meals
parmesan cheese,add_to_fooddb_draft,needs_review,11,9,550,11,recipes_v1_1_candidate_027 | recipes_v1_1_candidate_030 | recipes_v1_1_candidate_032 | recipes_v1_1_candidate_034 | recipes_v1_1_candidate_045 | recipes_v1_1_candidate_059 | recipes_v1_1_candidate_076 | recipes_v1_1_candidate_105,Linda's Lasagna Recipe | Stuffed Eggplant | Slow Cooker Tuscan Chicken Meatballs with Gnocchi | Slow Cooker Chicken and Rice | BLT Pasta Carbonara,protein_fat_and_energy_coverage_for_dairy
chicken broth,add_to_fooddb_draft,needs_review,7,0,0,7,recipes_v1_1_candidate_007 | recipes_v1_1_candidate_008 | recipes_v1_1_candidate_043 | recipes_v1_1_candidate_068 | recipes_v1_1_candidate_073 | recipes_v1_1_candidate_087 | recipes_v1_1_candidate_131,"Spicy Sausage and Rice Casserole | White Chili with Ground Turkey | Slow Cooker Chicken Thighs, Green Beans, and Potatoes | Instant Pot Potato and Bacon Soup | Mongo Guisado (Mung Bean Soup)",secondary_macro_or_weight_coverage
cornstarch,add_to_fooddb_draft,safe_auto,10,0,0,10,recipes_v1_1_candidate_023 | recipes_v1_1_candidate_052 | recipes_v1_1_candidate_068 | recipes_v1_1_candidate_084 | recipes_v1_1_candidate_104 | recipes_v1_1_candidate_116 | recipes_v1_1_candidate_131 | recipes_v1_1_candidate_136,Beef and Broccoli Udon Noodles | Teriyaki Chicken with Mushrooms and Broccoli | Instant Pot Potato and Bacon Soup | Copycat McChicken Sandwich | Steak Fried Rice,carb_and_energy_coverage_for_complete_meals
tomato sauce,add_to_fooddb_draft,needs_review,7,0,0,7,recipes_v1_1_candidate_002 | recipes_v1_1_candidate_005 | recipes_v1_1_candidate_018 | recipes_v1_1_candidate_021 | recipes_v1_1_candidate_049 | recipes_v1_1_candidate_075 | recipes_v1_1_candidate_134,Alysia's Basic Meat Lasagna | Portuguese Cod Fish Casserole | Shrimp Marinara | Kelsey's Favorite Stuffed Green Peppers | Classic Goulash,secondary_macro_or_weight_coverage
bone in chicken pieces,needs_external_source,needs_review,2,2,2494.76,2,recipes_v1_1_candidate_051 | recipes_v1_1_candidate_144,Cabbage Borsht | Chicken Broth in a Slow Cooker,protein_macro_coverage_for_main_meals
pork neck bones,needs_external_source,needs_review,2,2,1814.37,2,recipes_v1_1_candidate_022 | recipes_v1_1_candidate_057,Grandma's Chinese Vegetable Soup | Neck Bones and Lima Beans,protein_macro_coverage_for_main_meals
pork,needs_external_source,needs_review,1,1,1133.98,1,recipes_v1_1_candidate_006,Filipino Pork Adobo,protein_macro_coverage_for_main_meals
yukon gold potatoes,needs_external_source,needs_review,1,1,1133.98,1,recipes_v1_1_candidate_042,Greek Feta and Spinach Potato Casserole,carb_and_energy_coverage_for_complete_meals
mozzarella cheese,needs_external_source,needs_review,7,2,907.18,7,recipes_v1_1_candidate_027 | recipes_v1_1_candidate_028 | recipes_v1_1_candidate_048 | recipes_v1_1_candidate_081 | recipes_v1_1_candidate_083 | recipes_v1_1_candidate_109 | recipes_v1_1_candidate_168,Linda's Lasagna Recipe | Easy Skillet Lasagna | Baked Rigatoni | Tofu and Rice Stuffed Peppers | Air Fryer Turkey Stuffed Peppers,protein_fat_and_energy_coverage_for_dairy
pork sausage,needs_external_source,needs_review,2,2,907.18,2,recipes_v1_1_candidate_143 | recipes_v1_1_candidate_160,"Sausage Pinwheels | Sausage, Egg, and Cheese Biscuit Casserole",protein_macro_coverage_for_main_meals
salted cod fish,needs_external_source,needs_review,1,1,907.18,1,recipes_v1_1_candidate_005,Portuguese Cod Fish Casserole,protein_macro_coverage_for_main_meals
spinach pasta dough,needs_external_source,needs_review,1,1,907.18,1,recipes_v1_1_candidate_105,Spinach and Ricotta Tortellini,carb_and_energy_coverage_for_complete_meals
spicy pork sausage,needs_external_source,needs_review,1,1,793.79,1,recipes_v1_1_candidate_007,Spicy Sausage and Rice Casserole,protein_macro_coverage_for_main_meals
cubed beef stew meat,needs_external_source,needs_review,1,1,680.39,1,recipes_v1_1_candidate_046,Alison's Slow Cooker Vegetable Beef Soup,protein_macro_coverage_for_main_meals
uncooked shrimp,needs_external_source,needs_review,1,1,680.39,1,recipes_v1_1_candidate_139,Sheet Pan Lemon Butter Garlic Shrimp with Asparagus,protein_macro_coverage_for_main_meals
whole wheat flour,needs_external_source,needs_review,2,2,660,2,recipes_v1_1_candidate_041 | recipes_v1_1_candidate_145,Harvest Patties | Bacon-Flavored Dog Biscuits,carb_and_energy_coverage_for_complete_meals
93 turkey,needs_external_source,needs_review,1,1,453.59,1,recipes_v1_1_candidate_033,Ground Turkey and Zucchini Skillet,protein_macro_coverage_for_main_meals
bay scallops,needs_external_source,needs_review,1,1,453.59,1,recipes_v1_1_candidate_004,Seafood Lasagna II,protein_macro_coverage_for_main_meals
beef round steak,needs_external_source,needs_review,1,1,453.59,1,recipes_v1_1_candidate_153,Asian Fire Meat,protein_macro_coverage_for_main_meals
beef stew meat,needs_external_source,needs_review,1,1,453.59,1,recipes_v1_1_candidate_135,Spicy Beef Curry Stew for the Slow Cooker,protein_macro_coverage_for_main_meals
beef top sirloin,needs_external_source,needs_review,1,1,453.59,1,recipes_v1_1_candidate_155,Korean BBQ Beef (Pul-Kogi),protein_macro_coverage_for_main_meals
brown lentils,needs_external_source,needs_review,1,1,453.59,1,recipes_v1_1_candidate_074,Adas bil Hamod (Lebanese Lentil Lemon Soup),protein_macro_coverage_for_main_meals
chicken,needs_external_source,needs_review,5,1,453.59,5,recipes_v1_1_candidate_032 | recipes_v1_1_candidate_053 | recipes_v1_1_candidate_058 | recipes_v1_1_candidate_137 | recipes_v1_1_candidate_189,Slow Cooker Tuscan Chicken Meatballs with Gnocchi | Baked Chicken and Vegetable Rice Paper Rolls | Filipino Pancit Bihon with Canton | Chicken Zoodle Soup in a Jar | Greek Chicken,protein_macro_coverage_for_main_meals
chicken adobo,needs_external_source,needs_review,1,1,453.59,1,recipes_v1_1_candidate_055,Chicken Adobo Fried Rice,protein_macro_coverage_for_main_meals
dry pinto beans,needs_external_source,needs_review,2,1,453.59,2,recipes_v1_1_candidate_065 | recipes_v1_1_candidate_085,Vegetarian Refried Beans | Refried Beans Without the Refry,protein_macro_coverage_for_main_meals
pork butt roast with bone,needs_external_source,needs_review,1,1,453.59,1,recipes_v1_1_candidate_127,Valerio's Pulled Pork Sandwich,protein_macro_coverage_for_main_meals
turkey sausage,needs_external_source,needs_review,1,1,453.59,1,recipes_v1_1_candidate_165,"Turkey Sausage, Potato, Brussels Sprouts, and Apple Hash",protein_macro_coverage_for_main_meals
vermicelli pasta,needs_external_source,needs_review,1,1,453.59,1,recipes_v1_1_candidate_076,Shrimp Vermicelli Salad,carb_and_energy_coverage_for_complete_meals
all purpose flour,needs_external_source,needs_review,6,3,450,6,recipes_v1_1_candidate_056 | recipes_v1_1_candidate_096 | recipes_v1_1_candidate_105 | recipes_v1_1_candidate_121 | recipes_v1_1_candidate_147 | recipes_v1_1_candidate_169,Braised Beef Short Ribs | Veggie Burgers | Spinach and Ricotta Tortellini | Broccoli Beef I | Creamy Morel Mushroom Soup,carb_and_energy_coverage_for_complete_meals
garbanzo beans,needs_external_source,needs_review,3,1,425.24,3,recipes_v1_1_candidate_012 | recipes_v1_1_candidate_071 | recipes_v1_1_candidate_103,Garbanzo Stir-Fry | Roasted Tomato Hummus Toast | Breadless Stuffing,protein_macro_coverage_for_main_meals
baby red potatoes,needs_external_source,needs_review,1,1,340.19,1,recipes_v1_1_candidate_194,Air Fryer Lemon-Thyme Baby Red Potatoes,carb_and_energy_coverage_for_complete_meals
cottage cheese,needs_external_source,needs_review,2,1,340.19,2,recipes_v1_1_candidate_027 | recipes_v1_1_candidate_111,Linda's Lasagna Recipe | Nut Loaf Supreme,protein_fat_and_energy_coverage_for_dairy
dry spaghetti,needs_external_source,needs_review,1,1,340.19,1,recipes_v1_1_candidate_018,Shrimp Marinara,carb_and_energy_coverage_for_complete_meals
swiss cheese,needs_external_source,needs_review,1,1,340.19,1,recipes_v1_1_candidate_111,Nut Loaf Supreme,protein_fat_and_energy_coverage_for_dairy
dry jasmine rice,needs_external_source,needs_review,1,1,277.5,1,recipes_v1_1_candidate_066,Jasmine Rice,carb_and_energy_coverage_for_complete_meals
instant rice,needs_external_source,needs_review,1,1,277.5,1,recipes_v1_1_candidate_026,Hibachi Chicken and Rice Casserole,carb_and_energy_coverage_for_complete_meals
quick cooking brown rice,needs_external_source,needs_review,1,1,277.5,1,recipes_v1_1_candidate_091,Vegetable Fried Rice,carb_and_energy_coverage_for_complete_meals
quick cooking oats,needs_external_source,needs_review,1,1,240,1,recipes_v1_1_candidate_173,Amish Baked Oatmeal,carb_and_energy_coverage_for_complete_meals
spaghetti,needs_external_source,needs_review,2,1,226.8,2,recipes_v1_1_candidate_017 | recipes_v1_1_candidate_025,Stir Fried Pasta with Veggies | 10-Minute Mushroom Carbonara,carb_and_energy_coverage_for_complete_meals
unpeeled shrimp,needs_external_source,needs_review,1,1,226.8,1,recipes_v1_1_candidate_141,Lobster Ravioli in Tomato Cream Sauce with Shrimp,protein_macro_coverage_for_main_meals
fried eggs,needs_external_source,needs_review,1,1,200,1,recipes_v1_1_candidate_165,"Turkey Sausage, Potato, Brussels Sprouts, and Apple Hash",protein_macro_coverage_for_main_meals
hard boiled eggs,needs_external_source,needs_review,1,1,200,1,recipes_v1_1_candidate_100,Easy Deviled Egg Potato Salad,protein_macro_coverage_for_main_meals
uncooked brown rice,needs_external_source,needs_review,1,1,185,1,recipes_v1_1_candidate_081,Tofu and Rice Stuffed Peppers,carb_and_energy_coverage_for_complete_meals
uncooked long grain rice,needs_external_source,needs_review,1,1,185,1,recipes_v1_1_candidate_007,Spicy Sausage and Rice Casserole,carb_and_energy_coverage_for_complete_meals
rice vinegar,needs_external_source,needs_review,4,4,152.5,4,recipes_v1_1_candidate_019 | recipes_v1_1_candidate_037 | recipes_v1_1_candidate_052 | recipes_v1_1_candidate_060,Turmeric Black Pepper Chicken with Broccoli | Asian Chicken Salad | Teriyaki Chicken with Mushrooms and Broccoli | Shrimp Pomelo Salad,carb_and_energy_coverage_for_complete_meals
freshly parmesan cheese,needs_external_source,needs_review,2,1,150,2,recipes_v1_1_candidate_048 | recipes_v1_1_candidate_168,Baked Rigatoni | Asparagus and Mushroom Frittata,protein_fat_and_energy_coverage_for_dairy
buttermilk,needs_external_source,needs_review,1,1,122.5,1,recipes_v1_1_candidate_003,Salmon Couscous Salad,protein_fat_and_energy_coverage_for_dairy
cold milk,needs_external_source,needs_review,1,1,122.5,1,recipes_v1_1_candidate_166,French Toast Waffles,protein_fat_and_energy_coverage_for_dairy
flour,needs_external_source,needs_review,2,1,120,2,recipes_v1_1_candidate_019 | recipes_v1_1_candidate_084,Turmeric Black Pepper Chicken with Broccoli | Copycat McChicken Sandwich,carb_and_energy_coverage_for_complete_meals
rolled oats,needs_external_source,needs_review,1,1,120,1,recipes_v1_1_candidate_096,Veggie Burgers,carb_and_energy_coverage_for_complete_meals
arge egg yolks,needs_external_source,needs_review,1,1,100,1,recipes_v1_1_candidate_031,Spaghetti Squash Carbonara,protein_macro_coverage_for_main_meals
rice wine vinegar,needs_external_source,needs_review,4,4,96.25,4,recipes_v1_1_candidate_001 | recipes_v1_1_candidate_026 | recipes_v1_1_candidate_077 | recipes_v1_1_candidate_078,"Pork and Pepper Stir Fry | Hibachi Chicken and Rice Casserole | Asian Pasta Salad with Beef, Broccoli and Bean Sprouts | Spicy Air Fryer Green Beans",carb_and_energy_coverage_for_complete_meals
italian seasoned panko bread crumbs,needs_external_source,needs_review,1,1,81,1,recipes_v1_1_candidate_030,Stuffed Eggplant,carb_and_energy_coverage_for_complete_meals
all purpose flour for coating,needs_external_source,needs_review,1,1,60,1,recipes_v1_1_candidate_056,Braised Beef Short Ribs,carb_and_energy_coverage_for_complete_meals
all purpose flour for dredging,needs_external_source,needs_review,1,1,60,1,recipes_v1_1_candidate_146,Margaret's Keftedes (Greek Meatballs),carb_and_energy_coverage_for_complete_meals
salmon fillets,needs_external_source,needs_review,3,1,56.7,3,recipes_v1_1_candidate_029 | recipes_v1_1_candidate_070 | recipes_v1_1_candidate_117,Air Fryer Everything-Bagel Salmon Dinner | Hot Honey Salmon Bowls | Tomato Basil Salmon,protein_macro_coverage_for_main_meals
seasoned bread crumbs,needs_external_source,needs_review,1,1,54,1,recipes_v1_1_candidate_059,Italian Meatballs on Parmesan Noodles,carb_and_energy_coverage_for_complete_meals
freshly parmesan cheese divided,needs_external_source,needs_review,1,1,50,1,recipes_v1_1_candidate_025,10-Minute Mushroom Carbonara,protein_fat_and_energy_coverage_for_dairy
bread crumbs,needs_external_source,needs_review,1,1,27,1,recipes_v1_1_candidate_032,Slow Cooker Tuscan Chicken Meatballs with Gnocchi,carb_and_energy_coverage_for_complete_meals
panko bread crumbs,needs_external_source,needs_review,1,1,27,1,recipes_v1_1_candidate_138,Air Fryer Lemon Garlic Parmesan Chicken,carb_and_energy_coverage_for_complete_meals
chinese rice vinegar,needs_external_source,needs_review,1,1,15,1,recipes_v1_1_candidate_116,"Velveting Chicken Breast, Chinese Restaurant Style",carb_and_energy_coverage_for_complete_meals
alfredo style pasta sauce,needs_external_source,needs_review,1,0,0,1,recipes_v1_1_candidate_004,Seafood Lasagna II,carb_and_energy_coverage_for_complete_meals
bacon,needs_external_source,needs_review,4,0,0,4,recipes_v1_1_candidate_020 | recipes_v1_1_candidate_043 | recipes_v1_1_candidate_068 | recipes_v1_1_candidate_161,"Thai Fried Rice | Slow Cooker Chicken Thighs, Green Beans, and Potatoes | Instant Pot Potato and Bacon Soup | Camp Breakfast",secondary_macro_or_weight_coverage
baking potato,needs_external_source,needs_review,1,0,0,1,recipes_v1_1_candidate_175,Nan's Potato and Egg Frittata,carb_and_energy_coverage_for_complete_meals
beef bouillon,needs_external_source,needs_review,1,0,0,1,recipes_v1_1_candidate_046,Alison's Slow Cooker Vegetable Beef Soup,protein_macro_coverage_for_main_meals
beef broth,needs_external_source,needs_review,4,0,0,4,recipes_v1_1_candidate_059 | recipes_v1_1_candidate_095 | recipes_v1_1_candidate_121 | recipes_v1_1_candidate_135,Italian Meatballs on Parmesan Noodles | Beef and Butternut Squash Chili | Broccoli Beef I | Spicy Beef Curry Stew for the Slow Cooker,secondary_macro_or_weight_coverage
beef ribs,needs_external_source,needs_review,1,0,0,1,recipes_v1_1_candidate_036,Prime Rib Soup,protein_macro_coverage_for_main_meals
beef stock,needs_external_source,needs_review,1,0,0,1,recipes_v1_1_candidate_036,Prime Rib Soup,secondary_macro_or_weight_coverage
black beans,needs_external_source,needs_review,4,0,0,4,recipes_v1_1_candidate_024 | recipes_v1_1_candidate_033 | recipes_v1_1_candidate_095 | recipes_v1_1_candidate_184,Vegan Bean Taco Filling | Ground Turkey and Zucchini Skillet | Beef and Butternut Squash Chili | Easy Black Bean Hummus,protein_macro_coverage_for_main_meals
butter beans,needs_external_source,needs_review,1,0,0,1,recipes_v1_1_candidate_182,Air Fryer Puffed Butter Beans,protein_macro_coverage_for_main_meals
butternut squash,needs_external_source,needs_review,2,0,0,2,recipes_v1_1_candidate_041 | recipes_v1_1_candidate_095,Harvest Patties | Beef and Butternut Squash Chili,fat_and_energy_coverage_for_oils_or_butter
cabbage,needs_external_source,needs_review,4,0,0,4,recipes_v1_1_candidate_053 | recipes_v1_1_candidate_094 | recipes_v1_1_candidate_106 | recipes_v1_1_candidate_131,Baked Chicken and Vegetable Rice Paper Rolls | Sweet and Sour Stuffed Cabbage | Cabbage Fried Rice | Garlic Chicken Stir Fry,secondary_macro_or_weight_coverage
canned garbanzo beans,needs_external_source,needs_review,1,0,0,1,recipes_v1_1_candidate_181,Hummus III,protein_macro_coverage_for_main_meals
canned lentils,needs_external_source,needs_review,1,0,0,1,recipes_v1_1_candidate_040,Quinoa Chard Pilaf,protein_macro_coverage_for_main_meals
cannellini beans,needs_external_source,needs_review,1,0,0,1,recipes_v1_1_candidate_008,White Chili with Ground Turkey,protein_macro_coverage_for_main_meals
canola oil,needs_external_source,needs_review,2,0,0,2,recipes_v1_1_candidate_014 | recipes_v1_1_candidate_064,Korean Fried Pork With Stir-Fried Celery | Sweet and Spicy Green Beans,fat_and_energy_coverage_for_oils_or_butter
cheddar cheese,needs_external_source,needs_review,5,0,0,5,recipes_v1_1_candidate_013 | recipes_v1_1_candidate_096 | recipes_v1_1_candidate_159 | recipes_v1_1_candidate_160 | recipes_v1_1_candidate_172,"Ground Beef Casserole with Rice | Veggie Burgers | Egg Scramble | Sausage, Egg, and Cheese Biscuit Casserole | Potato and Cheese Frittata",protein_fat_and_energy_coverage_for_dairy
cheese flavored crackers,needs_external_source,needs_review,1,0,0,1,recipes_v1_1_candidate_132,Amy's Delicious Turkey Burgers,protein_fat_and_energy_coverage_for_dairy
cheese ravioli,needs_external_source,needs_review,1,0,0,1,recipes_v1_1_candidate_109,Randy's Slow Cooker Ravioli Lasagna,protein_fat_and_energy_coverage_for_dairy
chicken bouillon,needs_external_source,needs_review,3,0,0,3,recipes_v1_1_candidate_102 | recipes_v1_1_candidate_103 | recipes_v1_1_candidate_120,Navy Bean Soup | Breadless Stuffing | Super Easy Chicken Noodle Soup,protein_macro_coverage_for_main_meals
chicken bouillon granules,needs_external_source,needs_review,1,0,0,1,recipes_v1_1_candidate_200,Broccoli and Carrot Stir Fry,protein_macro_coverage_for_main_meals
chicken breast halves,needs_external_source,needs_review,1,0,0,1,recipes_v1_1_candidate_044,Easy Chicken and Dumplings with Vegetables,protein_macro_coverage_for_main_meals
chicken breast halves cut into bite size pieces,needs_external_source,needs_review,1,0,0,1,recipes_v1_1_candidate_017,Stir Fried Pasta with Veggies,protein_macro_coverage_for_main_meals
chicken breast halves pounded to 1 4 inch thickness,needs_external_source,needs_review,1,0,0,1,recipes_v1_1_candidate_122,Gourmet Chicken Sandwich,protein_macro_coverage_for_main_meals
chicken flavored ramen noodles,needs_external_source,needs_review,1,0,0,1,recipes_v1_1_candidate_010,Angela's Asian-Inspired Chicken Noodle Soup,protein_macro_coverage_for_main_meals
chicken soup base,needs_external_source,needs_review,1,0,0,1,recipes_v1_1_candidate_147,Creamy Morel Mushroom Soup,protein_macro_coverage_for_main_meals
chicken stock,needs_external_source,needs_review,1,0,0,1,recipes_v1_1_candidate_086,One Pot Turmeric Chicken and Rice,secondary_macro_or_weight_coverage
chicken stock base,needs_external_source,needs_review,1,0,0,1,recipes_v1_1_candidate_137,Chicken Zoodle Soup in a Jar,secondary_macro_or_weight_coverage
chickpeas,needs_external_source,needs_review,2,0,0,2,recipes_v1_1_candidate_088 | recipes_v1_1_candidate_183,African Chicken Stew | Roasted Salt & Vinegar Chickpeas,protein_macro_coverage_for_main_meals
chickpeas beans,needs_external_source,needs_review,1,0,0,1,recipes_v1_1_candidate_178,Garlic Hummus,protein_macro_coverage_for_main_meals
chili beans,needs_external_source,needs_review,1,0,0,1,recipes_v1_1_candidate_097,Granny's Easy Chili,protein_macro_coverage_for_main_meals
coconut milk,needs_external_source,needs_review,1,0,0,1,recipes_v1_1_candidate_082,Vegetable Curry with Coconut Milk,protein_fat_and_energy_coverage_for_dairy
corn flour,needs_external_source,needs_review,1,0,0,1,recipes_v1_1_candidate_101,Simple Hot and Sour Soup,carb_and_energy_coverage_for_complete_meals
corn kernels,needs_external_source,needs_review,1,0,0,1,recipes_v1_1_candidate_110,Cold Rice Salad,carb_and_energy_coverage_for_complete_meals
crumbled feta cheese,needs_external_source,needs_review,1,0,0,1,recipes_v1_1_candidate_163,My Big Fat Greek Omelet,protein_fat_and_energy_coverage_for_dairy
egg noodles,needs_external_source,needs_review,1,0,0,1,recipes_v1_1_candidate_120,Super Easy Chicken Noodle Soup,protein_macro_coverage_for_main_meals
feta cheese,needs_external_source,needs_review,1,0,0,1,recipes_v1_1_candidate_050,Zucchini Chicken Rice Casserole,protein_fat_and_energy_coverage_for_dairy
finely mozzarella cheese,needs_external_source,needs_review,1,0,0,1,recipes_v1_1_candidate_021,Kelsey's Favorite Stuffed Green Peppers,protein_fat_and_energy_coverage_for_dairy
firm tofu,needs_external_source,needs_review,1,0,0,1,recipes_v1_1_candidate_081,Tofu and Rice Stuffed Peppers,protein_macro_coverage_for_main_meals
fish sauce,needs_external_source,needs_review,1,0,0,1,recipes_v1_1_candidate_086,One Pot Turmeric Chicken and Rice,protein_macro_coverage_for_main_meals
flour tortillas,needs_external_source,needs_review,1,0,0,1,recipes_v1_1_candidate_123,Blackened Shrimp Tacos,carb_and_energy_coverage_for_complete_meals
fluid ounces chicken stock,needs_external_source,needs_review,1,0,0,1,recipes_v1_1_candidate_101,Simple Hot and Sour Soup,secondary_macro_or_weight_coverage
gluten free chicken broth,needs_external_source,needs_review,1,0,0,1,recipes_v1_1_candidate_092,Thanksgiving Gluten-Free Stuffing,secondary_macro_or_weight_coverage
green bell pepper,needs_external_source,needs_review,5,0,0,5,recipes_v1_1_candidate_007 | recipes_v1_1_candidate_013 | recipes_v1_1_candidate_039 | recipes_v1_1_candidate_091 | recipes_v1_1_candidate_107,Spicy Sausage and Rice Casserole | Ground Beef Casserole with Rice | Black-Eyed Peas and Rice | Vegetable Fried Rice | American Potato Salad,secondary_macro_or_weight_coverage
heavy cream,needs_external_source,needs_review,1,0,0,1,recipes_v1_1_candidate_147,Creamy Morel Mushroom Soup,protein_fat_and_energy_coverage_for_dairy
italian cheese blend,needs_external_source,needs_review,1,0,0,1,recipes_v1_1_candidate_004,Seafood Lasagna II,protein_fat_and_energy_coverage_for_dairy
ketchup,needs_external_source,needs_review,7,0,0,7,recipes_v1_1_candidate_006 | recipes_v1_1_candidate_020 | recipes_v1_1_candidate_083 | recipes_v1_1_candidate_090 | recipes_v1_1_candidate_094 | recipes_v1_1_candidate_152 | recipes_v1_1_candidate_154,Filipino Pork Adobo | Thai Fried Rice | Air Fryer Turkey Stuffed Peppers | BBQ Meatballs | Sweet and Sour Stuffed Cabbage,secondary_macro_or_weight_coverage
lasagna noodles,needs_external_source,needs_review,2,0,0,2,recipes_v1_1_candidate_004 | recipes_v1_1_candidate_027,Seafood Lasagna II | Linda's Lasagna Recipe,carb_and_energy_coverage_for_complete_meals
lemon juice,needs_external_source,needs_review,8,0,0,8,recipes_v1_1_candidate_050 | recipes_v1_1_candidate_071 | recipes_v1_1_candidate_074 | recipes_v1_1_candidate_139 | recipes_v1_1_candidate_180 | recipes_v1_1_candidate_181 | recipes_v1_1_candidate_184 | recipes_v1_1_candidate_185,Zucchini Chicken Rice Casserole | Roasted Tomato Hummus Toast | Adas bil Hamod (Lebanese Lentil Lemon Soup) | Sheet Pan Lemon Butter Garlic Shrimp with Asparagus | Pistachio Hummus,secondary_macro_or_weight_coverage
linguine pasta,needs_external_source,needs_review,1,0,0,1,recipes_v1_1_candidate_087,Shrimp Lemon Pepper Linguini,carb_and_energy_coverage_for_complete_meals
loaf crusty french bread,needs_external_source,needs_review,1,0,0,1,recipes_v1_1_candidate_164,Easy French Toast Casserole,carb_and_energy_coverage_for_complete_meals
loaf focaccia bread,needs_external_source,needs_review,1,0,0,1,recipes_v1_1_candidate_011,Grilled Mediterranean Vegetable Sandwich,carb_and_energy_coverage_for_complete_meals
loaf gluten free bread,needs_external_source,needs_review,1,0,0,1,recipes_v1_1_candidate_092,Thanksgiving Gluten-Free Stuffing,carb_and_energy_coverage_for_complete_meals
loaf italian bread,needs_external_source,needs_review,1,0,0,1,recipes_v1_1_candidate_199,Mid-Summer Italian Bread Salad,carb_and_energy_coverage_for_complete_meals
low sodium chicken broth,needs_external_source,needs_review,1,0,0,1,recipes_v1_1_candidate_026,Hibachi Chicken and Rice Casserole,secondary_macro_or_weight_coverage
mafalda noodles,needs_external_source,needs_review,1,0,0,1,recipes_v1_1_candidate_028,Easy Skillet Lasagna,carb_and_energy_coverage_for_complete_meals
mashed potatoes,needs_external_source,needs_review,1,0,0,1,recipes_v1_1_candidate_171,Homemade Hash Browns,carb_and_energy_coverage_for_complete_meals
monterey jack cheese,needs_external_source,needs_review,1,0,0,1,recipes_v1_1_candidate_008,White Chili with Ground Turkey,protein_fat_and_energy_coverage_for_dairy
navy beans,needs_external_source,needs_review,1,0,0,1,recipes_v1_1_candidate_102,Navy Bean Soup,protein_macro_coverage_for_main_meals
oil for deep frying,needs_external_source,needs_review,1,0,0,1,recipes_v1_1_candidate_179,Fried Cauliflower,fat_and_energy_coverage_for_oils_or_butter
oil for frying,needs_external_source,needs_review,1,0,0,1,recipes_v1_1_candidate_084,Copycat McChicken Sandwich,fat_and_energy_coverage_for_oils_or_butter
ounces mung beans,needs_external_source,needs_review,1,0,0,1,recipes_v1_1_candidate_073,Mongo Guisado (Mung Bean Soup),protein_macro_coverage_for_main_meals
parmigiano reggiano cheese,needs_external_source,needs_review,2,0,0,2,recipes_v1_1_candidate_031 | recipes_v1_1_candidate_061,Spaghetti Squash Carbonara | Zoodles alla Carbonara,protein_fat_and_energy_coverage_for_dairy
peas,needs_external_source,needs_review,4,0,0,4,recipes_v1_1_candidate_104 | recipes_v1_1_candidate_110 | recipes_v1_1_candidate_136 | recipes_v1_1_candidate_157,Steak Fried Rice | Cold Rice Salad | Chinese Shrimp and Tofu Soup | Crab Omelet,secondary_macro_or_weight_coverage
pecorino romano cheese,needs_external_source,needs_review,1,0,0,1,recipes_v1_1_candidate_031,Spaghetti Squash Carbonara,protein_fat_and_energy_coverage_for_dairy
pinto beans,needs_external_source,needs_review,1,0,0,1,recipes_v1_1_candidate_080,Mexican Rice and Beans,protein_macro_coverage_for_main_meals
prepared pasta sauce,needs_external_source,needs_review,1,0,0,1,recipes_v1_1_candidate_109,Randy's Slow Cooker Ravioli Lasagna,carb_and_energy_coverage_for_complete_meals
provolone cheese,needs_external_source,needs_review,1,0,0,1,recipes_v1_1_candidate_050,Zucchini Chicken Rice Casserole,protein_fat_and_energy_coverage_for_dairy
quart chicken stock,needs_external_source,needs_review,1,0,0,1,recipes_v1_1_candidate_136,Chinese Shrimp and Tofu Soup,secondary_macro_or_weight_coverage
red bell pepper,needs_external_source,needs_review,5,0,0,5,recipes_v1_1_candidate_007 | recipes_v1_1_candidate_057 | recipes_v1_1_candidate_131 | recipes_v1_1_candidate_157 | recipes_v1_1_candidate_195,Spicy Sausage and Rice Casserole | Neck Bones and Lima Beans | Garlic Chicken Stir Fry | Crab Omelet | Chef John's Jollof Rice,secondary_macro_or_weight_coverage
red lentils,needs_external_source,needs_review,1,0,0,1,recipes_v1_1_candidate_099,Spicy Indian Dahl,protein_macro_coverage_for_main_meals
red pepper,needs_external_source,needs_review,4,0,0,4,recipes_v1_1_candidate_018 | recipes_v1_1_candidate_050 | recipes_v1_1_candidate_138 | recipes_v1_1_candidate_152,Shrimp Marinara | Zucchini Chicken Rice Casserole | Air Fryer Lemon Garlic Parmesan Chicken | Szechwan Shrimp,secondary_macro_or_weight_coverage
reduced sodium chicken broth,needs_external_source,needs_review,2,0,0,2,recipes_v1_1_candidate_034 | recipes_v1_1_candidate_050,Slow Cooker Chicken and Rice | Zucchini Chicken Rice Casserole,secondary_macro_or_weight_coverage
rice paper wrappers,needs_external_source,needs_review,1,0,0,1,recipes_v1_1_candidate_053,Baked Chicken and Vegetable Rice Paper Rolls,carb_and_energy_coverage_for_complete_meals
rice vermicelli,needs_external_source,needs_review,1,0,0,1,recipes_v1_1_candidate_069,Vietnamese Salad Rolls,carb_and_energy_coverage_for_complete_meals
rice wine,needs_external_source,needs_review,2,0,0,2,recipes_v1_1_candidate_014 | recipes_v1_1_candidate_155,Korean Fried Pork With Stir-Fried Celery | Korean BBQ Beef (Pul-Kogi),carb_and_energy_coverage_for_complete_meals
rice wrappers,needs_external_source,needs_review,1,0,0,1,recipes_v1_1_candidate_069,Vietnamese Salad Rolls,carb_and_energy_coverage_for_complete_meals
rigatoni pasta,needs_external_source,needs_review,1,0,0,1,recipes_v1_1_candidate_048,Baked Rigatoni,carb_and_energy_coverage_for_complete_meals
russet potatoes,needs_external_source,needs_review,3,0,0,3,recipes_v1_1_candidate_156 | recipes_v1_1_candidate_165 | recipes_v1_1_candidate_172,"Potato Leek Latkes | Turkey Sausage, Potato, Brussels Sprouts, and Apple Hash | Potato and Cheese Frittata",carb_and_energy_coverage_for_complete_meals
sausage flavored spaghetti sauce,needs_external_source,needs_review,1,0,0,1,recipes_v1_1_candidate_002,Alysia's Basic Meat Lasagna,carb_and_energy_coverage_for_complete_meals
silken tofu,needs_external_source,needs_review,1,0,0,1,recipes_v1_1_candidate_101,Simple Hot and Sour Soup,protein_macro_coverage_for_main_meals
sourdough bread,needs_external_source,needs_review,1,0,0,1,recipes_v1_1_candidate_071,Roasted Tomato Hummus Toast,carb_and_energy_coverage_for_complete_meals
spaghetti sauce,needs_external_source,needs_review,1,0,0,1,recipes_v1_1_candidate_028,Easy Skillet Lasagna,carb_and_energy_coverage_for_complete_meals
spaghetti squash,needs_external_source,needs_review,1,0,0,1,recipes_v1_1_candidate_031,Spaghetti Squash Carbonara,carb_and_energy_coverage_for_complete_meals
tilapia filets,needs_external_source,needs_review,1,0,0,1,recipes_v1_1_candidate_016,Sheet Pan Tilapia and Potatoes,protein_macro_coverage_for_main_meals
tortilla,needs_external_source,needs_review,1,0,0,1,recipes_v1_1_candidate_170,Easy Breakfast Tortilla Pizza,carb_and_energy_coverage_for_complete_meals
tortilla chips,needs_external_source,needs_review,1,0,0,1,recipes_v1_1_candidate_090,BBQ Meatballs,carb_and_energy_coverage_for_complete_meals
turkey carcass,needs_external_source,needs_review,1,0,0,1,recipes_v1_1_candidate_038,Classic Turkey and Rice Soup,protein_macro_coverage_for_main_meals
uncooked quinoa,needs_external_source,needs_review,1,0,0,1,recipes_v1_1_candidate_040,Quinoa Chard Pilaf,carb_and_energy_coverage_for_complete_meals
unsalted natural style peanut butter,needs_external_source,needs_review,1,0,0,1,recipes_v1_1_candidate_088,African Chicken Stew,fat_and_energy_coverage_for_oils_or_butter
vegetable oil for frying,needs_external_source,needs_review,1,0,0,1,recipes_v1_1_candidate_146,Margaret's Keftedes (Greek Meatballs),fat_and_energy_coverage_for_oils_or_butter
white bread,needs_external_source,needs_review,2,0,0,2,recipes_v1_1_candidate_154 | recipes_v1_1_candidate_167,Mary's Meatloaf | Cinnamon and Sugar French Waffle Toast,carb_and_energy_coverage_for_complete_meals
white potatoes,needs_external_source,needs_review,1,0,0,1,recipes_v1_1_candidate_161,Camp Breakfast,carb_and_energy_coverage_for_complete_meals
whole beef tenderloin,needs_external_source,needs_review,1,0,0,1,recipes_v1_1_candidate_119,Grilled Beef Tenderloin with Herb-Garlic-Pepper Coating,protein_macro_coverage_for_main_meals
whole chicken,needs_external_source,needs_review,1,0,0,1,recipes_v1_1_candidate_035,Homemade Roasted Chicken Noodle Soup,protein_macro_coverage_for_main_meals
yellow potatoes,needs_external_source,needs_review,1,0,0,1,recipes_v1_1_candidate_041,Harvest Patties,carb_and_energy_coverage_for_complete_meals
zucchini,needs_external_source,needs_review,8,0,0,8,recipes_v1_1_candidate_012 | recipes_v1_1_candidate_026 | recipes_v1_1_candidate_033 | recipes_v1_1_candidate_050 | recipes_v1_1_candidate_061 | recipes_v1_1_candidate_096 | recipes_v1_1_candidate_137 | recipes_v1_1_candidate_158,Garbanzo Stir-Fry | Hibachi Chicken and Rice Casserole | Ground Turkey and Zucchini Skillet | Zucchini Chicken Rice Casserole | Zoodles alla Carbonara,secondary_macro_or_weight_coverage
water,keep_unmapped,safe_auto,55,54,33695,53,recipes_v1_1_candidate_010 | recipes_v1_1_candidate_019 | recipes_v1_1_candidate_021 | recipes_v1_1_candidate_022 | recipes_v1_1_candidate_027 | recipes_v1_1_candidate_031 | recipes_v1_1_candidate_039 | recipes_v1_1_candidate_042,Angela's Asian-Inspired Chicken Noodle Soup | Turmeric Black Pepper Chicken with Broccoli | Kelsey's Favorite Stuffed Green Peppers | Grandma's Chinese Vegetable Soup | Linda's Lasagna Recipe,large_weight_coverage_for_recipe_totals
beef short ribs,keep_unmapped,needs_review,1,1,1814.37,1,recipes_v1_1_candidate_056,Braised Beef Short Ribs,protein_macro_coverage_for_main_meals
pork shoulder,keep_unmapped,needs_review,1,1,1814.37,1,recipes_v1_1_candidate_113,Campfire Carnitas,protein_macro_coverage_for_main_meals
mayonnaise,keep_unmapped,needs_review,13,1,850.49,13,recipes_v1_1_candidate_003 | recipes_v1_1_candidate_011 | recipes_v1_1_candidate_029 | recipes_v1_1_candidate_076 | recipes_v1_1_candidate_077 | recipes_v1_1_candidate_084 | recipes_v1_1_candidate_089 | recipes_v1_1_candidate_100,"Salmon Couscous Salad | Grilled Mediterranean Vegetable Sandwich | Air Fryer Everything-Bagel Salmon Dinner | Shrimp Vermicelli Salad | Asian Pasta Salad with Beef, Broccoli and Bean Sprouts",large_weight_coverage_for_recipe_totals
asparagus,keep_unmapped,needs_review,2,2,680.39,2,recipes_v1_1_candidate_139 | recipes_v1_1_candidate_168,Sheet Pan Lemon Butter Garlic Shrimp with Asparagus | Asparagus and Mushroom Frittata,large_weight_coverage_for_recipe_totals
flank steak,keep_unmapped,needs_review,3,2,680.39,3,recipes_v1_1_candidate_023 | recipes_v1_1_candidate_104 | recipes_v1_1_candidate_118,Beef and Broccoli Udon Noodles | Steak Fried Rice | Korean Sweet Potato Noodles (Japchae),large_weight_coverage_for_recipe_totals
pork loin,keep_unmapped,needs_review,2,2,566.99,2,recipes_v1_1_candidate_014 | recipes_v1_1_candidate_073,Korean Fried Pork With Stir-Fried Celery | Mongo Guisado (Mung Bean Soup),protein_macro_coverage_for_main_meals
basmati rice,keep_unmapped,needs_review,2,2,555,2,recipes_v1_1_candidate_080 | recipes_v1_1_candidate_191,Mexican Rice and Beans | Swamp Rice,carb_and_energy_coverage_for_complete_meals
20 fat or higher preferred,keep_unmapped,needs_review,1,1,453.59,1,recipes_v1_1_candidate_090,BBQ Meatballs,secondary_macro_or_weight_coverage
beef flank steak,keep_unmapped,needs_review,1,1,453.59,1,recipes_v1_1_candidate_142,"Super-Simple, Super-Spicy Mongolian Beef",protein_macro_coverage_for_main_meals
chicken meat,keep_unmapped,needs_review,1,1,453.59,1,recipes_v1_1_candidate_120,Super Easy Chicken Noodle Soup,protein_macro_coverage_for_main_meals
and pork cut into 1 4 inch strips,keep_unmapped,needs_review,1,1,340.19,1,recipes_v1_1_candidate_130,Easy Moo Shu Pork,protein_macro_coverage_for_main_meals
wild rice,keep_unmapped,needs_review,1,1,277.5,1,recipes_v1_1_candidate_111,Nut Loaf Supreme,carb_and_energy_coverage_for_complete_meals
broccoli,keep_unmapped,needs_review,5,1,226.8,5,recipes_v1_1_candidate_019 | recipes_v1_1_candidate_026 | recipes_v1_1_candidate_082 | recipes_v1_1_candidate_110 | recipes_v1_1_candidate_121,Turmeric Black Pepper Chicken with Broccoli | Hibachi Chicken and Rice Casserole | Vegetable Curry with Coconut Milk | Cold Rice Salad | Broccoli Beef I,secondary_macro_or_weight_coverage
brussels sprouts,keep_unmapped,needs_review,1,1,226.8,1,recipes_v1_1_candidate_165,"Turkey Sausage, Potato, Brussels Sprouts, and Apple Hash",secondary_macro_or_weight_coverage
pancetta,keep_unmapped,needs_review,1,1,226.8,1,recipes_v1_1_candidate_031,Spaghetti Squash Carbonara,secondary_macro_or_weight_coverage
spinach,keep_unmapped,needs_review,5,1,226.8,5,recipes_v1_1_candidate_042 | recipes_v1_1_candidate_098 | recipes_v1_1_candidate_105 | recipes_v1_1_candidate_151 | recipes_v1_1_candidate_159,Greek Feta and Spinach Potato Casserole | Indian Sweet Potato and Lentil Soup | Spinach and Ricotta Tortellini | Low-Carb Meatloaf | Egg Scramble,secondary_macro_or_weight_coverage
tofu,keep_unmapped,needs_review,2,1,226.8,2,recipes_v1_1_candidate_114 | recipes_v1_1_candidate_136,Fried Rice with Tofu | Chinese Shrimp and Tofu Soup,secondary_macro_or_weight_coverage
shelled and deveined,keep_unmapped,needs_review,1,1,170.1,1,recipes_v1_1_candidate_136,Chinese Shrimp and Tofu Soup,secondary_macro_or_weight_coverage
and deveined prawns,keep_unmapped,needs_review,1,1,113.4,1,recipes_v1_1_candidate_073,Mongo Guisado (Mung Bean Soup),secondary_macro_or_weight_coverage
egg yolk,keep_unmapped,needs_review,2,2,100,2,recipes_v1_1_candidate_045 | recipes_v1_1_candidate_061,BLT Pasta Carbonara | Zoodles alla Carbonara,protein_macro_coverage_for_main_meals
eggplant,keep_unmapped,needs_review,2,2,100,2,recipes_v1_1_candidate_011 | recipes_v1_1_candidate_030,Grilled Mediterranean Vegetable Sandwich | Stuffed Eggplant,protein_macro_coverage_for_main_meals
quinoa or rice,keep_unmapped,needs_review,1,1,92.5,1,recipes_v1_1_candidate_070,Hot Honey Salmon Bowls,carb_and_energy_coverage_for_complete_meals
light soy sauce,keep_unmapped,needs_review,2,2,80,2,recipes_v1_1_candidate_020 | recipes_v1_1_candidate_063,Thai Fried Rice | Dad's Pan-Fried Green Beans,secondary_macro_or_weight_coverage
garlic cloves,keep_unmapped,needs_review,5,5,75,5,recipes_v1_1_candidate_077 | recipes_v1_1_candidate_083 | recipes_v1_1_candidate_108 | recipes_v1_1_candidate_113 | recipes_v1_1_candidate_119,"Asian Pasta Salad with Beef, Broccoli and Bean Sprouts | Air Fryer Turkey Stuffed Peppers | Steak and Broccoli Stir Fry | Campfire Carnitas | Grilled Beef Tenderloin with Herb-Garlic-Pepper Coating",secondary_macro_or_weight_coverage
virgin olive oil,keep_unmapped,needs_review,2,2,67.5,2,recipes_v1_1_candidate_018 | recipes_v1_1_candidate_093,Shrimp Marinara | Savory Vegetarian Quinoa,fat_and_energy_coverage_for_oils_or_butter
balsamic vinegar,keep_unmapped,needs_review,3,3,60,3,recipes_v1_1_candidate_018 | recipes_v1_1_candidate_063 | recipes_v1_1_candidate_199,Shrimp Marinara | Dad's Pan-Fried Green Beans | Mid-Summer Italian Bread Salad,secondary_macro_or_weight_coverage
or,keep_unmapped,needs_review,2,1,56.7,1,recipes_v1_1_candidate_061,Zoodles alla Carbonara,secondary_macro_or_weight_coverage
olive oil,keep_unmapped,needs_review,1,1,54,1,recipes_v1_1_candidate_199,Mid-Summer Italian Bread Salad,fat_and_energy_coverage_for_oils_or_butter
egg white,keep_unmapped,needs_review,1,1,50,1,recipes_v1_1_candidate_116,"Velveting Chicken Breast, Chinese Restaurant Style",protein_macro_coverage_for_main_meals
shiitake mushrooms,keep_unmapped,needs_review,1,1,49.61,1,recipes_v1_1_candidate_101,Simple Hot and Sour Soup,secondary_macro_or_weight_coverage
soy sauce,keep_unmapped,needs_review,1,1,48,1,recipes_v1_1_candidate_114,Fried Rice with Tofu,secondary_macro_or_weight_coverage
sugar,keep_unmapped,needs_review,4,4,37.6,4,recipes_v1_1_candidate_047 | recipes_v1_1_candidate_075 | recipes_v1_1_candidate_077 | recipes_v1_1_candidate_126,"Greek Green Beans | Mom's Goulash in the Microwave | Asian Pasta Salad with Beef, Broccoli and Bean Sprouts | Beefy Chinese Dumplings",secondary_macro_or_weight_coverage
seasoned salt,keep_unmapped,needs_review,4,4,31.5,4,recipes_v1_1_candidate_049 | recipes_v1_1_candidate_057 | recipes_v1_1_candidate_062 | recipes_v1_1_candidate_089,Classic Goulash | Neck Bones and Lima Beans | Air Fryer Garlic Green Beans | Filipino Chicken Salad,secondary_macro_or_weight_coverage
salt,keep_unmapped,needs_review,23,3,16.5,23,recipes_v1_1_candidate_017 | recipes_v1_1_candidate_021 | recipes_v1_1_candidate_022 | recipes_v1_1_candidate_031 | recipes_v1_1_candidate_047 | recipes_v1_1_candidate_065 | recipes_v1_1_candidate_066 | recipes_v1_1_candidate_074,Stir Fried Pasta with Veggies | Kelsey's Favorite Stuffed Green Peppers | Grandma's Chinese Vegetable Soup | Spaghetti Squash Carbonara | Greek Green Beans,secondary_macro_or_weight_coverage
salt free seasoning,keep_unmapped,needs_review,1,1,6,1,recipes_v1_1_candidate_187,Homemade Turkey Sausage Patties,secondary_macro_or_weight_coverage
sea salt,keep_unmapped,needs_review,1,1,3,1,recipes_v1_1_candidate_178,Garlic Hummus,secondary_macro_or_weight_coverage
black pepper,keep_unmapped,needs_review,16,0,0,16,recipes_v1_1_candidate_003 | recipes_v1_1_candidate_012 | recipes_v1_1_candidate_017 | recipes_v1_1_candidate_021 | recipes_v1_1_candidate_081 | recipes_v1_1_candidate_092 | recipes_v1_1_candidate_105 | recipes_v1_1_candidate_122,Salmon Couscous Salad | Garbanzo Stir-Fry | Stir Fried Pasta with Veggies | Kelsey's Favorite Stuffed Green Peppers | Tofu and Rice Stuffed Peppers,secondary_macro_or_weight_coverage
mild italian sausage links,keep_review,needs_review,1,1,907.18,1,recipes_v1_1_candidate_048,Baked Rigatoni,large_weight_coverage_for_recipe_totals
tomatillos,keep_review,needs_review,1,1,907.18,1,recipes_v1_1_candidate_124,Fish Tacos al Pastor,large_weight_coverage_for_recipe_totals
ham,keep_review,needs_review,4,3,510.3,4,recipes_v1_1_candidate_039 | recipes_v1_1_candidate_054 | recipes_v1_1_candidate_101 | recipes_v1_1_candidate_102,Black-Eyed Peas and Rice | Dad's Lima Bean Soup with Ham Bone | Simple Hot and Sour Soup | Navy Bean Soup,large_weight_coverage_for_recipe_totals
baby portobello mushrooms,keep_review,needs_review,1,1,453.59,1,recipes_v1_1_candidate_004,Seafood Lasagna II,secondary_macro_or_weight_coverage
broccoli florets,keep_review,needs_review,5,1,453.59,5,recipes_v1_1_candidate_017 | recipes_v1_1_candidate_029 | recipes_v1_1_candidate_052 | recipes_v1_1_candidate_108 | recipes_v1_1_candidate_200,Stir Fried Pasta with Veggies | Air Fryer Everything-Bagel Salmon Dinner | Teriyaki Chicken with Mushrooms and Broccoli | Steak and Broccoli Stir Fry | Broccoli and Carrot Stir Fry,secondary_macro_or_weight_coverage
imitation crabmeat,keep_review,needs_review,1,1,453.59,1,recipes_v1_1_candidate_004,Seafood Lasagna II,secondary_macro_or_weight_coverage
ribeye steak,keep_review,needs_review,1,1,453.59,1,recipes_v1_1_candidate_108,Steak and Broccoli Stir Fry,secondary_macro_or_weight_coverage
round steak,keep_review,needs_review,1,1,453.59,1,recipes_v1_1_candidate_121,Broccoli Beef I,secondary_macro_or_weight_coverage
sirloin steak,keep_review,needs_review,1,1,453.59,1,recipes_v1_1_candidate_015,Sheet Pan Garlic Butter Steak Bites with Veggies,secondary_macro_or_weight_coverage
whole wheat elbow macaroni,keep_review,needs_review,1,1,382.72,1,recipes_v1_1_candidate_045,BLT Pasta Carbonara,secondary_macro_or_weight_coverage
cold water,keep_review,needs_review,1,1,240,1,recipes_v1_1_candidate_035,Homemade Roasted Chicken Noodle Soup,secondary_macro_or_weight_coverage
cut into 1 2 inch pieces,keep_review,needs_review,1,1,226.8,1,recipes_v1_1_candidate_045,BLT Pasta Carbonara,secondary_macro_or_weight_coverage
guacamole,keep_review,needs_review,1,1,226.8,1,recipes_v1_1_candidate_123,Blackened Shrimp Tacos,secondary_macro_or_weight_coverage
lamb,keep_review,needs_review,1,1,226.8,1,recipes_v1_1_candidate_146,Margaret's Keftedes (Greek Meatballs),secondary_macro_or_weight_coverage
morel mushrooms,keep_review,needs_review,1,1,226.8,1,recipes_v1_1_candidate_147,Creamy Morel Mushroom Soup,secondary_macro_or_weight_coverage
spinach leaves,keep_review,needs_review,1,1,226.8,1,recipes_v1_1_candidate_073,Mongo Guisado (Mung Bean Soup),secondary_macro_or_weight_coverage
sweet italian sausage,keep_review,needs_review,1,1,226.8,1,recipes_v1_1_candidate_030,Stuffed Eggplant,secondary_macro_or_weight_coverage
textured vegetable protein,keep_review,needs_review,1,1,226.8,1,recipes_v1_1_candidate_097,Granny's Easy Chili,secondary_macro_or_weight_coverage
feta,keep_review,needs_review,2,1,170.1,2,recipes_v1_1_candidate_042 | recipes_v1_1_candidate_140,Greek Feta and Spinach Potato Casserole | Hot Honey Feta Chicken Skewers,secondary_macro_or_weight_coverage
white onion,keep_review,needs_review,2,2,165,2,recipes_v1_1_candidate_113 | recipes_v1_1_candidate_140,Campfire Carnitas | Hot Honey Feta Chicken Skewers,secondary_macro_or_weight_coverage
limes,keep_review,needs_review,1,1,134,1,recipes_v1_1_candidate_123,Blackened Shrimp Tacos,secondary_macro_or_weight_coverage
lemons,keep_review,needs_review,1,1,116,1,recipes_v1_1_candidate_189,Greek Chicken,secondary_macro_or_weight_coverage
crabmeat,keep_review,needs_review,1,1,113.4,1,recipes_v1_1_candidate_157,Crab Omelet,secondary_macro_or_weight_coverage
green onion,keep_review,needs_review,1,1,110,1,recipes_v1_1_candidate_106,Cabbage Fried Rice,secondary_macro_or_weight_coverage
red wine vinegar,keep_review,needs_review,3,3,105,3,recipes_v1_1_candidate_129 | recipes_v1_1_candidate_148 | recipes_v1_1_candidate_198,Garlic Butter Steak Bites With Mushrooms | Chimichurri Shrimp | Roasted Sweet Potato and Kale Salad,secondary_macro_or_weight_coverage
low sodium soy sauce,keep_review,needs_review,1,1,96,1,recipes_v1_1_candidate_026,Hibachi Chicken and Rice Casserole,secondary_macro_or_weight_coverage
sweet yellow onion,keep_review,needs_review,1,1,70,1,recipes_v1_1_candidate_111,Nut Loaf Supreme,secondary_macro_or_weight_coverage
lime,keep_review,needs_review,1,1,67,1,recipes_v1_1_candidate_060,Shrimp Pomelo Salad,secondary_macro_or_weight_coverage
cloud ear mushrooms,keep_review,needs_review,1,1,28.35,1,recipes_v1_1_candidate_101,Simple Hot and Sour Soup,secondary_macro_or_weight_coverage
cloves garlic,keep_review,needs_review,1,1,9,1,recipes_v1_1_candidate_128,Grilled Chicken and Strawberry Mason Jar Salad with Poppyseed Dressing,secondary_macro_or_weight_coverage
garlic salt,keep_review,needs_review,1,1,6,1,recipes_v1_1_candidate_186,Blackened Shrimp Tacos with Pineapple,secondary_macro_or_weight_coverage
onion salt,keep_review,needs_review,1,1,6,1,recipes_v1_1_candidate_133,Slow Cooker Italian Beef,secondary_macro_or_weight_coverage
white vinegar,keep_review,needs_review,2,1,5,2,recipes_v1_1_candidate_104 | recipes_v1_1_candidate_183,Steak Fried Rice | Roasted Salt & Vinegar Chickpeas,secondary_macro_or_weight_coverage
garlic clove,keep_review,needs_review,1,1,3,1,recipes_v1_1_candidate_180,Pistachio Hummus,secondary_macro_or_weight_coverage
