recipe_id_candidate,display_name,recipe_kind_guess,primary_protein,nutrition_basis,servings_basis,uses_pilot_servings_fallback,servings_estimation_method,servings_estimation_reasons,total_weight_grams_estimated,mapped_weight_grams,known_weight_grams_sum,mapped_weight_ratio,energy_kcal_total,protein_g_total,carbs_g_total,fat_g_total,energy_kcal_per_serving,protein_g_per_serving,carbs_g_per_serving,fat_g_per_serving,ingredient_count,accepted_auto_count,accepted_auto_with_grams_count,review_needed_count,review_needed_with_grams_count,unmapped_count,unmapped_with_grams_count,cache_status,quality_flags,cache_version,is_complete_or_near_complete_meal,blocking_with_grams_count
recipes_v1_1_candidate_124,Fish Tacos al Pastor,near_complete_main,fish,v1_1_mapped_ingredients_draft,4,True,pilot_fallback_recipe_kind_weight,pilot_servings_fallback; default_near_complete_main_4_servings,907.18,0,907.18,0,0,0,0,0,0,0,0,0,4,0,0,1,0,3,1,no_accepted_mapped_ingredients,is_low_kcal_suspicious; is_low_protein_suspicious; is_low_mapped_weight_ratio,recipes_v1_1_draft_001,True,1
recipes_v1_1_candidate_069,Vietnamese Salad Rolls,salad,fish,v1_1_mapped_ingredients_draft,4,True,pilot_fallback_recipe_kind_weight,pilot_servings_fallback; default_salad_4_servings,226.8,0,226.8,0,0,0,0,0,0,0,0,0,8,0,0,4,1,4,0,no_accepted_mapped_ingredients,is_low_kcal_suspicious; is_low_protein_suspicious; is_low_mapped_weight_ratio,recipes_v1_1_draft_001,True,1
recipes_v1_1_candidate_187,Homemade Turkey Sausage Patties,protein_component,turkey,v1_1_mapped_ingredients_draft,4,True,pilot_fallback_recipe_kind_weight,pilot_servings_fallback; default_protein_component_4_servings,462.815,3.225,462.815,0.007,4.8076,0.2294,0.6814,0.1294,1.2019,0.0574,0.1703,0.0323,5,2,2,1,0,2,2,partial_from_mapped_ingredients,is_low_protein_suspicious; is_low_mapped_weight_ratio,recipes_v1_1_draft_001,False,2
recipes_v1_1_candidate_003,Salmon Couscous Salad,salad,fish,v1_1_mapped_ingredients_draft,4,True,pilot_fallback_recipe_kind_weight,pilot_servings_fallback; default_salad_4_servings,183.5,3,183.5,0.0163,3.33,0.1593,0.558,0.009,0.8325,0.0398,0.1395,0.0022,6,1,1,2,0,3,2,partial_from_mapped_ingredients,is_low_kcal_suspicious; is_low_protein_suspicious; is_low_mapped_weight_ratio,recipes_v1_1_draft_001,True,2
recipes_v1_1_candidate_194,Air Fryer Lemon-Thyme Baby Red Potatoes,carb_side,unknown,v1_1_mapped_ingredients_draft,4,True,pilot_fallback_recipe_kind_weight,pilot_servings_fallback; default_carb_side_4_servings,356.69,16.5,356.69,0.0463,121.5,0.0405,0,13.4865,30.375,0.0101,0,3.3716,5,2,2,1,0,2,1,partial_from_mapped_ingredients,is_low_mapped_weight_ratio,recipes_v1_1_draft_001,False,1
recipes_v1_1_candidate_074,Adas bil Hamod (Lebanese Lentil Lemon Soup),soup,vegetarian,v1_1_mapped_ingredients_draft,4,True,pilot_fallback_recipe_kind_weight,pilot_servings_fallback; default_soup_4_servings,476.09,22.5,476.09,0.0473,131.49,0.5184,1.674,13.5135,32.8725,0.1296,0.4185,3.3784,8,3,2,2,0,3,1,partial_from_mapped_ingredients,is_low_kcal_suspicious; is_low_protein_suspicious; is_low_mapped_weight_ratio,recipes_v1_1_draft_001,True,1
recipes_v1_1_candidate_139,Sheet Pan Lemon Butter Garlic Shrimp with Asparagus,near_complete_main,fish,v1_1_mapped_ingredients_draft,4,True,pilot_fallback_recipe_kind_weight,pilot_servings_fallback; default_near_complete_main_4_servings,1215.58,81.6,1215.58,0.0671,577.098,1.0164,2.6154,62.3244,144.2745,0.2541,0.6539,15.5811,10,6,3,1,1,3,1,partial_from_mapped_ingredients,is_low_kcal_suspicious; is_low_protein_suspicious; is_low_mapped_weight_ratio,recipes_v1_1_draft_001,True,2
recipes_v1_1_candidate_136,Chinese Shrimp and Tofu Soup,soup,fish,v1_1_mapped_ingredients_draft,4,True,pilot_fallback_recipe_kind_weight,pilot_servings_fallback; default_soup_4_servings,431.55,34.65,431.55,0.0803,161.305,0.4924,8.8742,13.5407,40.3263,0.1231,2.2186,3.3852,10,5,5,3,2,2,0,partial_from_mapped_ingredients,is_low_kcal_suspicious; is_low_protein_suspicious; is_low_mapped_weight_ratio,recipes_v1_1_draft_001,True,2
recipes_v1_1_candidate_138,Air Fryer Lemon Garlic Parmesan Chicken,near_complete_main,chicken,v1_1_mapped_ingredients_draft,4,True,pilot_fallback_recipe_kind_weight,pilot_servings_fallback; default_near_complete_main_4_servings,770.39,63,770.39,0.0818,207.791,18.4679,3.548,12.5698,51.9477,4.617,0.887,3.1425,10,5,4,1,0,4,2,partial_from_mapped_ingredients,is_low_kcal_suspicious; is_low_protein_suspicious; is_low_mapped_weight_ratio,recipes_v1_1_draft_001,True,2
recipes_v1_1_candidate_065,Vegetarian Refried Beans,complete_main,vegetarian,v1_1_mapped_ingredients_draft,4,True,pilot_fallback_recipe_kind_weight,pilot_servings_fallback; default_complete_main_4_servings,497.39,43.8,497.39,0.0881,261.648,0.9731,3.1248,27.0234,65.412,0.2433,0.7812,6.7559,7,2,2,2,0,3,1,partial_from_mapped_ingredients,is_low_kcal_suspicious; is_low_protein_suspicious; is_low_mapped_weight_ratio,recipes_v1_1_draft_001,True,1
recipes_v1_1_candidate_042,Greek Feta and Spinach Potato Casserole,complete_main,egg,v1_1_mapped_ingredients_draft,6,True,pilot_fallback_recipe_kind_weight,pilot_servings_fallback; known_weight_grams_sum_gte_1600,1681.03,150.15,1681.03,0.0893,565.865,6.9835,1.7053,58.9653,94.3108,1.1639,0.2842,9.8275,13,8,6,2,1,3,2,partial_from_mapped_ingredients,is_low_kcal_suspicious; is_low_protein_suspicious; is_low_mapped_weight_ratio; needs_mapping_review,recipes_v1_1_draft_001,True,3
recipes_v1_1_candidate_132,Amy's Delicious Turkey Burgers,near_complete_main,turkey,v1_1_mapped_ingredients_draft,4,True,pilot_fallback_recipe_kind_weight,pilot_servings_fallback; default_near_complete_main_4_servings,503.59,50,503.59,0.0993,70,6.35,0.135,4.915,17.5,1.5875,0.0338,1.2288,6,2,1,0,0,4,1,partial_from_mapped_ingredients,is_low_kcal_suspicious; is_low_protein_suspicious; is_low_mapped_weight_ratio,recipes_v1_1_draft_001,True,1
recipes_v1_1_candidate_121,Broccoli Beef I,near_complete_main,beef,v1_1_mapped_ingredients_draft,4,True,pilot_fallback_recipe_kind_weight,pilot_servings_fallback; default_near_complete_main_4_servings,543.59,60,543.59,0.1104,117.69,2.4249,26.6728,0.041,29.4225,0.6062,6.6682,0.0103,8,3,3,1,0,4,2,partial_from_mapped_ingredients,is_low_kcal_suspicious; is_low_protein_suspicious; is_low_mapped_weight_ratio,recipes_v1_1_draft_001,True,2
recipes_v1_1_candidate_071,Roasted Tomato Hummus Toast,complete_main,vegetarian,v1_1_mapped_ingredients_draft,4,True,pilot_fallback_recipe_kind_weight,pilot_servings_fallback; default_complete_main_4_servings,488.24,63,488.24,0.129,492.66,0.4806,1.116,53.964,123.165,0.1201,0.279,13.491,11,5,4,2,0,4,1,partial_from_mapped_ingredients,is_low_kcal_suspicious; is_low_protein_suspicious; is_low_mapped_weight_ratio,recipes_v1_1_draft_001,True,1
recipes_v1_1_candidate_165,"Turkey Sausage, Potato, Brussels Sprouts, and Apple Hash",breakfast,turkey,v1_1_mapped_ingredients_draft,2,True,pilot_fallback_recipe_kind_weight,pilot_servings_fallback; default_breakfast_2_servings,1020.74,140.35,1020.74,0.1375,270.131,1.5029,7.457,26.0266,135.0655,0.7514,3.7285,13.0133,11,5,5,1,0,5,3,partial_from_mapped_ingredients,is_low_protein_suspicious; is_low_mapped_weight_ratio; needs_mapping_review,recipes_v1_1_draft_001,False,3
recipes_v1_1_candidate_051,Cabbage Borsht,complete_main,chicken,v1_1_mapped_ingredients_draft,4,True,pilot_fallback_recipe_kind_weight,pilot_servings_fallback; default_complete_main_4_servings,1588.78,228,1588.78,0.1435,76.62,2.028,13.929,1.11,19.155,0.507,3.4822,0.2775,11,4,3,2,0,5,1,partial_from_mapped_ingredients,is_low_kcal_suspicious; is_low_protein_suspicious; is_low_mapped_weight_ratio,recipes_v1_1_draft_001,True,1
recipes_v1_1_candidate_127,Valerio's Pulled Pork Sandwich,near_complete_main,pork,v1_1_mapped_ingredients_draft,4,True,pilot_fallback_recipe_kind_weight,pilot_servings_fallback; default_near_complete_main_4_servings,530.99,77.4,530.99,0.1458,146.0178,1.8685,32.3058,1.035,36.5044,0.4671,8.0765,0.2587,7,4,3,0,0,3,1,partial_from_mapped_ingredients,is_low_kcal_suspicious; is_low_protein_suspicious; is_low_mapped_weight_ratio,recipes_v1_1_draft_001,True,1
recipes_v1_1_candidate_054,Dad's Lima Bean Soup with Ham Bone,soup,pork,v1_1_mapped_ingredients_draft,8,True,pilot_fallback_recipe_kind_weight,pilot_servings_fallback; known_weight_grams_sum_gte_2400,2519.1,372.3,2519.1,0.1478,264.0466,3.2134,26.0835,15.0877,33.0058,0.4017,3.2604,1.886,11,7,6,1,1,3,1,partial_from_mapped_ingredients,is_low_kcal_suspicious; is_low_protein_suspicious; is_low_mapped_weight_ratio,recipes_v1_1_draft_001,True,2
recipes_v1_1_candidate_090,BBQ Meatballs,complete_main,beef,v1_1_mapped_ingredients_draft,4,True,pilot_fallback_recipe_kind_weight,pilot_servings_fallback; default_complete_main_4_servings,534.19,80.6,534.19,0.1509,177.5572,6.3831,26.9898,4.915,44.3893,1.5958,6.7475,1.2288,13,4,3,2,1,7,0,partial_from_mapped_ingredients,is_low_kcal_suspicious; is_low_protein_suspicious; is_low_mapped_weight_ratio,recipes_v1_1_draft_001,True,1
recipes_v1_1_candidate_019,Turmeric Black Pepper Chicken with Broccoli,complete_main,chicken,v1_1_mapped_ingredients_draft,4,True,pilot_fallback_recipe_kind_weight,pilot_servings_fallback; default_complete_main_4_servings,808.615,123.225,808.615,0.1524,263.9476,0.4646,34.9954,13.5619,65.9869,0.1162,8.7488,3.3905,11,5,5,2,1,4,2,partial_from_mapped_ingredients,is_low_kcal_suspicious; is_low_protein_suspicious; is_low_mapped_weight_ratio; needs_mapping_review,recipes_v1_1_draft_001,True,3
recipes_v1_1_candidate_034,Slow Cooker Chicken and Rice,complete_main,chicken,v1_1_mapped_ingredients_draft,4,True,pilot_fallback_recipe_kind_weight,pilot_servings_fallback; default_complete_main_4_servings,1030.54,165.15,1030.54,0.1603,239.8141,19.354,9.2082,13.3425,59.9535,4.8385,2.3021,3.3356,11,5,5,3,1,3,1,partial_from_mapped_ingredients,is_low_kcal_suspicious; is_low_protein_suspicious; is_low_mapped_weight_ratio,recipes_v1_1_draft_001,True,2
recipes_v1_1_candidate_033,Ground Turkey and Zucchini Skillet,complete_main,turkey,v1_1_mapped_ingredients_draft,4,True,pilot_fallback_recipe_kind_weight,pilot_servings_fallback; default_complete_main_4_servings,544.79,91.2,544.79,0.1674,155.952,1.3812,5.8307,14.0413,38.988,0.3453,1.4577,3.5103,13,5,5,2,0,6,1,partial_from_mapped_ingredients,is_low_kcal_suspicious; is_low_protein_suspicious; is_low_mapped_weight_ratio,recipes_v1_1_draft_001,True,1
recipes_v1_1_candidate_105,Spinach and Ricotta Tortellini,complete_main,egg,v1_1_mapped_ingredients_draft,4,True,pilot_fallback_recipe_kind_weight,pilot_servings_fallback; default_complete_main_4_servings,1112.18,205,1112.18,0.1843,560,51.1,4.16,36.165,140,12.775,1.04,9.0412,10,5,3,3,0,2,1,partial_from_mapped_ingredients,is_low_kcal_suspicious; is_low_mapped_weight_ratio,recipes_v1_1_draft_001,True,1
recipes_v1_1_candidate_143,Sausage Pinwheels,near_complete_main,pork,v1_1_mapped_ingredients_draft,4,True,pilot_fallback_recipe_kind_weight,pilot_servings_fallback; default_near_complete_main_4_servings,563.59,110,563.59,0.1952,38.5,1.21,6.875,0.682,9.625,0.3025,1.7188,0.1705,6,2,1,2,0,2,1,partial_from_mapped_ingredients,is_low_kcal_suspicious; is_low_protein_suspicious; is_low_mapped_weight_ratio,recipes_v1_1_draft_001,True,1
recipes_v1_1_candidate_032,Slow Cooker Tuscan Chicken Meatballs with Gnocchi,complete_main,chicken,v1_1_mapped_ingredients_draft,4,True,pilot_fallback_recipe_kind_weight,pilot_servings_fallback; default_complete_main_4_servings,605.09,124.5,605.09,0.2058,101.52,7.9633,4.639,5.649,25.38,1.9908,1.1597,1.4123,11,6,5,0,0,5,2,partial_from_mapped_ingredients,is_low_kcal_suspicious; is_low_protein_suspicious; is_low_mapped_weight_ratio,recipes_v1_1_draft_001,True,2
recipes_v1_1_candidate_007,Spicy Sausage and Rice Casserole,complete_main,pork,v1_1_mapped_ingredients_draft,4,True,pilot_fallback_recipe_kind_weight,pilot_servings_fallback; default_complete_main_4_servings,1236.09,257.3,1236.09,0.2082,30.8001,2.3198,3.6385,0.7035,7.7,0.5799,0.9096,0.1759,11,6,4,0,0,5,2,partial_from_mapped_ingredients,is_low_kcal_suspicious; is_low_protein_suspicious; is_low_mapped_weight_ratio,recipes_v1_1_draft_001,True,2
recipes_v1_1_candidate_107,American Potato Salad,salad,egg,v1_1_mapped_ingredients_draft,8,True,pilot_fallback_recipe_kind_weight,pilot_servings_fallback; known_weight_grams_sum_gte_2400,2912.26,644.3,2912.26,0.2212,530.2501,45.2699,13.2135,31.4885,66.2813,5.6587,1.6517,3.9361,9,6,5,1,0,2,1,partial_from_mapped_ingredients,is_low_kcal_suspicious; is_low_protein_suspicious; is_low_mapped_weight_ratio,recipes_v1_1_draft_001,True,1
recipes_v1_1_candidate_135,Spicy Beef Curry Stew for the Slow Cooker,soup,beef,v1_1_mapped_ingredients_draft,4,True,pilot_fallback_recipe_kind_weight,pilot_servings_fallback; default_soup_4_servings,583.09,129.5,583.09,0.2221,166.66,1.5691,7.991,14.1865,41.665,0.3923,1.9977,3.5466,10,4,3,2,0,4,1,partial_from_mapped_ingredients,is_low_kcal_suspicious; is_low_protein_suspicious; is_low_mapped_weight_ratio,recipes_v1_1_draft_001,True,1
recipes_v1_1_candidate_050,Zucchini Chicken Rice Casserole,complete_main,chicken,v1_1_mapped_ingredients_draft,4,True,pilot_fallback_recipe_kind_weight,pilot_servings_fallback; default_complete_main_4_servings,839.59,201,839.59,0.2394,309.8905,2.3639,11.806,28.0134,77.4726,0.591,2.9515,7.0034,16,5,5,3,0,8,2,partial_from_mapped_ingredients,is_low_kcal_suspicious; is_low_protein_suspicious; is_low_mapped_weight_ratio,recipes_v1_1_draft_001,True,2
recipes_v1_1_candidate_111,Nut Loaf Supreme,complete_main,egg,v1_1_mapped_ingredients_draft,4,True,pilot_fallback_recipe_kind_weight,pilot_servings_fallback; default_complete_main_4_servings,930.69,243,930.69,0.2611,535.099,26.05,2.483,46.7343,133.7748,6.5125,0.6208,11.6836,16,5,5,4,1,7,2,partial_from_mapped_ingredients,is_low_kcal_suspicious; is_low_protein_suspicious; is_low_mapped_weight_ratio; needs_mapping_review,recipes_v1_1_draft_001,True,3
recipes_v1_1_candidate_115,Ground Turkey Lettuce Wraps,near_complete_main,turkey,v1_1_mapped_ingredients_draft,4,True,pilot_fallback_recipe_kind_weight,pilot_servings_fallback; default_near_complete_main_4_servings,615.09,161.5,615.09,0.2626,184.3,3.9337,9.3098,13.8665,46.075,0.9834,2.3274,3.4666,5,4,4,0,0,1,1,partial_from_mapped_ingredients,is_low_kcal_suspicious; is_low_protein_suspicious; is_low_mapped_weight_ratio,recipes_v1_1_draft_001,True,1
recipes_v1_1_candidate_130,Easy Moo Shu Pork,near_complete_main,pork,v1_1_mapped_ingredients_draft,4,True,pilot_fallback_recipe_kind_weight,pilot_servings_fallback; default_near_complete_main_4_servings,475.49,135.3,475.49,0.2845,405.208,2.7923,6.2396,40.5854,101.302,0.6981,1.5599,10.1463,9,5,5,3,1,1,0,partial_from_mapped_ingredients,is_low_kcal_suspicious; is_low_protein_suspicious; is_low_mapped_weight_ratio,recipes_v1_1_draft_001,True,1
recipes_v1_1_candidate_006,Filipino Pork Adobo,complete_main,pork,v1_1_mapped_ingredients_draft,4,True,pilot_fallback_recipe_kind_weight,pilot_servings_fallback; default_complete_main_4_servings,1598.27,464.29,1598.27,0.2905,174.4906,9.3248,38.2138,1.4678,43.6227,2.3312,9.5534,0.3669,8,5,3,0,0,3,1,partial_from_mapped_ingredients,is_low_kcal_suspicious; is_low_protein_suspicious; is_low_mapped_weight_ratio,recipes_v1_1_draft_001,True,1
recipes_v1_1_candidate_045,BLT Pasta Carbonara,complete_main,pork,v1_1_mapped_ingredients_draft,4,True,pilot_fallback_recipe_kind_weight,pilot_servings_fallback; default_complete_main_4_servings,932.02,272.5,932.02,0.2924,733.49,55.3684,5.299,53.2585,183.3725,13.8421,1.3248,13.3146,10,4,4,3,1,3,2,partial_from_mapped_ingredients,is_low_mapped_weight_ratio; needs_mapping_review,recipes_v1_1_draft_001,True,3
recipes_v1_1_candidate_108,Steak and Broccoli Stir Fry,near_complete_main,beef,v1_1_mapped_ingredients_draft,4,True,pilot_fallback_recipe_kind_weight,pilot_servings_fallback; default_near_complete_main_4_servings,685.59,232,685.59,0.3384,78.66,6.2912,6.852,1.18,19.665,1.5728,1.713,0.295,11,6,2,3,0,2,1,partial_from_mapped_ingredients,is_low_kcal_suspicious; is_low_protein_suspicious; is_low_mapped_weight_ratio,recipes_v1_1_draft_001,True,1
recipes_v1_1_candidate_080,Mexican Rice and Beans,complete_main,vegetarian,v1_1_mapped_ingredients_draft,4,True,pilot_fallback_recipe_kind_weight,pilot_servings_fallback; default_complete_main_4_servings,286,101,286,0.3531,272.631,1.1003,5.197,27.4588,68.1577,0.2751,1.2993,6.8647,12,5,4,2,1,5,0,partial_from_mapped_ingredients,is_low_kcal_suspicious; is_low_protein_suspicious; is_low_mapped_weight_ratio,recipes_v1_1_draft_001,True,1
recipes_v1_1_candidate_153,Asian Fire Meat,near_complete_main,beef,v1_1_mapped_ingredients_draft,4,True,pilot_fallback_recipe_kind_weight,pilot_servings_fallback; default_near_complete_main_4_servings,713.69,260.1,713.69,0.3644,317.6172,2.854,41.5278,14.307,79.4043,0.7135,10.3819,3.5767,11,6,5,1,0,4,1,partial_from_mapped_ingredients,is_low_kcal_suspicious; is_low_protein_suspicious; is_low_mapped_weight_ratio,recipes_v1_1_draft_001,True,1
recipes_v1_1_candidate_114,Fried Rice with Tofu,complete_main,egg,v1_1_mapped_ingredients_draft,4,True,pilot_fallback_recipe_kind_weight,pilot_servings_fallback; default_complete_main_4_servings,806.7,296.2,806.7,0.3672,512.0564,20.033,12.5881,42.131,128.0141,5.0083,3.147,10.5328,11,5,5,6,2,0,0,partial_from_mapped_ingredients,is_low_kcal_suspicious; is_low_protein_suspicious; is_low_mapped_weight_ratio,recipes_v1_1_draft_001,True,2
recipes_v1_1_candidate_040,Quinoa Chard Pilaf,complete_main,vegetarian,v1_1_mapped_ingredients_draft,4,True,pilot_fallback_recipe_kind_weight,pilot_servings_fallback; default_complete_main_4_servings,359.3,132.5,359.3,0.3688,169.99,1.7284,8.549,14.1955,42.4975,0.4321,2.1372,3.5489,8,3,3,0,0,5,1,partial_from_mapped_ingredients,is_low_kcal_suspicious; is_low_protein_suspicious; is_low_mapped_weight_ratio,recipes_v1_1_draft_001,True,1
recipes_v1_1_candidate_026,Hibachi Chicken and Rice Casserole,complete_main,chicken,v1_1_mapped_ingredients_draft,4,True,pilot_fallback_recipe_kind_weight,pilot_servings_fallback; default_complete_main_4_servings,640.2,236.7,640.2,0.3697,473.4059,2.5152,52.3067,28.1555,118.3515,0.6288,13.0767,7.0389,15,6,5,2,0,7,3,partial_from_mapped_ingredients,is_low_kcal_suspicious; is_low_protein_suspicious; is_low_mapped_weight_ratio; needs_mapping_review,recipes_v1_1_draft_001,True,3
recipes_v1_1_candidate_129,Garlic Butter Steak Bites With Mushrooms,near_complete_main,beef,v1_1_mapped_ingredients_draft,4,True,pilot_fallback_recipe_kind_weight,pilot_servings_fallback; default_near_complete_main_4_servings,47.65,17.65,47.65,0.3704,124.705,0.1935,0.4542,13.5728,31.1763,0.0484,0.1136,3.3932,5,3,3,1,0,1,1,partial_from_mapped_ingredients,is_low_kcal_suspicious; is_low_protein_suspicious; is_low_mapped_weight_ratio,recipes_v1_1_draft_001,True,1
recipes_v1_1_candidate_031,Spaghetti Squash Carbonara,complete_main,pork,v1_1_mapped_ingredients_draft,4,True,pilot_fallback_recipe_kind_weight,pilot_servings_fallback; default_complete_main_4_servings,522.6,195.8,522.6,0.3747,597.5823,1.238,2.9811,64.5206,149.3956,0.3095,0.7453,16.1302,11,4,4,2,1,5,1,partial_from_mapped_ingredients,is_low_kcal_suspicious; is_low_protein_suspicious; is_low_mapped_weight_ratio,recipes_v1_1_draft_001,True,2
recipes_v1_1_candidate_025,10-Minute Mushroom Carbonara,complete_main,egg,v1_1_mapped_ingredients_draft,4,True,pilot_fallback_recipe_kind_weight,pilot_servings_fallback; default_complete_main_4_servings,446.3,169.5,446.3,0.3798,338.16,19.4091,1.521,28.2495,84.54,4.8523,0.3803,7.0624,6,3,3,0,0,3,2,partial_from_mapped_ingredients,is_low_kcal_suspicious; is_low_protein_suspicious; is_low_mapped_weight_ratio,recipes_v1_1_draft_001,True,2
recipes_v1_1_candidate_178,Garlic Hummus,snack,vegetarian,v1_1_mapped_ingredients_draft,1,True,pilot_fallback_recipe_kind_weight,pilot_servings_fallback; snack_weight_lte_350g_1_serving; small_non_main_weight_lte_300g_1_serving,101.5,40.5,101.5,0.399,134.82,0.6777,2.232,13.5225,134.82,0.6777,2.232,13.5225,7,3,3,1,0,3,2,partial_from_mapped_ingredients,is_low_mapped_weight_ratio,recipes_v1_1_draft_001,False,2
recipes_v1_1_candidate_005,Portuguese Cod Fish Casserole,complete_main,fish,v1_1_mapped_ingredients_draft,4,True,pilot_fallback_recipe_kind_weight,pilot_servings_fallback; default_complete_main_4_servings,1525.18,618,1525.18,0.4052,1622.16,5.7546,29.241,164.646,405.54,1.4386,7.3102,41.1615,9,5,3,2,0,2,1,partial_from_mapped_ingredients,is_low_protein_suspicious,recipes_v1_1_draft_001,True,1
recipes_v1_1_candidate_073,Mongo Guisado (Mung Bean Soup),soup,fish,v1_1_mapped_ingredients_draft,6,True,pilot_fallback_recipe_kind_weight,pilot_servings_fallback; known_weight_grams_sum_gte_1600,1796.6,736.4,1796.6,0.4099,486.61,25.1968,8.8415,38.8883,81.1017,4.1995,1.4736,6.4814,11,5,5,4,2,2,1,partial_from_mapped_ingredients,is_low_kcal_suspicious; is_low_protein_suspicious; needs_mapping_review,recipes_v1_1_draft_001,True,3
recipes_v1_1_candidate_011,Grilled Mediterranean Vegetable Sandwich,complete_main,vegetarian,v1_1_mapped_ingredients_draft,4,True,pilot_fallback_recipe_kind_weight,pilot_servings_fallback; default_complete_main_4_servings,86,36,86,0.4186,252.99,0.5589,1.674,27,63.2475,0.1397,0.4185,6.75,7,2,2,2,1,3,0,partial_from_mapped_ingredients,is_low_kcal_suspicious; is_low_protein_suspicious,recipes_v1_1_draft_001,True,1
recipes_v1_1_candidate_029,Air Fryer Everything-Bagel Salmon Dinner,complete_main,fish,v1_1_mapped_ingredients_draft,4,True,pilot_fallback_recipe_kind_weight,pilot_servings_fallback; default_complete_main_4_servings,98.575,41.875,98.575,0.4248,194.604,0.6098,17.577,13.5349,48.651,0.1525,4.3943,3.3837,12,5,5,2,0,5,1,partial_from_mapped_ingredients,is_low_kcal_suspicious; is_low_protein_suspicious,recipes_v1_1_draft_001,True,1
recipes_v1_1_candidate_030,Stuffed Eggplant,complete_main,pork,v1_1_mapped_ingredients_draft,4,True,pilot_fallback_recipe_kind_weight,pilot_servings_fallback; default_complete_main_4_servings,624.45,266.65,624.45,0.427,633.025,20.5716,14.2963,54.0738,158.2563,5.1429,3.5741,13.5184,12,6,6,2,1,4,2,partial_from_mapped_ingredients,is_low_protein_suspicious; needs_mapping_review,recipes_v1_1_draft_001,True,3
recipes_v1_1_candidate_155,Korean BBQ Beef (Pul-Kogi),near_complete_main,beef,v1_1_mapped_ingredients_draft,4,True,pilot_fallback_recipe_kind_weight,pilot_servings_fallback; default_near_complete_main_4_servings,794.09,340.5,794.09,0.4288,335.74,11.141,35.2476,14.762,83.935,2.7853,8.8119,3.6905,11,5,5,2,0,4,1,partial_from_mapped_ingredients,is_low_kcal_suspicious; is_low_protein_suspicious,recipes_v1_1_draft_001,True,1
recipes_v1_1_candidate_151,Low-Carb Meatloaf,near_complete_main,turkey,v1_1_mapped_ingredients_draft,4,True,pilot_fallback_recipe_kind_weight,pilot_servings_fallback; default_near_complete_main_4_servings,1594.37,687.19,1594.37,0.431,931.0691,99.7457,15.055,51.9616,232.7673,24.9364,3.7637,12.9904,10,6,6,1,0,3,1,partial_from_mapped_ingredients,,recipes_v1_1_draft_001,True,1
recipes_v1_1_candidate_017,Stir Fried Pasta with Veggies,complete_main,chicken,v1_1_mapped_ingredients_draft,4,True,pilot_fallback_recipe_kind_weight,pilot_servings_fallback; default_complete_main_4_servings,401.8,175,401.8,0.4355,302.72,3.8752,9.1558,27.705,75.68,0.9688,2.2889,6.9263,11,4,4,2,0,5,1,partial_from_mapped_ingredients,is_low_kcal_suspicious; is_low_protein_suspicious,recipes_v1_1_draft_001,True,1
recipes_v1_1_candidate_145,Bacon-Flavored Dog Biscuits,near_complete_main,pork,v1_1_mapped_ingredients_draft,4,True,pilot_fallback_recipe_kind_weight,pilot_servings_fallback; default_near_complete_main_4_servings,1071,471,1071,0.4398,255.885,20.981,12.079,13.7255,63.9712,5.2453,3.0198,3.4314,6,4,4,0,0,2,1,partial_from_mapped_ingredients,is_low_kcal_suspicious; is_low_protein_suspicious,recipes_v1_1_draft_001,True,1
recipes_v1_1_candidate_004,Seafood Lasagna II,complete_main,fish,v1_1_mapped_ingredients_draft,8,True,pilot_fallback_recipe_kind_weight,pilot_servings_fallback; known_weight_grams_sum_gte_2400,2461.35,1100.58,2461.35,0.4471,1662.9293,145.786,37.9328,103.179,207.8662,18.2232,4.7416,12.8974,12,6,5,0,0,6,3,partial_from_mapped_ingredients,needs_mapping_review,recipes_v1_1_draft_001,True,3
recipes_v1_1_candidate_168,Asparagus and Mushroom Frittata,breakfast,egg,v1_1_mapped_ingredients_draft,2,True,pilot_fallback_recipe_kind_weight,pilot_servings_fallback; default_breakfast_2_servings,823.3,369.7,823.3,0.449,891.426,38.3209,0.9378,81.7213,445.713,19.1605,0.4689,40.8606,9,5,4,2,1,2,1,partial_from_mapped_ingredients,,recipes_v1_1_draft_001,False,2
recipes_v1_1_candidate_186,Blackened Shrimp Tacos with Pineapple,protein_component,fish,v1_1_mapped_ingredients_draft,1,True,pilot_fallback_recipe_kind_weight,pilot_servings_fallback; default_protein_component_4_servings; small_non_main_weight_lte_300g_1_serving,11.3,5.3,11.3,0.469,11.8131,0.5759,1.7005,0.3009,11.8131,0.5759,1.7005,0.3009,6,3,2,0,0,3,1,partial_from_mapped_ingredients,is_low_protein_suspicious,recipes_v1_1_draft_001,False,1
recipes_v1_1_candidate_166,French Toast Waffles,breakfast,egg,v1_1_mapped_ingredients_draft,1,True,pilot_fallback_recipe_kind_weight,pilot_servings_fallback; default_breakfast_2_servings; small_non_main_weight_lte_300g_1_serving,230.9,108.4,230.9,0.4695,173.5328,12.7,8.6532,9.83,173.5328,12.7,8.6532,9.83,6,2,2,1,0,3,1,partial_from_mapped_ingredients,,recipes_v1_1_draft_001,False,1
recipes_v1_1_candidate_096,Veggie Burgers,complete_main,egg,v1_1_mapped_ingredients_draft,4,True,pilot_fallback_recipe_kind_weight,pilot_servings_fallback; default_complete_main_4_servings,571,271,571,0.4746,237.68,9.3544,15.3164,14.734,59.42,2.3386,3.8291,3.6835,11,6,6,0,0,5,2,partial_from_mapped_ingredients,is_low_kcal_suspicious; is_low_protein_suspicious,recipes_v1_1_draft_001,True,2
recipes_v1_1_candidate_083,Air Fryer Turkey Stuffed Peppers,complete_main,turkey,v1_1_mapped_ingredients_draft,4,True,pilot_fallback_recipe_kind_weight,pilot_servings_fallback; default_complete_main_4_servings,879.74,421.65,879.74,0.4793,532.2751,14.3426,71.6513,20.2743,133.0688,3.5857,17.9128,5.0686,15,7,6,2,1,6,1,partial_from_mapped_ingredients,is_low_kcal_suspicious; is_low_protein_suspicious,recipes_v1_1_draft_001,True,2
recipes_v1_1_candidate_060,Shrimp Pomelo Salad,salad,fish,v1_1_mapped_ingredients_draft,4,True,pilot_fallback_recipe_kind_weight,pilot_servings_fallback; default_salad_4_servings,148,71,148,0.4797,148.9,3.4768,13.1852,9.048,37.225,0.8692,3.2963,2.262,5,3,3,0,0,2,2,partial_from_mapped_ingredients,is_low_kcal_suspicious; is_low_protein_suspicious,recipes_v1_1_draft_001,True,2
recipes_v1_1_candidate_101,Simple Hot and Sour Soup,soup,pork,v1_1_mapped_ingredients_draft,4,True,pilot_fallback_recipe_kind_weight,pilot_servings_fallback; default_soup_4_servings,264.46,129.8,264.46,0.4908,185.1715,13.0792,0.5249,14.3453,46.2929,3.2698,0.1312,3.5863,15,5,5,3,0,7,3,partial_from_mapped_ingredients,is_low_kcal_suspicious; is_low_protein_suspicious; needs_mapping_review,recipes_v1_1_draft_001,True,3
recipes_v1_1_candidate_189,Greek Chicken,protein_component,chicken,v1_1_mapped_ingredients_draft,1,True,pilot_fallback_recipe_kind_weight,pilot_servings_fallback; default_protein_component_4_servings; small_non_main_weight_lte_300g_1_serving,233,117,233,0.5021,981.99,0.8019,1.674,107.919,981.99,0.8019,1.674,107.919,7,2,2,3,0,2,1,partial_from_mapped_ingredients,is_low_protein_suspicious,recipes_v1_1_draft_001,False,1
recipes_v1_1_candidate_084,Copycat McChicken Sandwich,complete_main,chicken,v1_1_mapped_ingredients_draft,4,True,pilot_fallback_recipe_kind_weight,pilot_servings_fallback; default_complete_main_4_servings,925.78,465.59,925.78,0.5029,498.949,106.1401,0,6.8038,124.7372,26.535,0,1.701,14,4,2,3,0,7,2,partial_from_mapped_ingredients,is_low_kcal_suspicious,recipes_v1_1_draft_001,True,2
recipes_v1_1_candidate_076,Shrimp Vermicelli Salad,salad,fish,v1_1_mapped_ingredients_draft,4,True,pilot_fallback_recipe_kind_weight,pilot_servings_fallback; default_salad_4_servings,936.18,482.59,936.18,0.5155,552.4931,98.5576,16.1922,10.1435,138.1233,24.6394,4.0481,2.5359,9,5,4,3,0,1,1,usable_from_mapped_ingredients,is_low_kcal_suspicious,recipes_v1_1_draft_001,True,1
recipes_v1_1_candidate_035,Homemade Roasted Chicken Noodle Soup,soup,chicken,v1_1_mapped_ingredients_draft,4,True,pilot_fallback_recipe_kind_weight,pilot_servings_fallback; default_soup_4_servings,502.3,262.3,502.3,0.5222,255.1501,2.3259,16.8915,19.1965,63.7875,0.5815,4.2229,4.7991,8,6,5,0,0,2,1,partial_from_mapped_ingredients,is_low_kcal_suspicious; is_low_protein_suspicious,recipes_v1_1_draft_001,True,1
recipes_v1_1_candidate_043,"Slow Cooker Chicken Thighs, Green Beans, and Potatoes",complete_main,chicken,v1_1_mapped_ingredients_draft,8,True,pilot_fallback_recipe_kind_weight,pilot_servings_fallback; known_weight_grams_sum_gte_2400,2944.05,1583.28,2944.05,0.5378,429.1211,23.2307,87.9436,4.794,53.6401,2.9038,10.9929,0.5993,12,8,7,0,0,4,2,partial_from_mapped_ingredients,is_low_kcal_suspicious; is_low_protein_suspicious,recipes_v1_1_draft_001,True,2
recipes_v1_1_candidate_018,Shrimp Marinara,complete_main,fish,v1_1_mapped_ingredients_draft,4,True,pilot_fallback_recipe_kind_weight,pilot_servings_fallback; default_complete_main_4_servings,863.78,468.09,863.78,0.5419,464.1751,90.0844,17.0562,3.889,116.0438,22.5211,4.2641,0.9722,11,4,4,2,0,5,3,usable_from_mapped_ingredients,is_low_kcal_suspicious; needs_mapping_review,recipes_v1_1_draft_001,True,3
recipes_v1_1_candidate_061,Zoodles alla Carbonara,complete_main,pork,v1_1_mapped_ingredients_draft,4,True,pilot_fallback_recipe_kind_weight,pilot_servings_fallback; default_complete_main_4_servings,238.3,131.6,238.3,0.5522,395.8202,13.3928,2.087,37.148,98.955,3.3482,0.5217,9.287,8,3,3,3,2,2,0,partial_from_mapped_ingredients,is_low_kcal_suspicious; is_low_protein_suspicious,recipes_v1_1_draft_001,True,2
recipes_v1_1_candidate_068,Instant Pot Potato and Bacon Soup,soup,pork,v1_1_mapped_ingredients_draft,8,True,pilot_fallback_recipe_kind_weight,pilot_servings_fallback; known_weight_grams_sum_gte_2400,2556.88,1422.9,2556.88,0.5565,431.959,17.6171,43.0244,20.8382,53.9949,2.2021,5.378,2.6048,12,7,7,2,0,3,1,partial_from_mapped_ingredients,is_low_kcal_suspicious; is_low_protein_suspicious,recipes_v1_1_draft_001,True,1
recipes_v1_1_candidate_144,Chicken Broth in a Slow Cooker,near_complete_main,chicken,v1_1_mapped_ingredients_draft,8,True,pilot_fallback_recipe_kind_weight,pilot_servings_fallback; known_weight_grams_sum_gte_2400,2806.08,1672.1,2806.08,0.5959,90.289,2.449,16.1951,1.1275,11.2861,0.3061,2.0244,0.1409,6,5,4,0,0,1,1,partial_from_mapped_ingredients,is_low_kcal_suspicious; is_low_protein_suspicious,recipes_v1_1_draft_001,True,1
recipes_v1_1_candidate_191,Swamp Rice,carb_side,unknown,v1_1_mapped_ingredients_draft,4,True,pilot_fallback_recipe_kind_weight,pilot_servings_fallback; default_carb_side_4_servings,1028.5,658.5,1028.5,0.6403,371.16,0.4401,1.116,40.4775,92.79,0.11,0.279,10.1194,10,6,4,1,1,3,0,partial_from_mapped_ingredients,,recipes_v1_1_draft_001,False,1
recipes_v1_1_candidate_055,Chicken Adobo Fried Rice,complete_main,chicken,v1_1_mapped_ingredients_draft,4,True,pilot_fallback_recipe_kind_weight,pilot_servings_fallback; default_complete_main_4_servings,1286.59,833,1286.59,0.6474,944.195,25.6924,134.4152,30.735,236.0488,6.4231,33.6038,7.6837,13,10,10,1,0,2,1,usable_from_mapped_ingredients,is_low_protein_suspicious,recipes_v1_1_draft_001,True,1
recipes_v1_1_candidate_041,Harvest Patties,complete_main,egg,v1_1_mapped_ingredients_draft,4,True,pilot_fallback_recipe_kind_weight,pilot_servings_fallback; default_complete_main_4_servings,171.5,111.5,171.5,0.6501,94.12,6.728,4.689,5.095,23.53,1.682,1.1722,1.2737,8,3,3,2,0,3,1,partial_from_mapped_ingredients,is_low_kcal_suspicious; is_low_protein_suspicious,recipes_v1_1_draft_001,True,1
recipes_v1_1_candidate_057,Neck Bones and Lima Beans,complete_main,pork,v1_1_mapped_ingredients_draft,8,True,pilot_fallback_recipe_kind_weight,pilot_servings_fallback; known_weight_grams_sum_gte_2400,3967.28,2600.5,3967.28,0.6555,420.5,1.8815,10,41.4515,52.5625,0.2352,1.25,5.1814,13,5,3,1,0,7,2,partial_from_mapped_ingredients,is_low_kcal_suspicious; is_low_protein_suspicious,recipes_v1_1_draft_001,True,2
recipes_v1_1_candidate_008,White Chili with Ground Turkey,soup,turkey,v1_1_mapped_ingredients_draft,6,True,pilot_fallback_recipe_kind_weight,pilot_servings_fallback; known_weight_grams_sum_gte_1600,2002.39,1322,2002.39,0.6602,125.893,9.6379,14.621,3.3574,20.9822,1.6063,2.4368,0.5596,12,4,4,3,0,5,1,partial_from_mapped_ingredients,is_low_kcal_suspicious; is_low_protein_suspicious,recipes_v1_1_draft_001,True,1
recipes_v1_1_candidate_199,Mid-Summer Italian Bread Salad,veg_side,unknown,v1_1_mapped_ingredients_draft,1,True,pilot_fallback_recipe_kind_weight,pilot_servings_fallback; default_veg_side_4_servings; small_non_main_weight_lte_300g_1_serving,250,166,250,0.664,64.74,2.4146,10.124,0.658,64.74,2.4146,10.124,0.658,10,3,3,4,1,3,1,partial_from_mapped_ingredients,,recipes_v1_1_draft_001,False,2
recipes_v1_1_candidate_015,Sheet Pan Garlic Butter Steak Bites with Veggies,complete_main,beef,v1_1_mapped_ingredients_draft,4,True,pilot_fallback_recipe_kind_weight,pilot_servings_fallback; default_complete_main_4_servings,1381.42,927.83,1381.42,0.6716,973.0035,17.7362,105.4974,52.6608,243.2509,4.434,26.3744,13.1652,11,8,8,1,0,2,1,usable_from_mapped_ingredients,is_low_protein_suspicious,recipes_v1_1_draft_001,True,1
recipes_v1_1_candidate_001,Pork and Pepper Stir Fry,complete_main,pork,v1_1_mapped_ingredients_draft,4,True,pilot_fallback_recipe_kind_weight,pilot_servings_fallback; default_complete_main_4_servings,144.35,98.1,144.35,0.6796,679.9266,1.1111,16.5522,67.4829,169.9817,0.2778,4.138,16.8707,5,3,3,1,0,1,1,usable_from_mapped_ingredients,is_low_protein_suspicious,recipes_v1_1_draft_001,True,1
recipes_v1_1_candidate_100,Easy Deviled Egg Potato Salad,salad,egg,v1_1_mapped_ingredients_draft,4,True,pilot_fallback_recipe_kind_weight,pilot_servings_fallback; default_salad_4_servings,653.59,453.59,653.59,0.694,365.1399,8.1646,75.7495,1.5422,91.285,2.0412,18.9374,0.3856,6,4,1,1,0,1,1,partial_from_mapped_ingredients,is_low_kcal_suspicious; is_low_protein_suspicious,recipes_v1_1_draft_001,True,1
recipes_v1_1_candidate_037,Asian Chicken Salad,salad,chicken,v1_1_mapped_ingredients_draft,4,True,pilot_fallback_recipe_kind_weight,pilot_servings_fallback; default_salad_4_servings,150.7,105.7,150.7,0.7014,717.7202,0.7836,27.2406,67.2406,179.43,0.1959,6.8102,16.8101,5,4,4,0,0,1,1,usable_from_mapped_ingredients,is_low_protein_suspicious,recipes_v1_1_draft_001,True,1
recipes_v1_1_candidate_066,Jasmine Rice,complete_main,vegetarian,v1_1_mapped_ingredients_draft,4,True,pilot_fallback_recipe_kind_weight,pilot_servings_fallback; default_complete_main_4_servings,1024.5,747,1024.5,0.7291,243,0.081,0,26.973,60.75,0.0203,0,6.7433,7,3,2,1,0,3,1,partial_from_mapped_ingredients,is_low_kcal_suspicious; is_low_protein_suspicious,recipes_v1_1_draft_001,True,1
recipes_v1_1_candidate_081,Tofu and Rice Stuffed Peppers,complete_main,vegetarian,v1_1_mapped_ingredients_draft,4,True,pilot_fallback_recipe_kind_weight,pilot_servings_fallback; default_complete_main_4_servings,695,510,695,0.7338,246.33,0.2403,0.558,26.982,61.5825,0.0601,0.1395,6.7455,12,4,3,3,0,5,1,partial_from_mapped_ingredients,is_low_kcal_suspicious; is_low_protein_suspicious,recipes_v1_1_draft_001,True,1
recipes_v1_1_candidate_147,Creamy Morel Mushroom Soup,soup,chicken,v1_1_mapped_ingredients_draft,4,True,pilot_fallback_recipe_kind_weight,pilot_servings_fallback; default_soup_4_servings,869.8,643,869.8,0.7393,74.6442,2.7078,12.7544,1.3002,18.661,0.677,3.1886,0.3251,11,6,4,1,0,4,1,partial_from_mapped_ingredients,is_low_kcal_suspicious; is_low_protein_suspicious,recipes_v1_1_draft_001,True,1
recipes_v1_1_candidate_148,Chimichurri Shrimp,near_complete_main,fish,v1_1_mapped_ingredients_draft,4,True,pilot_fallback_recipe_kind_weight,pilot_servings_fallback; default_near_complete_main_4_servings,174,129,174,0.7414,988.65,1.1205,2.79,107.937,247.1625,0.2801,0.6975,26.9843,9,3,3,4,0,2,1,usable_from_mapped_ingredients,is_low_protein_suspicious,recipes_v1_1_draft_001,True,1
recipes_v1_1_candidate_141,Lobster Ravioli in Tomato Cream Sauce with Shrimp,near_complete_main,fish,v1_1_mapped_ingredients_draft,4,True,pilot_fallback_recipe_kind_weight,pilot_servings_fallback; default_near_complete_main_4_servings,1122.9,896.1,1122.9,0.798,72.867,2.5093,9.7449,0.9408,18.2168,0.6273,2.4362,0.2352,10,6,6,0,0,4,1,partial_from_mapped_ingredients,is_low_kcal_suspicious; is_low_protein_suspicious,recipes_v1_1_draft_001,True,1
recipes_v1_1_candidate_120,Super Easy Chicken Noodle Soup,soup,chicken,v1_1_mapped_ingredients_draft,6,True,pilot_fallback_recipe_kind_weight,pilot_servings_fallback; known_weight_grams_sum_gte_1600,2373.59,1920,2373.59,0.8089,0,0,0,0,0,0,0,0,4,1,1,1,1,2,0,partial_from_mapped_ingredients,is_low_kcal_suspicious; is_low_protein_suspicious,recipes_v1_1_draft_001,True,1
recipes_v1_1_candidate_091,Vegetable Fried Rice,complete_main,vegetarian,v1_1_mapped_ingredients_draft,4,True,pilot_fallback_recipe_kind_weight,pilot_servings_fallback; default_complete_main_4_servings,1457.3,1179.8,1457.3,0.8096,230.418,12.8611,13.671,10.9824,57.6045,3.2153,3.4177,2.7456,12,7,6,0,0,5,1,partial_from_mapped_ingredients,is_low_kcal_suspicious; is_low_protein_suspicious,recipes_v1_1_draft_001,True,1
recipes_v1_1_candidate_097,Granny's Easy Chili,soup,vegetarian,v1_1_mapped_ingredients_draft,4,True,pilot_fallback_recipe_kind_weight,pilot_servings_fallback; default_soup_4_servings,1352.9,1126.1,1352.9,0.8324,284.2072,2.0801,36.5198,14.2135,71.0518,0.52,9.13,3.5534,11,6,5,1,0,4,1,partial_from_mapped_ingredients,is_low_kcal_suspicious; is_low_protein_suspicious,recipes_v1_1_draft_001,True,1
recipes_v1_1_candidate_070,Hot Honey Salmon Bowls,complete_main,fish,v1_1_mapped_ingredients_draft,4,True,pilot_fallback_recipe_kind_weight,pilot_servings_fallback; default_complete_main_4_servings,571.1,478.6,571.1,0.838,317.055,3.8199,15.6559,27.6093,79.2637,0.955,3.914,6.9023,15,7,5,1,1,7,0,partial_from_mapped_ingredients,is_low_kcal_suspicious; is_low_protein_suspicious,recipes_v1_1_draft_001,True,1
recipes_v1_1_candidate_185,Real Hummus,snack,vegetarian,v1_1_mapped_ingredients_draft,1,True,pilot_fallback_recipe_kind_weight,pilot_servings_fallback; snack_weight_lte_350g_1_serving; small_non_main_weight_lte_300g_1_serving,39,33,39,0.8462,249.66,0.3996,1.116,26.991,249.66,0.3996,1.116,26.991,7,2,2,3,1,2,0,partial_from_mapped_ingredients,,recipes_v1_1_draft_001,False,1
recipes_v1_1_candidate_022,Grandma's Chinese Vegetable Soup,soup,pork,v1_1_mapped_ingredients_draft,8,True,pilot_fallback_recipe_kind_weight,pilot_servings_fallback; known_weight_grams_sum_gte_2400,3027.79,2574.2,3027.79,0.8502,79.3864,1.588,15.6206,0.862,9.9233,0.1985,1.9526,0.1078,8,5,4,1,0,2,1,partial_from_mapped_ingredients,is_low_kcal_suspicious; is_low_protein_suspicious,recipes_v1_1_draft_001,True,1
recipes_v1_1_candidate_077,"Asian Pasta Salad with Beef, Broccoli and Bean Sprouts",salad,beef,v1_1_mapped_ingredients_draft,4,True,pilot_fallback_recipe_kind_weight,pilot_servings_fallback; default_salad_4_servings,200,172.5,200,0.8625,659.01,7.2747,5.1684,67.353,164.7525,1.8187,1.2921,16.8382,9,4,4,2,0,3,2,usable_from_mapped_ingredients,is_low_protein_suspicious,recipes_v1_1_draft_001,True,2
recipes_v1_1_candidate_063,Dad's Pan-Fried Green Beans,complete_main,vegetarian,v1_1_mapped_ingredients_draft,4,True,pilot_fallback_recipe_kind_weight,pilot_servings_fallback; default_complete_main_4_servings,553.39,490.39,553.39,0.8862,424.7389,8.8702,40.9761,28.2869,106.1847,2.2176,10.244,7.0717,6,4,4,0,0,2,2,usable_from_mapped_ingredients,is_low_kcal_suspicious; is_low_protein_suspicious,recipes_v1_1_draft_001,True,2
recipes_v1_1_candidate_192,Lemon Herb Quinoa,carb_side,unknown,v1_1_mapped_ingredients_draft,4,True,pilot_fallback_recipe_kind_weight,pilot_servings_fallback; default_carb_side_4_servings,540.8,482.8,540.8,0.8928,3.108,0.1487,0.5208,0.0084,0.777,0.0372,0.1302,0.0021,7,2,2,4,0,1,1,partial_from_mapped_ingredients,,recipes_v1_1_draft_001,False,1
recipes_v1_1_candidate_102,Navy Bean Soup,soup,pork,v1_1_mapped_ingredients_draft,8,True,pilot_fallback_recipe_kind_weight,pilot_servings_fallback; known_weight_grams_sum_gte_2400,2508.45,2281.65,2508.45,0.9096,48.5046,1.9573,8.1392,0.8574,6.0631,0.2447,1.0174,0.1072,15,8,7,0,0,7,1,partial_from_mapped_ingredients,is_low_kcal_suspicious; is_low_protein_suspicious,recipes_v1_1_draft_001,True,1
recipes_v1_1_candidate_087,Shrimp Lemon Pepper Linguini,complete_main,fish,v1_1_mapped_ingredients_draft,4,True,pilot_fallback_recipe_kind_weight,pilot_servings_fallback; default_complete_main_4_servings,663.09,605.09,663.09,0.9125,597.7341,91.1215,18.4362,17.6027,149.4335,22.7804,4.6091,4.4007,13,5,4,4,0,4,1,usable_from_mapped_ingredients,is_low_kcal_suspicious,recipes_v1_1_draft_001,True,1
recipes_v1_1_candidate_089,Filipino Chicken Salad,salad,chicken,v1_1_mapped_ingredients_draft,4,True,pilot_fallback_recipe_kind_weight,pilot_servings_fallback; default_salad_4_servings,70.2,64.2,70.2,0.9145,40.8864,0.378,8.7456,0.18,10.2216,0.0945,2.1864,0.045,10,4,2,2,0,4,1,partial_from_mapped_ingredients,is_low_kcal_suspicious; is_low_protein_suspicious,recipes_v1_1_draft_001,True,1
recipes_v1_1_candidate_093,Savory Vegetarian Quinoa,complete_main,vegetarian,v1_1_mapped_ingredients_draft,4,True,pilot_fallback_recipe_kind_weight,pilot_servings_fallback; default_complete_main_4_servings,345,318,345,0.9217,131.46,4.114,23.3514,1.274,32.865,1.0285,5.8378,0.3185,10,4,4,2,0,4,1,partial_from_mapped_ingredients,is_low_kcal_suspicious; is_low_protein_suspicious,recipes_v1_1_draft_001,True,1
recipes_v1_1_candidate_180,Pistachio Hummus,snack,vegetarian,v1_1_mapped_ingredients_draft,1,True,pilot_fallback_recipe_kind_weight,pilot_servings_fallback; snack_weight_lte_350g_1_serving; small_non_main_weight_lte_300g_1_serving,49.5,46.5,49.5,0.9394,364.5,0.1215,0,40.4595,364.5,0.1215,0,40.4595,8,2,2,2,0,4,1,partial_from_mapped_ingredients,,recipes_v1_1_draft_001,False,1
recipes_v1_1_candidate_116,"Velveting Chicken Breast, Chinese Restaurant Style",near_complete_main,chicken,v1_1_mapped_ingredients_draft,8,True,pilot_fallback_recipe_kind_weight,pilot_servings_fallback; known_weight_grams_sum_gte_2400,2452.59,2387.59,2452.59,0.9735,529.429,106.1609,7.304,6.8078,66.1786,13.2701,0.913,0.851,7,5,4,1,1,1,1,partial_from_mapped_ingredients,is_low_kcal_suspicious,recipes_v1_1_draft_001,True,2
recipes_v1_1_candidate_078,Spicy Air Fryer Green Beans,complete_main,vegetarian,v1_1_mapped_ingredients_draft,4,True,pilot_fallback_recipe_kind_weight,pilot_servings_fallback; default_complete_main_4_servings,366.99,361.99,366.99,0.9864,246.308,6.9641,27.5579,14.4668,61.577,1.741,6.8895,3.6167,6,4,4,0,0,2,1,partial_from_mapped_ingredients,is_low_kcal_suspicious; is_low_protein_suspicious,recipes_v1_1_draft_001,True,1
recipes_v1_1_candidate_133,Slow Cooker Italian Beef,near_complete_main,beef,v1_1_mapped_ingredients_draft,4,True,pilot_fallback_recipe_kind_weight,pilot_servings_fallback; default_near_complete_main_4_servings,736.5,730.5,736.5,0.9919,10.5506,0.7019,1.3272,0.2705,2.6376,0.1755,0.3318,0.0676,11,6,6,0,0,5,1,partial_from_mapped_ingredients,is_low_kcal_suspicious; is_low_protein_suspicious,recipes_v1_1_draft_001,True,1
recipes_v1_1_candidate_193,Spaghetti all'Assassina (Assassin's Spaghetti),carb_side,unknown,v1_1_mapped_ingredients_draft,4,True,pilot_fallback_recipe_kind_weight,pilot_servings_fallback; default_carb_side_4_servings,745.5,739.5,745.5,0.992,128.16,0.3591,1.116,13.5045,32.04,0.0898,0.279,3.3761,5,3,3,2,1,0,0,partial_from_mapped_ingredients,,recipes_v1_1_draft_001,False,1
recipes_v1_1_candidate_047,Greek Green Beans,complete_main,vegetarian,v1_1_mapped_ingredients_draft,4,True,pilot_fallback_recipe_kind_weight,pilot_servings_fallback; default_complete_main_4_servings,1080.58,1072.18,1080.58,0.9922,1778.843,17.791,72.0438,164.3871,444.7107,4.4478,18.0109,41.0968,7,4,3,1,0,2,1,usable_from_mapped_ingredients,is_low_protein_suspicious,recipes_v1_1_draft_001,True,1
recipes_v1_1_candidate_104,Steak Fried Rice,complete_main,beef,v1_1_mapped_ingredients_draft,4,True,pilot_fallback_recipe_kind_weight,pilot_servings_fallback; default_complete_main_4_servings,928,923,928,0.9946,1529.442,33.8538,214.7602,57.655,382.3605,8.4634,53.69,14.4138,16,11,10,2,0,3,1,usable_from_mapped_ingredients,is_low_protein_suspicious,recipes_v1_1_draft_001,True,1
recipes_v1_1_candidate_062,Air Fryer Garlic Green Beans,complete_main,vegetarian,v1_1_mapped_ingredients_draft,4,True,pilot_fallback_recipe_kind_weight,pilot_servings_fallback; default_complete_main_4_servings,363.8775,362.3775,363.8775,0.9959,250.6918,6.9544,28.4829,14.4858,62.6729,1.7386,7.1207,3.6214,5,4,4,0,0,1,1,partial_from_mapped_ingredients,is_low_kcal_suspicious; is_low_protein_suspicious,recipes_v1_1_draft_001,True,1
recipes_v1_1_candidate_125,Chipotle Chicken Burgers,near_complete_main,chicken,v1_1_mapped_ingredients_draft,4,True,pilot_fallback_recipe_kind_weight,pilot_servings_fallback; default_near_complete_main_4_servings,0.75,0.75,0.75,1,0,0,0,0,0,0,0,0,4,1,1,1,0,2,0,partial_from_mapped_ingredients,is_low_kcal_suspicious; is_low_protein_suspicious,recipes_v1_1_draft_001,True,0
recipes_v1_1_candidate_197,Make-Ahead Spinach Salad in a Jar,veg_side,unknown,v1_1_mapped_ingredients_draft,4,True,pilot_fallback_recipe_kind_weight,pilot_servings_fallback; default_veg_side_4_servings,480,480,480,1,0,0,0,0,0,0,0,0,3,1,1,1,0,1,0,partial_from_mapped_ingredients,,recipes_v1_1_draft_001,False,0
recipes_v1_1_candidate_196,One - Two - Three - Mexican Macaroni Salad,veg_side,unknown,v1_1_mapped_ingredients_draft,1,True,pilot_fallback_recipe_kind_weight,pilot_servings_fallback; default_veg_side_4_servings; small_non_main_weight_lte_300g_1_serving,6,6,6,1,0,0,0,0,0,0,0,0,8,1,1,2,0,5,0,partial_from_mapped_ingredients,,recipes_v1_1_draft_001,False,0
recipes_v1_1_candidate_195,Chef John's Jollof Rice,carb_side,unknown,v1_1_mapped_ingredients_draft,4,True,pilot_fallback_recipe_kind_weight,pilot_servings_fallback; default_carb_side_4_servings,492,492,492,1,13.32,0.6372,2.232,0.036,3.33,0.1593,0.558,0.009,7,2,2,2,0,3,0,partial_from_mapped_ingredients,,recipes_v1_1_draft_001,False,0
recipes_v1_1_candidate_184,Easy Black Bean Hummus,snack,vegetarian,v1_1_mapped_ingredients_draft,1,True,pilot_fallback_recipe_kind_weight,pilot_servings_fallback; snack_weight_lte_350g_1_serving; small_non_main_weight_lte_300g_1_serving,2.1,2.1,2.1,1,3.549,0.483,0.2121,0.0855,3.549,0.483,0.2121,0.0855,4,1,1,0,0,3,0,partial_from_mapped_ingredients,,recipes_v1_1_draft_001,False,0
recipes_v1_1_candidate_036,Prime Rib Soup,soup,beef,v1_1_mapped_ingredients_draft,4,True,pilot_fallback_recipe_kind_weight,pilot_servings_fallback; default_soup_4_servings,68.3,68.3,68.3,1,30.5301,0.6839,5.4625,0.3525,7.6325,0.171,1.3656,0.0881,8,3,3,1,0,4,0,partial_from_mapped_ingredients,is_low_kcal_suspicious; is_low_protein_suspicious,recipes_v1_1_draft_001,True,0
recipes_v1_1_candidate_137,Chicken Zoodle Soup in a Jar,soup,chicken,v1_1_mapped_ingredients_draft,4,True,pilot_fallback_recipe_kind_weight,pilot_servings_fallback; default_soup_4_servings,69.075,69.075,69.075,1,33.3875,0.7888,6.0869,0.2486,8.3469,0.1972,1.5217,0.0622,10,4,3,2,0,4,0,partial_from_mapped_ingredients,is_low_kcal_suspicious; is_low_protein_suspicious,recipes_v1_1_draft_001,True,0
recipes_v1_1_candidate_085,Refried Beans Without the Refry,complete_main,vegetarian,v1_1_mapped_ingredients_draft,6,True,pilot_fallback_recipe_kind_weight,pilot_servings_fallback; known_weight_grams_sum_gte_1600,2320.825,2320.825,2320.825,1,68.3657,2.6374,11.5897,1.0343,11.3943,0.4396,1.9316,0.1724,8,5,5,0,0,3,0,partial_from_mapped_ingredients,is_low_kcal_suspicious; is_low_protein_suspicious,recipes_v1_1_draft_001,True,0
recipes_v1_1_candidate_044,Easy Chicken and Dumplings with Vegetables,complete_main,chicken,v1_1_mapped_ingredients_draft,6,True,pilot_fallback_recipe_kind_weight,pilot_servings_fallback; known_weight_grams_sum_gte_1600,2090.3,2090.3,2090.3,1,71.5641,2.5025,11.8975,1.5483,11.9273,0.4171,1.9829,0.258,10,6,5,1,0,3,0,partial_from_mapped_ingredients,is_low_kcal_suspicious; is_low_protein_suspicious,recipes_v1_1_draft_001,True,0
recipes_v1_1_candidate_010,Angela's Asian-Inspired Chicken Noodle Soup,soup,chicken,v1_1_mapped_ingredients_draft,4,True,pilot_fallback_recipe_kind_weight,pilot_servings_fallback; default_soup_4_servings,784.5,784.5,784.5,1,64.62,0.378,4.554,4.68,16.155,0.0945,1.1385,1.17,6,4,3,0,0,2,0,partial_from_mapped_ingredients,is_low_kcal_suspicious; is_low_protein_suspicious,recipes_v1_1_draft_001,True,0
recipes_v1_1_candidate_038,Classic Turkey and Rice Soup,soup,turkey,v1_1_mapped_ingredients_draft,4,True,pilot_fallback_recipe_kind_weight,pilot_servings_fallback; default_soup_4_servings,211,211,211,1,78.729,2.1191,14.198,1.1843,19.6822,0.5298,3.5495,0.2961,10,6,3,2,0,2,0,partial_from_mapped_ingredients,is_low_kcal_suspicious; is_low_protein_suspicious,recipes_v1_1_draft_001,True,0
recipes_v1_1_candidate_082,Vegetable Curry with Coconut Milk,complete_main,vegetarian,v1_1_mapped_ingredients_draft,4,True,pilot_fallback_recipe_kind_weight,pilot_servings_fallback; default_complete_main_4_servings,479,479,479,1,96.73,2.4439,17.657,1.069,24.1825,0.611,4.4142,0.2672,12,5,4,4,0,3,0,partial_from_mapped_ingredients,is_low_kcal_suspicious; is_low_protein_suspicious,recipes_v1_1_draft_001,True,0
recipes_v1_1_candidate_190,Tri-Tip Bulgogi,protein_component,beef,v1_1_mapped_ingredients_draft,1,True,pilot_fallback_recipe_kind_weight,pilot_servings_fallback; default_protein_component_4_servings; small_non_main_weight_lte_300g_1_serving,61,61,61,1,25.91,0.9236,4.5535,0.359,25.91,0.9236,4.5535,0.359,5,3,2,1,0,1,0,partial_from_mapped_ingredients,is_low_protein_suspicious,recipes_v1_1_draft_001,False,0
recipes_v1_1_candidate_122,Gourmet Chicken Sandwich,near_complete_main,chicken,v1_1_mapped_ingredients_draft,4,True,pilot_fallback_recipe_kind_weight,pilot_servings_fallback; default_near_complete_main_4_servings,16.3,16.3,16.3,1,124.608,0.1892,0.5208,13.4949,31.152,0.0473,0.1302,3.3737,8,2,2,4,0,2,0,partial_from_mapped_ingredients,is_low_kcal_suspicious; is_low_protein_suspicious,recipes_v1_1_draft_001,True,0
recipes_v1_1_candidate_117,Tomato Basil Salmon,near_complete_main,fish,v1_1_mapped_ingredients_draft,4,True,pilot_fallback_recipe_kind_weight,pilot_servings_fallback; default_near_complete_main_4_servings,15.6,15.6,15.6,1,125.049,0.5235,0.2121,13.572,31.2623,0.1309,0.053,3.393,5,3,2,1,0,1,0,partial_from_mapped_ingredients,is_low_kcal_suspicious; is_low_protein_suspicious,recipes_v1_1_draft_001,True,0
recipes_v1_1_candidate_200,Broccoli and Carrot Stir Fry,veg_side,unknown,v1_1_mapped_ingredients_draft,1,True,pilot_fallback_recipe_kind_weight,pilot_servings_fallback; default_veg_side_4_servings; small_non_main_weight_lte_300g_1_serving,72.7,72.7,72.7,1,34.407,0.385,7.0191,0.1813,34.407,0.385,7.0191,0.1813,7,4,3,1,0,2,0,partial_from_mapped_ingredients,,recipes_v1_1_draft_001,False,0
recipes_v1_1_candidate_016,Sheet Pan Tilapia and Potatoes,complete_main,fish,v1_1_mapped_ingredients_draft,4,True,pilot_fallback_recipe_kind_weight,pilot_servings_fallback; default_complete_main_4_servings,90.65,90.65,90.65,1,154.0331,1.0047,3.5911,13.7828,38.5083,0.2512,0.8978,3.4457,11,5,5,1,0,5,0,partial_from_mapped_ingredients,is_low_kcal_suspicious; is_low_protein_suspicious,recipes_v1_1_draft_001,True,0
recipes_v1_1_candidate_064,Sweet and Spicy Green Beans,complete_main,vegetarian,v1_1_mapped_ingredients_draft,4,True,pilot_fallback_recipe_kind_weight,pilot_servings_fallback; default_complete_main_4_servings,382.19,382.19,382.19,1,159.9865,8.8937,34.2488,0.9935,39.9966,2.2234,8.5622,0.2484,6,4,4,0,0,2,0,partial_from_mapped_ingredients,is_low_kcal_suspicious; is_low_protein_suspicious,recipes_v1_1_draft_001,True,0
recipes_v1_1_candidate_024,Vegan Bean Taco Filling,complete_main,vegetarian,v1_1_mapped_ingredients_draft,4,True,pilot_fallback_recipe_kind_weight,pilot_servings_fallback; default_complete_main_4_servings,129.5,129.5,129.5,1,166.66,1.5691,7.991,14.1865,41.665,0.3923,1.9977,3.5466,11,5,3,0,0,6,0,partial_from_mapped_ingredients,is_low_kcal_suspicious; is_low_protein_suspicious,recipes_v1_1_draft_001,True,0
recipes_v1_1_candidate_088,African Chicken Stew,soup,chicken,v1_1_mapped_ingredients_draft,4,True,pilot_fallback_recipe_kind_weight,pilot_servings_fallback; default_soup_4_servings,377.8,377.8,377.8,1,173.0701,1.875,8.8995,14.359,43.2675,0.4688,2.2249,3.5898,13,7,6,2,0,4,0,partial_from_mapped_ingredients,is_low_kcal_suspicious; is_low_protein_suspicious,recipes_v1_1_draft_001,True,0
recipes_v1_1_candidate_098,Indian Sweet Potato and Lentil Soup,soup,vegetarian,v1_1_mapped_ingredients_draft,4,True,pilot_fallback_recipe_kind_weight,pilot_servings_fallback; default_soup_4_servings,181.5,181.5,181.5,1,193.98,2.6463,12.723,14.4705,48.495,0.6616,3.1808,3.6176,11,3,3,3,0,5,0,partial_from_mapped_ingredients,is_low_kcal_suspicious; is_low_protein_suspicious,recipes_v1_1_draft_001,True,0
recipes_v1_1_candidate_079,Chinese Garlic Green Beans,complete_main,vegetarian,v1_1_mapped_ingredients_draft,4,True,pilot_fallback_recipe_kind_weight,pilot_servings_fallback; default_complete_main_4_servings,482.69,482.69,482.69,1,220.1395,9.6419,49.7197,1.2987,55.0349,2.4105,12.4299,0.3247,6,4,4,1,0,1,0,partial_from_mapped_ingredients,is_low_kcal_suspicious; is_low_protein_suspicious,recipes_v1_1_draft_001,True,0
recipes_v1_1_candidate_012,Garbanzo Stir-Fry,complete_main,vegetarian,v1_1_mapped_ingredients_draft,4,True,pilot_fallback_recipe_kind_weight,pilot_servings_fallback; default_complete_main_4_servings,30,30,30,1,246.33,0.2403,0.558,26.982,61.5825,0.0601,0.1395,6.7455,10,2,2,4,0,4,0,partial_from_mapped_ingredients,is_low_kcal_suspicious; is_low_protein_suspicious,recipes_v1_1_draft_001,True,0
recipes_v1_1_candidate_179,Fried Cauliflower,snack,egg,v1_1_mapped_ingredients_draft,1,True,pilot_fallback_recipe_kind_weight,pilot_servings_fallback; snack_weight_lte_350g_1_serving; small_non_main_weight_lte_300g_1_serving,60,60,60,1,74.73,6.688,0.617,5.074,74.73,6.688,0.617,5.074,5,2,2,1,0,2,0,partial_from_mapped_ingredients,is_low_protein_suspicious,recipes_v1_1_draft_001,False,0
recipes_v1_1_candidate_053,Baked Chicken and Vegetable Rice Paper Rolls,complete_main,chicken,v1_1_mapped_ingredients_draft,4,True,pilot_fallback_recipe_kind_weight,pilot_servings_fallback; default_complete_main_4_servings,204,204,204,1,298.935,5.6632,35.0473,14.355,74.7338,1.4158,8.7618,3.5888,11,6,6,1,0,4,0,partial_from_mapped_ingredients,is_low_kcal_suspicious; is_low_protein_suspicious,recipes_v1_1_draft_001,True,0
recipes_v1_1_candidate_058,Filipino Pancit Bihon with Canton,complete_main,chicken,v1_1_mapped_ingredients_draft,4,True,pilot_fallback_recipe_kind_weight,pilot_servings_fallback; default_complete_main_4_servings,715,715,715,1,326.84,4.2532,13.7098,27.885,81.71,1.0633,3.4274,6.9713,13,8,6,1,0,4,0,partial_from_mapped_ingredients,is_low_kcal_suspicious; is_low_protein_suspicious,recipes_v1_1_draft_001,True,0
recipes_v1_1_candidate_103,Breadless Stuffing,complete_main,egg,v1_1_mapped_ingredients_draft,4,True,pilot_fallback_recipe_kind_weight,pilot_servings_fallback; default_complete_main_4_servings,264.628,264.628,264.628,1,344.7349,7.6421,5.4925,32.4091,86.1837,1.9105,1.3731,8.1023,12,8,7,1,0,3,0,partial_from_mapped_ingredients,is_low_kcal_suspicious; is_low_protein_suspicious,recipes_v1_1_draft_001,True,0
recipes_v1_1_candidate_099,Spicy Indian Dahl,complete_main,vegetarian,v1_1_mapped_ingredients_draft,4,True,pilot_fallback_recipe_kind_weight,pilot_servings_fallback; default_complete_main_4_servings,615,615,615,1,378.48,4.6668,23.973,29.073,94.62,1.1667,5.9932,7.2683,13,5,4,2,0,6,0,partial_from_mapped_ingredients,is_low_kcal_suspicious; is_low_protein_suspicious,recipes_v1_1_draft_001,True,0
recipes_v1_1_candidate_067,Simple Cauliflower Soup,soup,vegetarian,v1_1_mapped_ingredients_draft,4,True,pilot_fallback_recipe_kind_weight,pilot_servings_fallback; default_soup_4_servings,628.4,628.4,628.4,1,484.122,17.9708,30.7486,32.0166,121.0305,4.4927,7.6872,8.0041,7,3,3,3,0,1,0,usable_from_mapped_ingredients,is_low_kcal_suspicious; is_low_protein_suspicious,recipes_v1_1_draft_001,True,0
recipes_v1_1_candidate_182,Air Fryer Puffed Butter Beans,snack,vegetarian,v1_1_mapped_ingredients_draft,1,True,pilot_fallback_recipe_kind_weight,pilot_servings_fallback; snack_weight_lte_350g_1_serving; small_non_main_weight_lte_300g_1_serving,19.5,19.5,19.5,1,121.5,0.0405,0,13.4865,121.5,0.0405,0,13.4865,6,2,2,0,0,4,0,partial_from_mapped_ingredients,,recipes_v1_1_draft_001,False,0
recipes_v1_1_candidate_183,Roasted Salt & Vinegar Chickpeas,snack,vegetarian,v1_1_mapped_ingredients_draft,1,True,pilot_fallback_recipe_kind_weight,pilot_servings_fallback; snack_weight_lte_350g_1_serving; small_non_main_weight_lte_300g_1_serving,19.5,19.5,19.5,1,121.5,0.0405,0,13.4865,121.5,0.0405,0,13.4865,4,2,2,0,0,2,0,partial_from_mapped_ingredients,,recipes_v1_1_draft_001,False,0
recipes_v1_1_candidate_028,Easy Skillet Lasagna,complete_main,beef,v1_1_mapped_ingredients_draft,4,True,pilot_fallback_recipe_kind_weight,pilot_servings_fallback; default_complete_main_4_servings,296.5,296.5,296.5,1,508.9701,47.3858,6.6394,32.6439,127.2425,11.8464,1.6598,8.161,11,8,7,0,0,3,0,usable_from_mapped_ingredients,is_low_kcal_suspicious,recipes_v1_1_draft_001,True,0
recipes_v1_1_candidate_152,Szechwan Shrimp,near_complete_main,fish,v1_1_mapped_ingredients_draft,4,True,pilot_fallback_recipe_kind_weight,pilot_servings_fallback; default_near_complete_main_4_servings,454.09,454.09,454.09,1,521.9521,68.8407,24.3837,16.3448,130.488,17.2102,6.0959,4.0862,11,8,7,1,0,2,0,usable_from_mapped_ingredients,is_low_kcal_suspicious,recipes_v1_1_draft_001,True,0
recipes_v1_1_candidate_092,Thanksgiving Gluten-Free Stuffing,complete_main,egg,v1_1_mapped_ingredients_draft,4,True,pilot_fallback_recipe_kind_weight,pilot_servings_fallback; default_complete_main_4_servings,365,365,365,1,581.5,15.2415,14.02,51.6535,145.375,3.8104,3.505,12.9134,10,5,4,2,0,3,0,usable_from_mapped_ingredients,is_low_kcal_suspicious; is_low_protein_suspicious,recipes_v1_1_draft_001,True,0
recipes_v1_1_candidate_023,Beef and Broccoli Udon Noodles,complete_main,beef,v1_1_mapped_ingredients_draft,4,True,pilot_fallback_recipe_kind_weight,pilot_servings_fallback; default_complete_main_4_servings,280.8,280.8,280.8,1,582.404,47.4208,7.8864,39.8796,145.601,11.8552,1.9716,9.9699,6,5,5,0,0,1,0,usable_from_mapped_ingredients,is_low_kcal_suspicious,recipes_v1_1_draft_001,True,0
recipes_v1_1_candidate_119,Grilled Beef Tenderloin with Herb-Garlic-Pepper Coating,near_complete_main,beef,v1_1_mapped_ingredients_draft,4,True,pilot_fallback_recipe_kind_weight,pilot_servings_fallback; default_near_complete_main_4_servings,123,123,123,1,755.64,1.5174,4.464,80.991,188.91,0.3793,1.116,20.2478,7,3,3,1,0,3,0,usable_from_mapped_ingredients,is_low_protein_suspicious,recipes_v1_1_draft_001,True,0
recipes_v1_1_candidate_149,Chicken Fried Rice,near_complete_main,chicken,v1_1_mapped_ingredients_draft,4,True,pilot_fallback_recipe_kind_weight,pilot_servings_fallback; default_near_complete_main_4_servings,604.7,604.7,604.7,1,887.446,20.729,125.9626,32.3503,221.8615,5.1822,31.4906,8.0876,9,7,7,2,0,0,0,usable_from_mapped_ingredients,is_low_protein_suspicious,recipes_v1_1_draft_001,True,0
recipes_v1_1_candidate_110,Cold Rice Salad,salad,chicken,v1_1_mapped_ingredients_draft,4,True,pilot_fallback_recipe_kind_weight,pilot_servings_fallback; default_salad_4_servings,880,880,880,1,965.38,24.616,59.266,69.4545,241.345,6.154,14.8165,17.3636,13,8,7,1,0,4,0,usable_from_mapped_ingredients,is_low_protein_suspicious,recipes_v1_1_draft_001,True,0
recipes_v1_1_candidate_039,Black-Eyed Peas and Rice,complete_main,pork,v1_1_mapped_ingredients_draft,4,True,pilot_fallback_recipe_kind_weight,pilot_servings_fallback; default_complete_main_4_servings,1161.5,1161.5,1161.5,1,968.08,17.6158,183.923,16.453,242.02,4.404,45.9808,4.1133,11,6,5,1,0,4,0,usable_from_mapped_ingredients,is_low_protein_suspicious,recipes_v1_1_draft_001,True,0
recipes_v1_1_candidate_176,Potato Salad Deviled Eggs,snack,egg,v1_1_mapped_ingredients_draft,2,True,pilot_fallback_recipe_kind_weight,pilot_servings_fallback; snack_weight_gt_350g_2_servings,400,400,400,1,560,50.8,1.08,39.32,280,25.4,0.54,19.66,8,2,1,4,0,2,0,partial_from_mapped_ingredients,,recipes_v1_1_draft_001,False,0
recipes_v1_1_candidate_162,Sweet Potato and Chorizo Hash,breakfast,pork,v1_1_mapped_ingredients_draft,1,True,pilot_fallback_recipe_kind_weight,pilot_servings_fallback; default_breakfast_2_servings; small_non_main_weight_lte_300g_1_serving,137,137,137,1,281.5,1.291,6.875,27.655,281.5,1.291,6.875,27.655,8,3,2,3,0,2,0,partial_from_mapped_ingredients,is_low_protein_suspicious,recipes_v1_1_draft_001,False,0
recipes_v1_1_candidate_106,Cabbage Fried Rice,complete_main,egg,v1_1_mapped_ingredients_draft,4,True,pilot_fallback_recipe_kind_weight,pilot_servings_fallback; default_complete_main_4_servings,792.075,792.075,792.075,1,1142.8125,37.4668,128.4963,50.9121,285.7031,9.3667,32.1241,12.728,13,9,9,1,0,3,0,usable_from_mapped_ingredients,is_low_protein_suspicious,recipes_v1_1_draft_001,True,0
recipes_v1_1_candidate_175,Nan's Potato and Egg Frittata,breakfast,egg,v1_1_mapped_ingredients_draft,2,True,pilot_fallback_recipe_kind_weight,pilot_servings_fallback; default_breakfast_2_servings,327,327,327,1,663,38.181,0.81,56.463,331.5,19.0905,0.405,28.2315,4,2,2,1,0,1,0,partial_from_mapped_ingredients,,recipes_v1_1_draft_001,False,0
recipes_v1_1_candidate_171,Homemade Hash Browns,breakfast,egg,v1_1_mapped_ingredients_draft,1,True,pilot_fallback_recipe_kind_weight,pilot_servings_fallback; default_breakfast_2_servings; small_non_main_weight_lte_300g_1_serving,190.575,190.575,190.575,1,353.1025,7.7175,7.2371,32.6131,353.1025,7.7175,7.2371,32.6131,6,5,5,0,0,1,0,usable_from_mapped_ingredients,is_low_protein_suspicious,recipes_v1_1_draft_001,False,0
recipes_v1_1_candidate_188,Easy Herb-Roasted Turkey,protein_component,turkey,v1_1_mapped_ingredients_draft,1,True,pilot_fallback_recipe_kind_weight,pilot_servings_fallback; default_protein_component_4_servings; small_non_main_weight_lte_300g_1_serving,170.55,170.55,170.55,1,1463.5711,0.9609,0.5957,161.9812,1463.5711,0.9609,0.5957,161.9812,7,4,4,2,0,1,0,usable_from_mapped_ingredients,is_low_protein_suspicious; is_high_macro_suspicious,recipes_v1_1_draft_001,False,0
