recipe_source_id,recipe_title_raw,category_raw,subcategory_raw,ingredient_index,ingredient_raw,section_name_raw,is_section_header,quantity_raw,quantity_value_low,quantity_value_high,unit_raw,unit_normalized,ingredient_text_clean,food_name_candidate,preparation_note,optional_flag,garnish_flag,alternative_flag,packaging_flag,parse_status,parse_notes,matched_food_id,matched_canonical_name,matched_display_name,matched_food_family_name,match_method,match_confidence,mapping_status,mapping_notes,candidate_count,candidate_food_ids_preview
pilot_recipe_final_001,"""OG"" Zuppa Toscana Soup",Pork,Pork Soup,6,10 cups water,,0,10,10.0,10.0,cups,cup,water,water,,0,0,0,0,parsed_clean,,food_water_bottled,water_bottled,"Water, bottled",Water,exact_family_name,medium,review_needed,exact food_family_name match,1,food_water_bottled
pilot_recipe_final_004,Apple Butter Meatballs,Main Dishes,Meatballs,5,1 large egg,,0,1,1.0,1.0,,,large egg,egg,large,0,0,0,0,parsed_partial,size_descriptor_removed; preparation_note_from_commas; count_without_measure_unit,,,,,exact_family_name,medium,review_needed,exact food_family_name match; ambiguous_candidate_set,4,"food_egg_fried_salted,food_egg_fried_without_added_fat,food_egg_powder,food_egg_raw"
pilot_recipe_final_004,Apple Butter Meatballs,Main Dishes,Meatballs,6,1/4 cup milk,,0,1/4,0.25,0.25,cup,cup,milk,milk,,0,0,0,0,parsed_clean,,,,,,exact_family_name,medium,review_needed,exact food_family_name match; ambiguous_candidate_set,3,"food_milk_powder_semi_skimmed,food_milk_powder_skimmed,food_milk_powder_whole"
pilot_recipe_final_005,Asian Pork Tenderloin,Main Dishes,Roasts,6,"4 cloves garlic, crushed",,0,4,4.0,4.0,cloves,clove,"garlic, crushed",garlic,crushed,0,0,0,0,parsed_partial,preparation_note_from_commas,,,,,exact_family_name,medium,review_needed,exact food_family_name match; ambiguous_candidate_set,2,"food_garlic_powder_dried,food_garlic_roasted_baked"
pilot_recipe_final_006,Asian-Style Meatloaf,Pork,Pork Meatloaf,4,"1 small onion, finely chopped",,0,1,1.0,1.0,,,"small onion, finely chopped",onion,small; finely chopped,0,0,0,0,parsed_partial,size_descriptor_removed; preparation_note_from_commas; count_without_measure_unit,,,,,exact_family_name,medium,review_needed,exact food_family_name match; ambiguous_candidate_set,4,"food_onion_cooked,food_onion_dried,food_onion_frozen_raw,food_onion_raw"
pilot_recipe_final_006,Asian-Style Meatloaf,Pork,Pork Meatloaf,6,"2 large eggs, lightly beaten",,0,2,2.0,2.0,,,"large eggs, lightly beaten",eggs,large; lightly beaten,0,0,0,0,parsed_partial,size_descriptor_removed; preparation_note_from_commas; count_without_measure_unit,,,,,family_fallback,low,review_needed,singularized food_family_name fallback; ambiguous_candidate_set,4,"food_egg_fried_salted,food_egg_fried_without_added_fat,food_egg_powder,food_egg_raw"
pilot_recipe_final_007,Authentic Chicken Adobo,Main Dishes,Filipino Main Dishes,3,"2 heads garlic, peeled and coarsely chopped, divided",,0,2,2.0,2.0,heads,head,"garlic, peeled and coarsely chopped, divided",garlic,peeled and coarsely chopped; divided,0,0,0,0,parsed_partial,preparation_note_from_commas,,,,,exact_family_name,medium,review_needed,exact food_family_name match; ambiguous_candidate_set,2,"food_garlic_powder_dried,food_garlic_roasted_baked"
pilot_recipe_final_008,BBQ NY Strip,Beef Recipes,Beef Ribs,5,4 tablespoons minced garlic,,0,4,4.0,4.0,tablespoons,tablespoon,minced garlic,minced garlic,,0,0,0,0,parsed_clean,,,,,,exact_family_name,medium,review_needed,light_normalization_rule:minced garlic->garlic; exact food_family_name match; ambiguous_candidate_set,2,"food_garlic_powder_dried,food_garlic_roasted_baked"
pilot_recipe_final_010,Beef Noodle Soup,Beef Recipes,Beef Soup,2,1 cup chopped onion,,0,1,1.0,1.0,cup,cup,chopped onion,chopped onion,,0,0,0,0,parsed_clean,,,,,,exact_family_name,medium,review_needed,light_normalization_rule:chopped onion->onion; exact food_family_name match; ambiguous_candidate_set,4,"food_onion_cooked,food_onion_dried,food_onion_frozen_raw,food_onion_raw"
pilot_recipe_final_010,Beef Noodle Soup,Beef Recipes,Beef Soup,8,5 ¾ cups water,,0,5 3/4,5.75,5.75,cups,cup,water,water,,0,0,0,0,parsed_clean,,food_water_bottled,water_bottled,"Water, bottled",Water,exact_family_name,medium,review_needed,exact food_family_name match,1,food_water_bottled
pilot_recipe_final_011,Beef Tenderloin with Dijon Cream Sauce,Main Dishes,Beef Main Dishes,1,"1 (2-pound) beef tenderloin, trimmed, with silver skin removed",,0,1 (2-pound),1.0,1.0,,,"beef tenderloin, trimmed, with silver skin removed",beef tenderloin,trimmed; with silver skin removed,0,0,0,0,parsed_partial,pack_size_note; leading_parenthetical_note; preparation_note_from_commas; count_without_measure_unit,food_beef_tenderloin_raw,beef_tenderloin_raw,"Beef, tenderloin, raw","Beef, tenderloin",family_fallback,low,review_needed,normalized food_family_name fallback,1,food_beef_tenderloin_raw
pilot_recipe_final_011,Beef Tenderloin with Dijon Cream Sauce,Main Dishes,Beef Main Dishes,6,3/4 cup mayonnaise,,0,3/4,0.75,0.75,cup,cup,mayonnaise,mayonnaise,,0,0,0,0,parsed_clean,,,,,,exact_family_name,medium,review_needed,exact food_family_name match; ambiguous_candidate_set,2,"food_mayonnaise_70_fat_and_more_prepacked,food_mayonnaise_reduced_fat_or_light_mayonnaise_prepacked"
pilot_recipe_final_011,Beef Tenderloin with Dijon Cream Sauce,Main Dishes,Beef Main Dishes,9,"fresh parsley, for garnish",,0,,,,,,fresh parsley,fresh parsley,,0,1,0,0,review_needed,missing_quantity; garnish_phrase,,,,,no_match,low,review_needed,no_exact_or_normalized_match,0,
pilot_recipe_final_012,"Bo Luc Lac ""French-Vietnamese Shaking Beef""",Main Dishes,French Main Dishes,1,2 tablespoons minced garlic,,0,2,2.0,2.0,tablespoons,tablespoon,minced garlic,minced garlic,,0,0,0,0,parsed_clean,,,,,,exact_family_name,medium,review_needed,light_normalization_rule:minced garlic->garlic; exact food_family_name match; ambiguous_candidate_set,2,"food_garlic_powder_dried,food_garlic_roasted_baked"
pilot_recipe_final_013,Bourbon Bacon Pulled Pork,Pork,Pork Loin,5,2 pounds pork loin,,0,2,2.0,2.0,pounds,pound,pork loin,pork loin,,0,0,0,0,parsed_clean,,,,,,exact_family_name,medium,review_needed,exact food_family_name match; ambiguous_candidate_set,2,"food_pork_loin_cooked,food_pork_loin_raw"
pilot_recipe_final_014,Breaded Center Cut Pork Chops,Main Dishes,Steaks And Chops,2,6 eggs,,0,6,6.0,6.0,,,eggs,eggs,,0,0,0,0,parsed_partial,count_without_measure_unit,,,,,family_fallback,low,review_needed,singularized food_family_name fallback; ambiguous_candidate_set,4,"food_egg_fried_salted,food_egg_fried_without_added_fat,food_egg_powder,food_egg_raw"
pilot_recipe_final_014,Breaded Center Cut Pork Chops,Main Dishes,Steaks And Chops,3,⅛ cup milk,,0,1/8,0.125,0.125,cup,cup,milk,milk,,0,0,0,0,parsed_clean,,,,,,exact_family_name,medium,review_needed,exact food_family_name match; ambiguous_candidate_set,3,"food_milk_powder_semi_skimmed,food_milk_powder_skimmed,food_milk_powder_whole"
pilot_recipe_final_015,"Broiled Chicken Breasts with Herbs, Carrots, and Red Potatoes",Healthy Recipes,Healthy Kid Recipes,2,"2 cloves garlic, sliced thin",,0,2,2.0,2.0,cloves,clove,"garlic, sliced thin",garlic,sliced thin,0,0,0,0,parsed_partial,preparation_note_from_commas,,,,,exact_family_name,medium,review_needed,exact food_family_name match; ambiguous_candidate_set,2,"food_garlic_powder_dried,food_garlic_roasted_baked"
pilot_recipe_final_015,"Broiled Chicken Breasts with Herbs, Carrots, and Red Potatoes",Healthy Recipes,Healthy Kid Recipes,6,"4 carrots, halved lengthwise and cut crosswise into 1-inch pieces",,0,4,4.0,4.0,,,"carrots, halved lengthwise and cut crosswise into 1-inch pieces",carrots,halved lengthwise and cut crosswise into 1-inch pieces,0,0,0,0,parsed_partial,preparation_note_from_commas; count_without_measure_unit,,,,,family_fallback,low,review_needed,singularized food_family_name fallback; ambiguous_candidate_set,9,"food_carrot_boiled_cooked_in_water_crunchy,food_carrot_boiled_cooked_in_water_tender,food_carrot_canned_drained,food_carrot_cooked,food_carrot_dehydrated"
pilot_recipe_final_016,Broiled Pork Chops,Dinner,Pork Chops,2,¾ cup water,,0,3/4,0.75,0.75,cup,cup,water,water,,0,0,0,0,parsed_clean,,food_water_bottled,water_bottled,"Water, bottled",Water,exact_family_name,medium,review_needed,exact food_family_name match,1,food_water_bottled
pilot_recipe_final_016,Broiled Pork Chops,Dinner,Pork Chops,10,6 (3/4 inch) thick pork chops,,0,6 (3/4 inch),6.0,6.0,,,thick pork chops,pork chops,thick,0,0,0,0,parsed_partial,leading_parenthetical_note; leading_descriptor_removed; preparation_note_from_commas; count_without_measure_unit,,,,,family_fallback,low,review_needed,singularized food_family_name fallback; ambiguous_candidate_set,2,"food_pork_chop_grilled,food_pork_chop_raw"
pilot_recipe_final_019,Cheese-Filled Meat Loaf,Pork,Pork Meatloaf,4,"1 egg, beaten",,0,1,1.0,1.0,,,"egg, beaten",egg,beaten,0,0,0,0,parsed_partial,preparation_note_from_commas; count_without_measure_unit,,,,,exact_family_name,medium,review_needed,exact food_family_name match; ambiguous_candidate_set,4,"food_egg_fried_salted,food_egg_fried_without_added_fat,food_egg_powder,food_egg_raw"
pilot_recipe_final_019,Cheese-Filled Meat Loaf,Pork,Pork Meatloaf,5,"1 clove garlic, minced",,0,1,1.0,1.0,clove,clove,"garlic, minced",garlic,minced,0,0,0,0,parsed_partial,preparation_note_from_commas,,,,,exact_family_name,medium,review_needed,exact food_family_name match; ambiguous_candidate_set,2,"food_garlic_powder_dried,food_garlic_roasted_baked"
pilot_recipe_final_020,Chicken Bog,Main Dishes,Southern Main Dishes,1,6 cups water,,0,6,6.0,6.0,cups,cup,water,water,,0,0,0,0,parsed_clean,,food_water_bottled,water_bottled,"Water, bottled",Water,exact_family_name,medium,review_needed,exact food_family_name match,1,food_water_bottled
pilot_recipe_final_020,Chicken Bog,Main Dishes,Southern Main Dishes,3,"1 medium onion, chopped",,0,1,1.0,1.0,,,"medium onion, chopped",onion,medium; chopped,0,0,0,0,parsed_partial,size_descriptor_removed; preparation_note_from_commas; count_without_measure_unit,,,,,exact_family_name,medium,review_needed,exact food_family_name match; ambiguous_candidate_set,4,"food_onion_cooked,food_onion_dried,food_onion_frozen_raw,food_onion_raw"
pilot_recipe_final_022,Classic Beef Stuffed Peppers,Main Dishes,Stuffed Bell Peppers,3,"3 eggs, beaten",,0,3,3.0,3.0,,,"eggs, beaten",eggs,beaten,0,0,0,0,parsed_partial,preparation_note_from_commas; count_without_measure_unit,,,,,family_fallback,low,review_needed,singularized food_family_name fallback; ambiguous_candidate_set,4,"food_egg_fried_salted,food_egg_fried_without_added_fat,food_egg_powder,food_egg_raw"
pilot_recipe_final_023,Corned Beef and Cabbage,Beef Recipes,Beef Brisket,4,"1 large onion, sliced",,0,1,1.0,1.0,,,"large onion, sliced",onion,large; sliced,0,0,0,0,parsed_partial,size_descriptor_removed; preparation_note_from_commas; count_without_measure_unit,,,,,exact_family_name,medium,review_needed,exact food_family_name match; ambiguous_candidate_set,4,"food_onion_cooked,food_onion_dried,food_onion_frozen_raw,food_onion_raw"
pilot_recipe_final_024,Crustless Cottage Cheese Mini Quiches,Main Dishes,Quiche,1,nonstick cooking spray,,0,,,,,,nonstick cooking spray,nonstick cooking spray,,0,0,0,0,review_needed,missing_quantity; mapping_risk_line,,,,,no_match,low,review_needed,no_exact_or_normalized_match,0,
pilot_recipe_final_024,Crustless Cottage Cheese Mini Quiches,Main Dishes,Quiche,2,3 eggs,,0,3,3.0,3.0,,,eggs,eggs,,0,0,0,0,parsed_partial,count_without_measure_unit,,,,,family_fallback,low,review_needed,singularized food_family_name fallback; ambiguous_candidate_set,4,"food_egg_fried_salted,food_egg_fried_without_added_fat,food_egg_powder,food_egg_raw"
pilot_recipe_final_024,Crustless Cottage Cheese Mini Quiches,Main Dishes,Quiche,4,¼ cup milk,,0,1/4,0.25,0.25,cup,cup,milk,milk,,0,0,0,0,parsed_clean,,,,,,exact_family_name,medium,review_needed,exact food_family_name match; ambiguous_candidate_set,3,"food_milk_powder_semi_skimmed,food_milk_powder_skimmed,food_milk_powder_whole"
pilot_recipe_final_025,"Easy Bacon, Onion, and Cheese-Stuffed Burgers",Main Dishes,Burgers,7,"1 medium onion, finely chopped",,0,1,1.0,1.0,,,"medium onion, finely chopped",onion,medium; finely chopped,0,0,0,0,parsed_partial,size_descriptor_removed; preparation_note_from_commas; count_without_measure_unit,,,,,exact_family_name,medium,review_needed,exact food_family_name match; ambiguous_candidate_set,4,"food_onion_cooked,food_onion_dried,food_onion_frozen_raw,food_onion_raw"
pilot_recipe_final_026,Easy Ginger Beef,Beef Recipes,Beef Stir-Fry,6,"1 onion, chopped",,0,1,1.0,1.0,,,"onion, chopped",onion,chopped,0,0,0,0,parsed_partial,preparation_note_from_commas; count_without_measure_unit,,,,,exact_family_name,medium,review_needed,exact food_family_name match; ambiguous_candidate_set,4,"food_onion_cooked,food_onion_dried,food_onion_frozen_raw,food_onion_raw"
pilot_recipe_final_026,Easy Ginger Beef,Beef Recipes,Beef Stir-Fry,8,¼ cup sweet and sour sauce,,0,1/4,0.25,0.25,cup,cup,sweet and sour sauce,sweet and sour sauce,,0,0,0,0,parsed_clean,,food_sweet_and_sour_sauce_prepacked,sweet_and_sour_sauce_prepacked,"Sweet and sour sauce, prepacked",Sweet and sour sauce,exact_family_name,medium,review_needed,exact food_family_name match,1,food_sweet_and_sour_sauce_prepacked
pilot_recipe_final_027,Easy Grilled Shrimp Fajitas,Mexican,Fajitas,3,"1 large onion, sliced into thin strips",,0,1,1.0,1.0,,,"large onion, sliced into thin strips",onion,large; sliced into thin strips,0,0,0,0,parsed_partial,size_descriptor_removed; preparation_note_from_commas; count_without_measure_unit,,,,,exact_family_name,medium,review_needed,exact food_family_name match; ambiguous_candidate_set,4,"food_onion_cooked,food_onion_dried,food_onion_frozen_raw,food_onion_raw"
pilot_recipe_final_029,Easy Mahi Mahi Fish Tacos,Mexican,Mexican Fish Tacos,4,"1 medium tomato, diced",,0,1,1.0,1.0,,,"medium tomato, diced",tomato,medium; diced,0,0,0,0,parsed_partial,size_descriptor_removed; preparation_note_from_commas; count_without_measure_unit,,,,,exact_family_name,medium,review_needed,exact food_family_name match; ambiguous_candidate_set,4,"food_tomato_dried,food_tomato_raw,food_tomato_roasted_baked,food_tomato_roasted_baked_with_skin"
pilot_recipe_final_029,Easy Mahi Mahi Fish Tacos,Mexican,Mexican Fish Tacos,9,cooking spray,,0,,,,,,cooking spray,cooking spray,,0,0,0,0,review_needed,missing_quantity; mapping_risk_line,,,,,no_match,low,review_needed,no_exact_or_normalized_match,0,
pilot_recipe_final_031,Easy Taco Casserole,Beef Recipes,Beef Casserole,3,½ cup chopped onion,,0,1/2,0.5,0.5,cup,cup,chopped onion,chopped onion,,0,0,0,0,parsed_clean,,,,,,exact_family_name,medium,review_needed,light_normalization_rule:chopped onion->onion; exact food_family_name match; ambiguous_candidate_set,4,"food_onion_cooked,food_onion_dried,food_onion_frozen_raw,food_onion_raw"
pilot_recipe_final_031,Easy Taco Casserole,Beef Recipes,Beef Casserole,4,½ cup mayonnaise,,0,1/2,0.5,0.5,cup,cup,mayonnaise,mayonnaise,,0,0,0,0,parsed_clean,,,,,,exact_family_name,medium,review_needed,exact food_family_name match; ambiguous_candidate_set,2,"food_mayonnaise_70_fat_and_more_prepacked,food_mayonnaise_reduced_fat_or_light_mayonnaise_prepacked"
pilot_recipe_final_032,Fried Beef Ribs,Beef Recipes,Beef Ribs,8,"6 large eggs, beaten",,0,6,6.0,6.0,,,"large eggs, beaten",eggs,large; beaten,0,0,0,0,parsed_partial,size_descriptor_removed; preparation_note_from_commas; count_without_measure_unit,,,,,family_fallback,low,review_needed,singularized food_family_name fallback; ambiguous_candidate_set,4,"food_egg_fried_salted,food_egg_fried_without_added_fat,food_egg_powder,food_egg_raw"
pilot_recipe_final_033,Garlic Butter Smoked Shrimp,Healthy Recipes,Keto Diet,1,"1 pound large shrimp, peeled and deveined",,0,1,1.0,1.0,pound,pound,"large shrimp, peeled and deveined",shrimp,large; peeled and deveined,0,0,0,0,parsed_partial,size_descriptor_removed; preparation_note_from_commas,,,,,exact_family_name,medium,review_needed,exact food_family_name match; ambiguous_candidate_set,2,"food_shrimp_cooked,food_shrimp_frozen_raw"
pilot_recipe_final_033,Garlic Butter Smoked Shrimp,Healthy Recipes,Keto Diet,5,"1 clove garlic, minced",,0,1,1.0,1.0,clove,clove,"garlic, minced",garlic,minced,0,0,0,0,parsed_partial,preparation_note_from_commas,,,,,exact_family_name,medium,review_needed,exact food_family_name match; ambiguous_candidate_set,2,"food_garlic_powder_dried,food_garlic_roasted_baked"
pilot_recipe_final_034,Garlic Ginger Chicken Meatball Bowls,Main Dishes,Meatballs,2,"4 cloves garlic, minced",,0,4,4.0,4.0,cloves,clove,"garlic, minced",garlic,minced,0,0,0,0,parsed_partial,preparation_note_from_commas,,,,,exact_family_name,medium,review_needed,exact food_family_name match; ambiguous_candidate_set,2,"food_garlic_powder_dried,food_garlic_roasted_baked"
pilot_recipe_final_034,Garlic Ginger Chicken Meatball Bowls,Main Dishes,Meatballs,4,"1/2 onion, finely minced",,0,1/2,0.5,0.5,,,"onion, finely minced",onion,finely minced,0,0,0,0,parsed_partial,preparation_note_from_commas; count_without_measure_unit,,,,,exact_family_name,medium,review_needed,exact food_family_name match; ambiguous_candidate_set,4,"food_onion_cooked,food_onion_dried,food_onion_frozen_raw,food_onion_raw"
pilot_recipe_final_034,Garlic Ginger Chicken Meatball Bowls,Main Dishes,Meatballs,7,"1 large egg, lightly beaten",,0,1,1.0,1.0,,,"large egg, lightly beaten",egg,large; lightly beaten,0,0,0,0,parsed_partial,size_descriptor_removed; preparation_note_from_commas; count_without_measure_unit,,,,,exact_family_name,medium,review_needed,exact food_family_name match; ambiguous_candidate_set,4,"food_egg_fried_salted,food_egg_fried_without_added_fat,food_egg_powder,food_egg_raw"
pilot_recipe_final_035,Gluten-Free Kalbi Beef,Beef Recipes,Beef Ribs,1,2 tablespoons sesame seeds,,0,2,2.0,2.0,tablespoons,tablespoon,sesame seeds,sesame seeds,,0,0,0,0,parsed_clean,,,,,,family_fallback,low,review_needed,singularized food_family_name fallback; ambiguous_candidate_set,2,"food_sesame_seed,food_sesame_seed_grilled_husked"
pilot_recipe_final_035,Gluten-Free Kalbi Beef,Beef Recipes,Beef Ribs,6,2 tablespoons minced garlic,,0,2,2.0,2.0,tablespoons,tablespoon,minced garlic,minced garlic,,0,0,0,0,parsed_clean,,,,,,exact_family_name,medium,review_needed,light_normalization_rule:minced garlic->garlic; exact food_family_name match; ambiguous_candidate_set,2,"food_garlic_powder_dried,food_garlic_roasted_baked"
pilot_recipe_final_036,Goat Cheese and Leek Quiche,Vegetarian,Vegetarian Quiche,3,3 eggs,,0,3,3.0,3.0,,,eggs,eggs,,0,0,0,0,parsed_partial,count_without_measure_unit,,,,,family_fallback,low,review_needed,singularized food_family_name fallback; ambiguous_candidate_set,4,"food_egg_fried_salted,food_egg_fried_without_added_fat,food_egg_powder,food_egg_raw"
pilot_recipe_final_036,Goat Cheese and Leek Quiche,Vegetarian,Vegetarian Quiche,5,½ cup milk,,0,1/2,0.5,0.5,cup,cup,milk,milk,,0,0,0,0,parsed_clean,,,,,,exact_family_name,medium,review_needed,exact food_family_name match; ambiguous_candidate_set,3,"food_milk_powder_semi_skimmed,food_milk_powder_skimmed,food_milk_powder_whole"
pilot_recipe_final_037,Grandma's Chicken Noodle Soup,Healthy Recipes,Low Glycemic Impact Recipes,7,1 cup chopped onion,,0,1,1.0,1.0,cup,cup,chopped onion,chopped onion,,0,0,0,0,parsed_clean,,,,,,exact_family_name,medium,review_needed,light_normalization_rule:chopped onion->onion; exact food_family_name match; ambiguous_candidate_set,4,"food_onion_cooked,food_onion_dried,food_onion_frozen_raw,food_onion_raw"
pilot_recipe_final_037,Grandma's Chicken Noodle Soup,Healthy Recipes,Low Glycemic Impact Recipes,9,¼ cup water,,0,1/4,0.25,0.25,cup,cup,water,water,,0,0,0,0,parsed_clean,,food_water_bottled,water_bottled,"Water, bottled",Water,exact_family_name,medium,review_needed,exact food_family_name match,1,food_water_bottled
pilot_recipe_final_038,Grilled Balsamic and Soy Marinated Flank Steak,Beef Recipes,Bbq & Grilled Beef,1,"½ onion, chopped",,0,1/2,0.5,0.5,,,"onion, chopped",onion,chopped,0,0,0,0,parsed_partial,preparation_note_from_commas; count_without_measure_unit,,,,,exact_family_name,medium,review_needed,exact food_family_name match; ambiguous_candidate_set,4,"food_onion_cooked,food_onion_dried,food_onion_frozen_raw,food_onion_raw"
pilot_recipe_final_038,Grilled Balsamic and Soy Marinated Flank Steak,Beef Recipes,Bbq & Grilled Beef,2,"3 cloves garlic, chopped",,0,3,3.0,3.0,cloves,clove,"garlic, chopped",garlic,chopped,0,0,0,0,parsed_partial,preparation_note_from_commas,,,,,exact_family_name,medium,review_needed,exact food_family_name match; ambiguous_candidate_set,2,"food_garlic_powder_dried,food_garlic_roasted_baked"
pilot_recipe_final_038,Grilled Balsamic and Soy Marinated Flank Steak,Beef Recipes,Bbq & Grilled Beef,7,1 tablespoon rosemary,,0,1,1.0,1.0,tablespoon,tablespoon,rosemary,rosemary,,0,0,0,0,parsed_clean,,food_rosemary_dried,rosemary_dried,"Rosemary, dried",Rosemary,exact_family_name,medium,review_needed,exact food_family_name match,1,food_rosemary_dried
pilot_recipe_final_039,Grilled Catfish Tacos,Mexican,Mexican Fish Tacos,9,cooking spray,,0,,,,,,cooking spray,cooking spray,,0,0,0,0,review_needed,missing_quantity; mapping_risk_line,,,,,no_match,low,review_needed,no_exact_or_normalized_match,0,
pilot_recipe_final_040,Grilled London Broil,Beef Recipes,Bbq & Grilled Beef,7,"2 cloves garlic, minced",,0,2,2.0,2.0,cloves,clove,"garlic, minced",garlic,minced,0,0,0,0,parsed_partial,preparation_note_from_commas,,,,,exact_family_name,medium,review_needed,exact food_family_name match; ambiguous_candidate_set,2,"food_garlic_powder_dried,food_garlic_roasted_baked"
pilot_recipe_final_041,Grilled Mahi Mahi in Thai Coconut Sauce,Main Dishes,Thai Main Dishes,5,"2 cloves garlic, minced",,0,2,2.0,2.0,cloves,clove,"garlic, minced",garlic,minced,0,0,0,0,parsed_partial,preparation_note_from_commas,,,,,exact_family_name,medium,review_needed,exact food_family_name match; ambiguous_candidate_set,2,"food_garlic_powder_dried,food_garlic_roasted_baked"
pilot_recipe_final_043,Ham and Cheese Breakfast Casserole,Pork,Pork Casserole,2,"8 ounces cooked ham, cubed",,0,8,8.0,8.0,ounces,ounce,"cooked ham, cubed",cooked ham,cubed,0,0,0,0,parsed_partial,preparation_note_from_commas,food_cooked_ham_smoked,cooked_ham_smoked,"Cooked ham, smoked",Cooked ham,exact_family_name,medium,review_needed,exact food_family_name match,1,food_cooked_ham_smoked
pilot_recipe_final_043,Ham and Cheese Breakfast Casserole,Pork,Pork Casserole,5,6 eggs,,0,6,6.0,6.0,,,eggs,eggs,,0,0,0,0,parsed_partial,count_without_measure_unit,,,,,family_fallback,low,review_needed,singularized food_family_name fallback; ambiguous_candidate_set,4,"food_egg_fried_salted,food_egg_fried_without_added_fat,food_egg_powder,food_egg_raw"
pilot_recipe_final_043,Ham and Cheese Breakfast Casserole,Pork,Pork Casserole,6,3 ½ cups milk,,0,3 1/2,3.5,3.5,cups,cup,milk,milk,,0,0,0,0,parsed_clean,,,,,,exact_family_name,medium,review_needed,exact food_family_name match; ambiguous_candidate_set,3,"food_milk_powder_semi_skimmed,food_milk_powder_skimmed,food_milk_powder_whole"
pilot_recipe_final_045,Healthier Eggplant Parmesan,Healthy Recipes,Healthy Makeover Recipes,1,1 large egg,,0,1,1.0,1.0,,,large egg,egg,large,0,0,0,0,parsed_partial,size_descriptor_removed; preparation_note_from_commas; count_without_measure_unit,,,,,exact_family_name,medium,review_needed,exact food_family_name match; ambiguous_candidate_set,4,"food_egg_fried_salted,food_egg_fried_without_added_fat,food_egg_powder,food_egg_raw"
pilot_recipe_final_045,Healthier Eggplant Parmesan,Healthy Recipes,Healthy Makeover Recipes,3,1 tablespoon water,,0,1,1.0,1.0,tablespoon,tablespoon,water,water,,0,0,0,0,parsed_clean,,food_water_bottled,water_bottled,"Water, bottled",Water,exact_family_name,medium,review_needed,exact food_family_name match,1,food_water_bottled
pilot_recipe_final_045,Healthier Eggplant Parmesan,Healthy Recipes,Healthy Makeover Recipes,5,"3 eggplant, peeled and thinly sliced",,0,3,3.0,3.0,,,"eggplant, peeled and thinly sliced",eggplant,peeled and thinly sliced,0,0,0,0,parsed_partial,preparation_note_from_commas; count_without_measure_unit,,,,,exact_family_name,medium,review_needed,exact food_family_name match; ambiguous_candidate_set,2,"food_eggplant_cooked,food_eggplant_raw"
pilot_recipe_final_047,Herb-Crusted Pork Sirloin Roast,Pork,Pork Loin,3,2 teaspoons minced garlic,,0,2,2.0,2.0,teaspoons,teaspoon,minced garlic,minced garlic,,0,0,0,0,parsed_clean,,,,,,exact_family_name,medium,review_needed,light_normalization_rule:minced garlic->garlic; exact food_family_name match; ambiguous_candidate_set,2,"food_garlic_powder_dried,food_garlic_roasted_baked"
pilot_recipe_final_048,Herb-Roasted Pork,Pork,Pork Loin,2,"1 clove garlic, minced",,0,1,1.0,1.0,clove,clove,"garlic, minced",garlic,minced,0,0,0,0,parsed_partial,preparation_note_from_commas,,,,,exact_family_name,medium,review_needed,exact food_family_name match; ambiguous_candidate_set,2,"food_garlic_powder_dried,food_garlic_roasted_baked"
pilot_recipe_final_048,Herb-Roasted Pork,Pork,Pork Loin,5,1 (5 pound) boneless pork loin,,0,1 (5 pound),1.0,1.0,,,boneless pork loin,pork loin,boneless,0,0,0,0,parsed_partial,pack_size_note; leading_parenthetical_note; leading_descriptor_removed; preparation_note_from_commas; count_without_measure_unit,,,,,exact_family_name,medium,review_needed,exact food_family_name match; ambiguous_candidate_set,2,"food_pork_loin_cooked,food_pork_loin_raw"
pilot_recipe_final_048,Herb-Roasted Pork,Pork,Pork Loin,8,¼ cup water,,0,1/4,0.25,0.25,cup,cup,water,water,,0,0,0,0,parsed_clean,,food_water_bottled,water_bottled,"Water, bottled",Water,exact_family_name,medium,review_needed,exact food_family_name match,1,food_water_bottled
pilot_recipe_final_049,Home-Fried Potatoes,Vegetarian,Vegetarian Breakfast And Brunch,3,"1 onion, chopped",,0,1,1.0,1.0,,,"onion, chopped",onion,chopped,0,0,0,0,parsed_partial,preparation_note_from_commas; count_without_measure_unit,,,,,exact_family_name,medium,review_needed,exact food_family_name match; ambiguous_candidate_set,4,"food_onion_cooked,food_onion_dried,food_onion_frozen_raw,food_onion_raw"
pilot_recipe_final_051,Hot Honey Grilled Carrots,Dinner,Side Dishes,1,1 pound carrots,,0,1,1.0,1.0,pound,pound,carrots,carrots,,0,0,0,0,parsed_clean,,,,,,family_fallback,low,review_needed,singularized food_family_name fallback; ambiguous_candidate_set,9,"food_carrot_boiled_cooked_in_water_crunchy,food_carrot_boiled_cooked_in_water_tender,food_carrot_canned_drained,food_carrot_cooked,food_carrot_dehydrated"
pilot_recipe_final_052,Hot Honey Shrimp,Main Dishes,Seafood Main Dishes,6,1 teaspoon minced garlic,,0,1,1.0,1.0,teaspoon,teaspoon,minced garlic,minced garlic,,0,0,0,0,parsed_clean,,,,,,exact_family_name,medium,review_needed,light_normalization_rule:minced garlic->garlic; exact food_family_name match; ambiguous_candidate_set,2,"food_garlic_powder_dried,food_garlic_roasted_baked"
pilot_recipe_final_052,Hot Honey Shrimp,Main Dishes,Seafood Main Dishes,8,1/4 cup water,,0,1/4,0.25,0.25,cup,cup,water,water,,0,0,0,0,parsed_clean,,food_water_bottled,water_bottled,"Water, bottled",Water,exact_family_name,medium,review_needed,exact food_family_name match,1,food_water_bottled
pilot_recipe_final_053,Italian Style Short Ribs,Beef Recipes,Beef Ribs,3,"2 pounds beef short ribs, cut into 2 inch pieces",,0,2,2.0,2.0,pounds,pound,"beef short ribs, cut into 2 inch pieces",beef short ribs,cut into 2 inch pieces,0,0,0,0,parsed_partial,preparation_note_from_commas,food_beef_short_ribs_raw,beef_short_ribs_raw,"Beef, short ribs, raw","Beef, short ribs",family_fallback,low,review_needed,normalized food_family_name fallback,1,food_beef_short_ribs_raw
pilot_recipe_final_054,Korean Barbecue Short Ribs Teriyaki,Beef Recipes,Beef Ribs,8,"2 pounds beef short ribs, cut flanken-style",,0,2,2.0,2.0,pounds,pound,"beef short ribs, cut flanken-style",beef short ribs,cut flanken-style,0,0,0,0,parsed_partial,preparation_note_from_commas,food_beef_short_ribs_raw,beef_short_ribs_raw,"Beef, short ribs, raw","Beef, short ribs",family_fallback,low,review_needed,normalized food_family_name fallback,1,food_beef_short_ribs_raw
pilot_recipe_final_057,Marinated Barbequed Vegetables,Vegetarian,Vegetarian Bbq & Grilling,1,"1 small eggplant, cut into 3/4 inch thick slices",,0,1,1.0,1.0,,,"small eggplant, cut into 3/4 inch thick slices",eggplant,small; cut into 3/4 inch thick slices,0,0,0,0,parsed_partial,size_descriptor_removed; preparation_note_from_commas; count_without_measure_unit,,,,,exact_family_name,medium,review_needed,exact food_family_name match; ambiguous_candidate_set,2,"food_eggplant_cooked,food_eggplant_raw"
pilot_recipe_final_057,Marinated Barbequed Vegetables,Vegetarian,Vegetarian Bbq & Grilling,8,"2 cloves garlic, peeled and minced",,0,2,2.0,2.0,cloves,clove,"garlic, peeled and minced",garlic,peeled and minced,0,0,0,0,parsed_partial,preparation_note_from_commas,,,,,exact_family_name,medium,review_needed,exact food_family_name match; ambiguous_candidate_set,2,"food_garlic_powder_dried,food_garlic_roasted_baked"
pilot_recipe_final_058,Marinated Tuna Steak,Main Dishes,Summer Main Dishes,6,"1 clove garlic, minced",,0,1,1.0,1.0,clove,clove,"garlic, minced",garlic,minced,0,0,0,0,parsed_partial,preparation_note_from_commas,,,,,exact_family_name,medium,review_needed,exact food_family_name match; ambiguous_candidate_set,2,"food_garlic_powder_dried,food_garlic_roasted_baked"
pilot_recipe_final_060,Miso Ramen Stir Fry,Dinner,Pasta Main Dishes,10,"sesame seeds,",,0,,,,,,sesame seeds,sesame seeds,,0,0,0,0,parsed_partial,missing_quantity,,,,,family_fallback,low,review_needed,singularized food_family_name fallback; ambiguous_candidate_set,2,"food_sesame_seed,food_sesame_seed_grilled_husked"
pilot_recipe_final_061,Miso Salmon,Main Dishes,Japanese Main Dishes,6,¼ cup water,,0,1/4,0.25,0.25,cup,cup,water,water,,0,0,0,0,parsed_clean,,food_water_bottled,water_bottled,"Water, bottled",Water,exact_family_name,medium,review_needed,exact food_family_name match,1,food_water_bottled
pilot_recipe_final_061,Miso Salmon,Main Dishes,Japanese Main Dishes,8,2 tablespoons sesame seeds,,0,2,2.0,2.0,tablespoons,tablespoon,sesame seeds,sesame seeds,,0,0,0,0,parsed_clean,,,,,,family_fallback,low,review_needed,singularized food_family_name fallback; ambiguous_candidate_set,2,"food_sesame_seed,food_sesame_seed_grilled_husked"
pilot_recipe_final_062,Mujaddara Arabic Lentil Rice,Vegetarian,Vegetarian Whole Grain,1,"2 3/4 cups water, divided",,0,2 3/4,2.75,2.75,cups,cup,"water, divided",water,divided,0,0,0,0,parsed_partial,preparation_note_from_commas,food_water_bottled,water_bottled,"Water, bottled",Water,exact_family_name,medium,review_needed,exact food_family_name match,1,food_water_bottled
pilot_recipe_final_063,Orange-Pineapple Pork Stir-Fry,Pork,Pork Stir-Fry,2,2 tablespoons water,,0,2,2.0,2.0,tablespoons,tablespoon,water,water,,0,0,0,0,parsed_clean,,food_water_bottled,water_bottled,"Water, bottled",Water,exact_family_name,medium,review_needed,exact food_family_name match,1,food_water_bottled
pilot_recipe_final_063,Orange-Pineapple Pork Stir-Fry,Pork,Pork Stir-Fry,3,1 ½ cups water,,0,1 1/2,1.5,1.5,cups,cup,water,water,,0,0,0,0,parsed_clean,,food_water_bottled,water_bottled,"Water, bottled",Water,exact_family_name,medium,review_needed,exact food_family_name match,1,food_water_bottled
pilot_recipe_final_063,Orange-Pineapple Pork Stir-Fry,Pork,Pork Stir-Fry,8,½ teaspoon minced garlic,,0,1/2,0.5,0.5,teaspoon,teaspoon,minced garlic,minced garlic,,0,0,0,0,parsed_clean,,,,,,exact_family_name,medium,review_needed,light_normalization_rule:minced garlic->garlic; exact food_family_name match; ambiguous_candidate_set,2,"food_garlic_powder_dried,food_garlic_roasted_baked"
pilot_recipe_final_064,Parsley and Parmesan Crusted Pork Tenderloin,Pork,Pork Tenderloin,1,cooking spray,,0,,,,,,cooking spray,cooking spray,,0,0,0,0,review_needed,missing_quantity; mapping_risk_line,,,,,no_match,low,review_needed,no_exact_or_normalized_match,0,
pilot_recipe_final_064,Parsley and Parmesan Crusted Pork Tenderloin,Pork,Pork Tenderloin,10,"2 cloves garlic, minced",,0,2,2.0,2.0,cloves,clove,"garlic, minced",garlic,minced,0,0,0,0,parsed_partial,preparation_note_from_commas,,,,,exact_family_name,medium,review_needed,exact food_family_name match; ambiguous_candidate_set,2,"food_garlic_powder_dried,food_garlic_roasted_baked"
pilot_recipe_final_065,Pizza Casserole,Beef Recipes,Beef Casserole,3,"1 onion, chopped",,0,1,1.0,1.0,,,"onion, chopped",onion,chopped,0,0,0,0,parsed_partial,preparation_note_from_commas; count_without_measure_unit,,,,,exact_family_name,medium,review_needed,exact food_family_name match; ambiguous_candidate_set,4,"food_onion_cooked,food_onion_dried,food_onion_frozen_raw,food_onion_raw"
pilot_recipe_final_065,Pizza Casserole,Beef Recipes,Beef Casserole,5,"2 cloves garlic, minced",,0,2,2.0,2.0,cloves,clove,"garlic, minced",garlic,minced,0,0,0,0,parsed_partial,preparation_note_from_commas,,,,,exact_family_name,medium,review_needed,exact food_family_name match; ambiguous_candidate_set,2,"food_garlic_powder_dried,food_garlic_roasted_baked"
pilot_recipe_final_065,Pizza Casserole,Beef Recipes,Beef Casserole,8,1/4 cup milk,,0,1/4,0.25,0.25,cup,cup,milk,milk,,0,0,0,0,parsed_clean,,,,,,exact_family_name,medium,review_needed,exact food_family_name match; ambiguous_candidate_set,3,"food_milk_powder_semi_skimmed,food_milk_powder_skimmed,food_milk_powder_whole"
pilot_recipe_final_066,Pork Tenderloin with Dijon Marsala Sauce,Pork,Pork Tenderloin,5,"2 shallots, minced",,0,2,2.0,2.0,,,"shallots, minced",shallots,minced,0,0,0,0,parsed_partial,preparation_note_from_commas; count_without_measure_unit,,,,,family_fallback,low,review_needed,singularized food_family_name fallback; ambiguous_candidate_set,3,"food_shallot_cooked,food_shallot_grilled_pan_fried_without_fat,food_shallot_raw"
pilot_recipe_final_068,Posole Soup,Mexican,Mexican Soups And Stews,1,2 pounds pork loin,,0,2,2.0,2.0,pounds,pound,pork loin,pork loin,,0,0,0,0,parsed_clean,,,,,,exact_family_name,medium,review_needed,exact food_family_name match; ambiguous_candidate_set,2,"food_pork_loin_cooked,food_pork_loin_raw"
pilot_recipe_final_068,Posole Soup,Mexican,Mexican Soups And Stews,3,water to cover,,0,,,,,,water to cover,water to cover,,0,0,0,0,review_needed,missing_quantity; mapping_risk_line,,,,,no_match,low,review_needed,no_exact_or_normalized_match,0,
pilot_recipe_final_068,Posole Soup,Mexican,Mexican Soups And Stews,6,½ cup shredded cabbage for garnish,,0,1/2,0.5,0.5,cup,cup,shredded cabbage,shredded cabbage,,0,1,0,0,review_needed,garnish_phrase,,,,,no_match,low,review_needed,no_exact_or_normalized_match,0,
pilot_recipe_final_068,Posole Soup,Mexican,Mexican Soups And Stews,8,1 tablespoon onion,,0,1,1.0,1.0,tablespoon,tablespoon,onion,onion,,0,0,0,0,parsed_clean,,,,,,exact_family_name,medium,review_needed,exact food_family_name match; ambiguous_candidate_set,4,"food_onion_cooked,food_onion_dried,food_onion_frozen_raw,food_onion_raw"
pilot_recipe_final_069,President Ford's Braised Eye Round Steak,Dinner,Beef Steaks,2,"2 large onions, sliced",,0,2,2.0,2.0,,,"large onions, sliced",onions,large; sliced,0,0,0,0,parsed_partial,size_descriptor_removed; preparation_note_from_commas; count_without_measure_unit,,,,,family_fallback,low,review_needed,singularized food_family_name fallback; ambiguous_candidate_set,4,"food_onion_cooked,food_onion_dried,food_onion_frozen_raw,food_onion_raw"
pilot_recipe_final_070,Quick Beef Stir-Fry,Main Dishes,Stir-Fries,5,"2 carrots, thinly sliced",,0,2,2.0,2.0,,,"carrots, thinly sliced",carrots,thinly sliced,0,0,0,0,parsed_partial,preparation_note_from_commas; count_without_measure_unit,,,,,family_fallback,low,review_needed,singularized food_family_name fallback; ambiguous_candidate_set,9,"food_carrot_boiled_cooked_in_water_crunchy,food_carrot_boiled_cooked_in_water_tender,food_carrot_canned_drained,food_carrot_cooked,food_carrot_dehydrated"
pilot_recipe_final_070,Quick Beef Stir-Fry,Main Dishes,Stir-Fries,7,1 teaspoon minced garlic,,0,1,1.0,1.0,teaspoon,teaspoon,minced garlic,minced garlic,,0,0,0,0,parsed_clean,,,,,,exact_family_name,medium,review_needed,light_normalization_rule:minced garlic->garlic; exact food_family_name match; ambiguous_candidate_set,2,"food_garlic_powder_dried,food_garlic_roasted_baked"
pilot_recipe_final_070,Quick Beef Stir-Fry,Main Dishes,Stir-Fries,9,"2 tablespoons sesame seeds, toasted",,0,2,2.0,2.0,tablespoons,tablespoon,"sesame seeds, toasted",sesame seeds,toasted,0,0,0,0,parsed_partial,preparation_note_from_commas,,,,,family_fallback,low,review_needed,singularized food_family_name fallback; ambiguous_candidate_set,2,"food_sesame_seed,food_sesame_seed_grilled_husked"
pilot_recipe_final_071,Quick Super-Delicious Zuppa Toscana,Italian,Italian Soups And Stews,4,"1 large onion, diced",,0,1,1.0,1.0,,,"large onion, diced",onion,large; diced,0,0,0,0,parsed_partial,size_descriptor_removed; preparation_note_from_commas; count_without_measure_unit,,,,,exact_family_name,medium,review_needed,exact food_family_name match; ambiguous_candidate_set,4,"food_onion_cooked,food_onion_dried,food_onion_frozen_raw,food_onion_raw"
pilot_recipe_final_071,Quick Super-Delicious Zuppa Toscana,Italian,Italian Soups And Stews,5,1 tablespoon minced garlic,,0,1,1.0,1.0,tablespoon,tablespoon,minced garlic,minced garlic,,0,0,0,0,parsed_clean,,,,,,exact_family_name,medium,review_needed,light_normalization_rule:minced garlic->garlic; exact food_family_name match; ambiguous_candidate_set,2,"food_garlic_powder_dried,food_garlic_roasted_baked"
pilot_recipe_final_071,Quick Super-Delicious Zuppa Toscana,Italian,Italian Soups And Stews,7,"6 potatoes, thinly sliced",,0,6,6.0,6.0,,,"potatoes, thinly sliced",potatoes,thinly sliced,0,0,0,0,parsed_partial,preparation_note_from_commas; count_without_measure_unit,,,,,family_fallback,low,review_needed,singularized food_family_name fallback; ambiguous_candidate_set,4,"food_potato_boiled_cooked_in_water,food_potato_canned_drained,food_potato_cooked,food_potato_roasted_baked"
pilot_recipe_final_072,Quick and Easy Chicken,Healthy Recipes,Dairy-Free Recipes,2,"1 onion, chopped",,0,1,1.0,1.0,,,"onion, chopped",onion,chopped,0,0,0,0,parsed_partial,preparation_note_from_commas; count_without_measure_unit,,,,,exact_family_name,medium,review_needed,exact food_family_name match; ambiguous_candidate_set,4,"food_onion_cooked,food_onion_dried,food_onion_frozen_raw,food_onion_raw"
pilot_recipe_final_073,Red Pepper Soup,Healthy Recipes,Weight-Loss Recipes,3,"1 onion, chopped",,0,1,1.0,1.0,,,"onion, chopped",onion,chopped,0,0,0,0,parsed_partial,preparation_note_from_commas; count_without_measure_unit,,,,,exact_family_name,medium,review_needed,exact food_family_name match; ambiguous_candidate_set,4,"food_onion_cooked,food_onion_dried,food_onion_frozen_raw,food_onion_raw"
pilot_recipe_final_073,Red Pepper Soup,Healthy Recipes,Weight-Loss Recipes,4,"4 cloves garlic, minced",,0,4,4.0,4.0,cloves,clove,"garlic, minced",garlic,minced,0,0,0,0,parsed_partial,preparation_note_from_commas,,,,,exact_family_name,medium,review_needed,exact food_family_name match; ambiguous_candidate_set,2,"food_garlic_powder_dried,food_garlic_roasted_baked"
pilot_recipe_final_074,Restaurant-Style Prime Rib Roast,Main Dishes,Roasts,2,aluminum foil,,0,,,,,,aluminum foil,aluminum foil,,0,0,0,0,review_needed,missing_quantity; mapping_risk_line,,,,,no_match,low,review_needed,no_exact_or_normalized_match,0,
pilot_recipe_final_075,Rich Italian Sausage and Potato Soup,Italian,Italian Soups And Stews,2,¾ cup chopped onion,,0,3/4,0.75,0.75,cup,cup,chopped onion,chopped onion,,0,0,0,0,parsed_clean,,,,,,exact_family_name,medium,review_needed,light_normalization_rule:chopped onion->onion; exact food_family_name match; ambiguous_candidate_set,4,"food_onion_cooked,food_onion_dried,food_onion_frozen_raw,food_onion_raw"
pilot_recipe_final_075,Rich Italian Sausage and Potato Soup,Italian,Italian Soups And Stews,4,"1 ¼ teaspoons garlic, minced",,0,1 1/4,1.25,1.25,teaspoons,teaspoon,"garlic, minced",garlic,minced,0,0,0,0,parsed_partial,preparation_note_from_commas,,,,,exact_family_name,medium,review_needed,exact food_family_name match; ambiguous_candidate_set,2,"food_garlic_powder_dried,food_garlic_roasted_baked"
pilot_recipe_final_075,Rich Italian Sausage and Potato Soup,Italian,Italian Soups And Stews,6,4 cups water,,0,4,4.0,4.0,cups,cup,water,water,,0,0,0,0,parsed_clean,,food_water_bottled,water_bottled,"Water, bottled",Water,exact_family_name,medium,review_needed,exact food_family_name match,1,food_water_bottled
pilot_recipe_final_075,Rich Italian Sausage and Potato Soup,Italian,Italian Soups And Stews,7,"2 potatoes, cubed",,0,2,2.0,2.0,,,"potatoes, cubed",potatoes,cubed,0,0,0,0,parsed_partial,preparation_note_from_commas; count_without_measure_unit,,,,,family_fallback,low,review_needed,singularized food_family_name fallback; ambiguous_candidate_set,4,"food_potato_boiled_cooked_in_water,food_potato_canned_drained,food_potato_cooked,food_potato_roasted_baked"
pilot_recipe_final_076,Serbian Ćevapčići,Beef Recipes,Bbq & Grilled Beef,4,1 egg white,,0,1,1.0,1.0,,,egg white,egg white,,0,0,0,0,parsed_partial,count_without_measure_unit,,,,,exact_family_name,medium,review_needed,exact food_family_name match; ambiguous_candidate_set,3,"food_egg_white_cooked,food_egg_white_powder,food_egg_white_raw"
pilot_recipe_final_076,Serbian Ćevapčići,Beef Recipes,Bbq & Grilled Beef,5,"4 cloves garlic, minced",,0,4,4.0,4.0,cloves,clove,"garlic, minced",garlic,minced,0,0,0,0,parsed_partial,preparation_note_from_commas,,,,,exact_family_name,medium,review_needed,exact food_family_name match; ambiguous_candidate_set,2,"food_garlic_powder_dried,food_garlic_roasted_baked"
pilot_recipe_final_077,Sheet Pan Halibut with Orange and Fennel,Dinner,Sheet Pan Dinners,1,"1 pound fennel,",,0,1,1.0,1.0,pound,pound,fennel,fennel,,0,0,0,0,parsed_clean,,,,,,exact_family_name,medium,review_needed,exact food_family_name match; ambiguous_candidate_set,2,"food_fennel_boiled_cooked_in_water,food_fennel_raw"
pilot_recipe_final_077,Sheet Pan Halibut with Orange and Fennel,Dinner,Sheet Pan Dinners,3,1 tablespoon garlic,,0,1,1.0,1.0,tablespoon,tablespoon,garlic,garlic,,0,0,0,0,parsed_clean,,,,,,exact_family_name,medium,review_needed,exact food_family_name match; ambiguous_candidate_set,2,"food_garlic_powder_dried,food_garlic_roasted_baked"
pilot_recipe_final_077,Sheet Pan Halibut with Orange and Fennel,Dinner,Sheet Pan Dinners,9,"fresh parsley, for garnish",,0,,,,,,fresh parsley,fresh parsley,,0,1,0,0,review_needed,missing_quantity; garnish_phrase,,,,,no_match,low,review_needed,no_exact_or_normalized_match,0,
pilot_recipe_final_078,Sheet Pan Lemon Balsamic Chicken and Potatoes,Dinner,Sheet Pan Dinners,8,2 cloves garlic,,0,2,2.0,2.0,cloves,clove,garlic,garlic,,0,0,0,0,parsed_clean,,,,,,exact_family_name,medium,review_needed,exact food_family_name match; ambiguous_candidate_set,2,"food_garlic_powder_dried,food_garlic_roasted_baked"
pilot_recipe_final_079,Sheet Pan Salmon and Veggies,Dinner,Sheet Pan Dinners,7,"6 cloves garlic, chopped",,0,6,6.0,6.0,cloves,clove,"garlic, chopped",garlic,chopped,0,0,0,0,parsed_partial,preparation_note_from_commas,,,,,exact_family_name,medium,review_needed,exact food_family_name match; ambiguous_candidate_set,2,"food_garlic_powder_dried,food_garlic_roasted_baked"
pilot_recipe_final_080,Simple Slow Roast Chicken,Dinner,Baked And Roasted Chicken,9,"1 onion, quartered",,0,1,1.0,1.0,,,"onion, quartered",onion,quartered,0,0,0,0,parsed_partial,preparation_note_from_commas; count_without_measure_unit,,,,,exact_family_name,medium,review_needed,exact food_family_name match; ambiguous_candidate_set,4,"food_onion_cooked,food_onion_dried,food_onion_frozen_raw,food_onion_raw"
pilot_recipe_final_083,Steak Chimichurri Dense Bean Salad,Dinner,Beef Steaks,3,2 cloves garlic,,0,2,2.0,2.0,cloves,clove,garlic,garlic,,0,0,0,0,parsed_clean,,,,,,exact_family_name,medium,review_needed,exact food_family_name match; ambiguous_candidate_set,2,"food_garlic_powder_dried,food_garlic_roasted_baked"
pilot_recipe_final_084,Strawberry Spinach Salad,Healthy Recipes,Low-Sodium Recipes,4,2 tablespoons sesame seeds,,0,2,2.0,2.0,tablespoons,tablespoon,sesame seeds,sesame seeds,,0,0,0,0,parsed_clean,,,,,,family_fallback,low,review_needed,singularized food_family_name fallback; ambiguous_candidate_set,2,"food_sesame_seed,food_sesame_seed_grilled_husked"
pilot_recipe_final_085,Sweet Chili Chicken with Creamy Lime Sauce,Dinner,Main Dishes,8,1 pound chicken breast,,0,1,1.0,1.0,pound,pound,chicken breast,chicken breast,,0,0,0,0,parsed_clean,,,,,,family_fallback,low,review_needed,normalized food_family_name fallback; ambiguous_candidate_set,5,"food_chicken_breast_without_skin_cooked,food_chicken_breast_without_skin_cooked_organic,food_chicken_breast_without_skin_raw,food_chicken_breast_without_skin_raw_label_rouge,food_chicken_breast_without_skin_raw_organic"
pilot_recipe_final_086,Sweet and Sour Ground Pork Stir-Fry,Pork,Pork Stir-Fry,2,"1 onion, sliced",,0,1,1.0,1.0,,,"onion, sliced",onion,sliced,0,0,0,0,parsed_partial,preparation_note_from_commas; count_without_measure_unit,,,,,exact_family_name,medium,review_needed,exact food_family_name match; ambiguous_candidate_set,4,"food_onion_cooked,food_onion_dried,food_onion_frozen_raw,food_onion_raw"
pilot_recipe_final_086,Sweet and Sour Ground Pork Stir-Fry,Pork,Pork Stir-Fry,3,"2 carrots, peeled and sliced",,0,2,2.0,2.0,,,"carrots, peeled and sliced",carrots,peeled and sliced,0,0,0,0,parsed_partial,preparation_note_from_commas; count_without_measure_unit,,,,,family_fallback,low,review_needed,singularized food_family_name fallback; ambiguous_candidate_set,9,"food_carrot_boiled_cooked_in_water_crunchy,food_carrot_boiled_cooked_in_water_tender,food_carrot_canned_drained,food_carrot_cooked,food_carrot_dehydrated"
pilot_recipe_final_087,Texas Chicken Quesadillas,Mexican,Quesadillas,2,"1 onion, sliced into rings",,0,1,1.0,1.0,,,"onion, sliced into rings",onion,sliced into rings,0,0,0,0,parsed_partial,preparation_note_from_commas; count_without_measure_unit,,,,,exact_family_name,medium,review_needed,exact food_family_name match; ambiguous_candidate_set,4,"food_onion_cooked,food_onion_dried,food_onion_frozen_raw,food_onion_raw"
pilot_recipe_final_088,The Real Deal Korean Beef Ribs,Beef Recipes,Beef Ribs,5,2 tablespoons minced garlic,,0,2,2.0,2.0,tablespoons,tablespoon,minced garlic,minced garlic,,0,0,0,0,parsed_clean,,,,,,exact_family_name,medium,review_needed,light_normalization_rule:minced garlic->garlic; exact food_family_name match; ambiguous_candidate_set,2,"food_garlic_powder_dried,food_garlic_roasted_baked"
pilot_recipe_final_088,The Real Deal Korean Beef Ribs,Beef Recipes,Beef Ribs,7,3 tablespoons water,,0,3,3.0,3.0,tablespoons,tablespoon,water,water,,0,0,0,0,parsed_clean,,food_water_bottled,water_bottled,"Water, bottled",Water,exact_family_name,medium,review_needed,exact food_family_name match,1,food_water_bottled
pilot_recipe_final_089,Vegan Sweet Potato and Bean Burritos,Mexican,Burritos,1,"1 cup sweet potato, peeled and cut into 1/4-inch cubes",,0,1,1.0,1.0,cup,cup,"sweet potato, peeled and cut into 1/4-inch cubes",sweet potato,peeled and cut into 1/4-inch cubes,0,0,0,0,parsed_partial,preparation_note_from_commas,,,,,exact_family_name,medium,review_needed,exact food_family_name match; ambiguous_candidate_set,2,"food_sweet_potato_cooked,food_sweet_potato_raw"
pilot_recipe_final_090,Vegetable Quesadillas,Mexican,Quesadillas,4,"1 carrot, chopped",,0,1,1.0,1.0,,,"carrot, chopped",carrot,chopped,0,0,0,0,parsed_partial,preparation_note_from_commas; count_without_measure_unit,,,,,exact_family_name,medium,review_needed,exact food_family_name match; ambiguous_candidate_set,9,"food_carrot_boiled_cooked_in_water_crunchy,food_carrot_boiled_cooked_in_water_tender,food_carrot_canned_drained,food_carrot_cooked,food_carrot_dehydrated"
pilot_recipe_final_091,Vegetarian Pho (Vietnamese Noodle Soup),Vegetarian,Vegetarian Protein,2,"1 onion, peeled and halved",,0,1,1.0,1.0,,,"onion, peeled and halved",onion,peeled and halved,0,0,0,0,parsed_partial,preparation_note_from_commas; count_without_measure_unit,,,,,exact_family_name,medium,review_needed,exact food_family_name match; ambiguous_candidate_set,4,"food_onion_cooked,food_onion_dried,food_onion_frozen_raw,food_onion_raw"
pilot_recipe_final_091,Vegetarian Pho (Vietnamese Noodle Soup),Vegetarian,Vegetarian Protein,4,"8 cloves garlic, coarsely chopped",,0,8,8.0,8.0,cloves,clove,"garlic, coarsely chopped",garlic,coarsely chopped,0,0,0,0,parsed_partial,preparation_note_from_commas,,,,,exact_family_name,medium,review_needed,exact food_family_name match; ambiguous_candidate_set,2,"food_garlic_powder_dried,food_garlic_roasted_baked"
pilot_recipe_final_092,Veggie Quinoa,Vegetarian,Vegetarian Whole Grain,4,2 teaspoons minced garlic,,0,2,2.0,2.0,teaspoons,teaspoon,minced garlic,minced garlic,,0,0,0,0,parsed_clean,,,,,,exact_family_name,medium,review_needed,light_normalization_rule:minced garlic->garlic; exact food_family_name match; ambiguous_candidate_set,2,"food_garlic_powder_dried,food_garlic_roasted_baked"
pilot_recipe_final_093,Zesty Carnitas Tacos,Mexican,Mexican Slow Cooker Recipes,2,½ cup chopped onion,,0,1/2,0.5,0.5,cup,cup,chopped onion,chopped onion,,0,0,0,0,parsed_clean,,,,,,exact_family_name,medium,review_needed,light_normalization_rule:chopped onion->onion; exact food_family_name match; ambiguous_candidate_set,4,"food_onion_cooked,food_onion_dried,food_onion_frozen_raw,food_onion_raw"
pilot_recipe_final_094,Best Ever Split Pea Soup,Vegetarian,Vegetarian Soups And Stews,2,2 cups chopped onion,,0,2,2.0,2.0,cups,cup,chopped onion,chopped onion,,0,0,0,0,parsed_clean,,,,,,exact_family_name,medium,review_needed,light_normalization_rule:chopped onion->onion; exact food_family_name match; ambiguous_candidate_set,4,"food_onion_cooked,food_onion_dried,food_onion_frozen_raw,food_onion_raw"
pilot_recipe_final_094,Best Ever Split Pea Soup,Vegetarian,Vegetarian Soups And Stews,5,1 ½ teaspoons minced garlic,,0,1 1/2,1.5,1.5,teaspoons,teaspoon,minced garlic,minced garlic,,0,0,0,0,parsed_clean,,,,,,exact_family_name,medium,review_needed,light_normalization_rule:minced garlic->garlic; exact food_family_name match; ambiguous_candidate_set,2,"food_garlic_powder_dried,food_garlic_roasted_baked"
pilot_recipe_final_095,Black Beans and Rice,Dinner,Vegetarian Main Dishes,2,"1 onion, chopped",,0,1,1.0,1.0,,,"onion, chopped",onion,chopped,0,0,0,0,parsed_partial,preparation_note_from_commas; count_without_measure_unit,,,,,exact_family_name,medium,review_needed,exact food_family_name match; ambiguous_candidate_set,4,"food_onion_cooked,food_onion_dried,food_onion_frozen_raw,food_onion_raw"
pilot_recipe_final_095,Black Beans and Rice,Dinner,Vegetarian Main Dishes,3,"2 cloves garlic, minced",,0,2,2.0,2.0,cloves,clove,"garlic, minced",garlic,minced,0,0,0,0,parsed_partial,preparation_note_from_commas,,,,,exact_family_name,medium,review_needed,exact food_family_name match; ambiguous_candidate_set,2,"food_garlic_powder_dried,food_garlic_roasted_baked"
pilot_recipe_final_097,Easy Black Bean Soup for Two,Dinner,Cooking For Two,2,1/2 cup onion,,0,1/2,0.5,0.5,cup,cup,onion,onion,,0,0,0,0,parsed_clean,,,,,,exact_family_name,medium,review_needed,exact food_family_name match; ambiguous_candidate_set,4,"food_onion_cooked,food_onion_dried,food_onion_frozen_raw,food_onion_raw"
pilot_recipe_final_097,Easy Black Bean Soup for Two,Dinner,Cooking For Two,6,1/4 teaspoon oregano,,0,1/4,0.25,0.25,teaspoon,teaspoon,oregano,oregano,,0,0,0,0,parsed_clean,,food_oregano_dried,oregano_dried,"Oregano, dried",Oregano,exact_family_name,medium,review_needed,exact food_family_name match,1,food_oregano_dried
pilot_recipe_final_097,Easy Black Bean Soup for Two,Dinner,Cooking For Two,8,1 1/2 cups water,,0,1 1/2,1.5,1.5,cups,cup,water,water,,0,0,0,0,parsed_clean,,food_water_bottled,water_bottled,"Water, bottled",Water,exact_family_name,medium,review_needed,exact food_family_name match,1,food_water_bottled
pilot_recipe_final_097,Easy Black Bean Soup for Two,Dinner,Cooking For Two,9,"salt, to taste",,0,,,,,,salt,salt,,0,0,1,0,review_needed,missing_quantity; alternative_phrase,,,,,no_match,low,review_needed,no_exact_or_normalized_match,0,
pilot_recipe_final_099,Italian Wedding Soup,Main Dishes,Main Dish Soups And Stews,2,"1 large egg, lightly beaten",,0,1,1.0,1.0,,,"large egg, lightly beaten",egg,large; lightly beaten,0,0,0,0,parsed_partial,size_descriptor_removed; preparation_note_from_commas; count_without_measure_unit,,,,,exact_family_name,medium,review_needed,exact food_family_name match; ambiguous_candidate_set,4,"food_egg_fried_salted,food_egg_fried_without_added_fat,food_egg_powder,food_egg_raw"
pilot_recipe_final_100,"Kale, Quinoa, and Avocado Salad with Lemon Dijon Vinaigrette",Dinner,Main Dish Salads,1,1 ⅓ cups water,,0,1 1/3,1.3333333333333333,1.3333333333333333,cups,cup,water,water,,0,0,0,0,parsed_clean,,food_water_bottled,water_bottled,"Water, bottled",Water,exact_family_name,medium,review_needed,exact food_family_name match,1,food_water_bottled
pilot_recipe_final_100,"Kale, Quinoa, and Avocado Salad with Lemon Dijon Vinaigrette",Dinner,Main Dish Salads,2,⅔ cup quinoa,,0,2/3,0.6666666666666666,0.6666666666666666,cup,cup,quinoa,quinoa,,0,0,0,0,parsed_clean,,,,,,exact_family_name,medium,review_needed,exact food_family_name match; ambiguous_candidate_set,2,"food_quinoa_boiled_cooked_in_water_unsalted,food_quinoa_raw"
pilot_recipe_final_101,Mediterranean Lentil Salad,Vegetarian,Vegan Recipes,4,"2 cloves garlic, minced",,0,2,2.0,2.0,cloves,clove,"garlic, minced",garlic,minced,0,0,0,0,parsed_partial,preparation_note_from_commas,,,,,exact_family_name,medium,review_needed,exact food_family_name match; ambiguous_candidate_set,2,"food_garlic_powder_dried,food_garlic_roasted_baked"
pilot_recipe_final_103,Oven Roasted Potatoes,Vegetarian,Vegetarian Side Dishes,2,1 tablespoon minced garlic,,0,1,1.0,1.0,tablespoon,tablespoon,minced garlic,minced garlic,,0,0,0,0,parsed_clean,,,,,,exact_family_name,medium,review_needed,light_normalization_rule:minced garlic->garlic; exact food_family_name match; ambiguous_candidate_set,2,"food_garlic_powder_dried,food_garlic_roasted_baked"
pilot_recipe_final_103,Oven Roasted Potatoes,Vegetarian,Vegetarian Side Dishes,11,"4 large potatoes, peeled and cubed",,0,4,4.0,4.0,,,"large potatoes, peeled and cubed",potatoes,large; peeled and cubed,0,0,0,0,parsed_partial,size_descriptor_removed; preparation_note_from_commas; count_without_measure_unit,,,,,family_fallback,low,review_needed,singularized food_family_name fallback; ambiguous_candidate_set,4,"food_potato_boiled_cooked_in_water,food_potato_canned_drained,food_potato_cooked,food_potato_roasted_baked"
pilot_recipe_final_104,Slow Cooker Vegetarian Curry,Vegetarian,Vegetarian Slow Cooker Recipes,1,"1 head cauliflower, chopped",,0,1,1.0,1.0,head,head,"cauliflower, chopped",cauliflower,chopped,0,0,0,0,parsed_partial,preparation_note_from_commas,,,,,exact_family_name,medium,review_needed,exact food_family_name match; ambiguous_candidate_set,5,"food_cauliflower_cooked,food_cauliflower_frozen_cooked,food_cauliflower_frozen_raw,food_cauliflower_raw,food_cauliflower_steamed"
pilot_recipe_final_104,Slow Cooker Vegetarian Curry,Vegetarian,Vegetarian Slow Cooker Recipes,3,"3 potatoes, chopped",,0,3,3.0,3.0,,,"potatoes, chopped",potatoes,chopped,0,0,0,0,parsed_partial,preparation_note_from_commas; count_without_measure_unit,,,,,family_fallback,low,review_needed,singularized food_family_name fallback; ambiguous_candidate_set,4,"food_potato_boiled_cooked_in_water,food_potato_canned_drained,food_potato_cooked,food_potato_roasted_baked"
pilot_recipe_final_104,Slow Cooker Vegetarian Curry,Vegetarian,Vegetarian Slow Cooker Recipes,4,"3 tomatoes, chopped",,0,3,3.0,3.0,,,"tomatoes, chopped",tomatoes,chopped,0,0,0,0,parsed_partial,preparation_note_from_commas; count_without_measure_unit,,,,,family_fallback,low,review_needed,singularized food_family_name fallback; ambiguous_candidate_set,4,"food_tomato_dried,food_tomato_raw,food_tomato_roasted_baked,food_tomato_roasted_baked_with_skin"
pilot_recipe_final_104,Slow Cooker Vegetarian Curry,Vegetarian,Vegetarian Slow Cooker Recipes,5,1 cup water,,0,1,1.0,1.0,cup,cup,water,water,,0,0,0,0,parsed_clean,,food_water_bottled,water_bottled,"Water, bottled",Water,exact_family_name,medium,review_needed,exact food_family_name match,1,food_water_bottled
pilot_recipe_final_105,Tofu Broccoli Stir-Fry,Vegetarian,Vegetarian,2,12 ounces tofu,,0,12,12.0,12.0,ounces,ounce,tofu,tofu,,0,0,0,0,parsed_clean,,,,,,exact_family_name,medium,review_needed,exact food_family_name match; ambiguous_candidate_set,2,"food_tofu_plain,food_tofu_smoked"
pilot_recipe_final_105,Tofu Broccoli Stir-Fry,Vegetarian,Vegetarian,5,12 ounces broccoli,,0,12,12.0,12.0,ounces,ounce,broccoli,broccoli,,0,0,0,0,parsed_clean,,,,,,exact_family_name,medium,review_needed,exact food_family_name match; ambiguous_candidate_set,7,"food_broccoli_boiled_cooked_in_water_crunchy,food_broccoli_boiled_cooked_in_water_tender,food_broccoli_cooked,food_broccoli_frozen_cooked,food_broccoli_frozen_raw"
pilot_recipe_final_105,Tofu Broccoli Stir-Fry,Vegetarian,Vegetarian,8,1/3 cup water,,0,1/3,0.3333333333333333,0.3333333333333333,cup,cup,water,water,,0,0,0,0,parsed_clean,,food_water_bottled,water_bottled,"Water, bottled",Water,exact_family_name,medium,review_needed,exact food_family_name match,1,food_water_bottled
pilot_recipe_final_106,Vegan Broccoli Soup,Vegetarian,Vegetarian Soups And Stews,4,"1 onion, finely chopped",,0,1,1.0,1.0,,,"onion, finely chopped",onion,finely chopped,0,0,0,0,parsed_partial,preparation_note_from_commas; count_without_measure_unit,,,,,exact_family_name,medium,review_needed,exact food_family_name match; ambiguous_candidate_set,4,"food_onion_cooked,food_onion_dried,food_onion_frozen_raw,food_onion_raw"
